time,id,group1,group2,name,runtime,lang,num_atts,sub_atts,score,tests,passed,comp_err,rt_err,wrong_output,time_limit,mem_limit,other_err,error_msg,
2023-11-11T12:52:35.093,e5acd5e5-9ce7-11ec-986f-f39926f24a9c,Programming I and II,,(title in AnonLang),cs-dotnet-core,al,0,0,0,1,0,0,1,0,0,0,0,,
2023-11-11T12:52:57.490,6d76ace8-9d58-11ec-986f-f39926f24a9c,Programming I and II,,(title in AnonLang),cs-dotnet-core,al,0,0,1,3,3,0,0,0,0,0,0,,
2023-11-11T12:53:07.520,aaada71f-f359-11e9-9ce9-00505601122b,Programming I and II,,(title in AnonLang),python3,al,0,0,1,4,4,0,0,0,0,0,0,,
2023-11-11T12:53:27.924,c2ef29b9-2059-11ec-986f-f39926f24a9c,Programming I and II,,Sum of two integers,cs-dotnet-core,en,0,0,0,3,0,3,0,0,0,0,0,,
2023-11-11T12:54:01.484,b3550c17-f366-11e9-9ce9-00505601122b,Programming I and II,,(title in AnonLang),python3,al,0,0,0.2,5,1,0,0,4,0,0,0,,
2023-11-11T12:54:15.242,97e6a026-a7b3-11e7-a937-00505601122b,Programming I and II,,(title in AnonLang),cs-dotnet-core,en,0,0,0,4,0,4,0,0,0,0,0,,
2023-11-11T12:54:26.483,b53b9a0d-e054-11e9-9ce9-00505601122b,Programming I and II,,(title in AnonLang),python3,al,0,0,1,5,5,0,0,0,0,0,0,,
2023-11-11T12:56:47.813,5342433c-f7bf-11e9-9ce9-00505601122b,Programming I and II,,(title in AnonLang),python3,al,0,0,0,5,0,0,5,0,0,0,0,,
2023-11-11T12:57:01.300,5a661077-3302-11ec-986f-f39926f24a9c,Programming I and II,Introduction to Algorithms,(title in AnonLang),python3,al,0,0,1,5,5,0,0,0,0,0,0,,
2023-11-11T12:59:35.947,7b549a71-8d20-11e9-b0fd-00505601122b,Programming I and II,,(title in AnonLang),python3,al,0,0,0,8,0,0,0,8,0,0,0,,
2023-11-11T12:59:50.628,39350fd0-a814-11e7-a937-00505601122b,Programming I and II,,Copy machine for numbers,c-gcc-linux,en,0,0,0,4,0,0,0,4,0,0,0,,
2023-11-11T13:00:06.855,61022673-e889-11e9-9ce9-00505601122b,Programming I and II,,(title in AnonLang),python3,al,0,0,0,10,0,0,0,10,0,0,0,,
2023-11-11T13:00:35.783,ce2f6db1-3e13-11ec-986f-f39926f24a9c,Introduction to Algorithms,,(title in AnonLang),python3,al,0,0,1,6,6,0,0,0,0,0,0,,
2023-11-11T13:00:41.051,7cb23ad4-e051-11e9-9ce9-00505601122b,Programming I and II,,(title in AnonLang),python3,al,0,0,1,4,4,0,0,0,0,0,0,,
2023-11-11T13:00:47.087,da2692cd-a7b1-11e7-a937-00505601122b,Programming I and II,,(title in AnonLang),python3,al,0,0,1,5,5,0,0,0,0,0,0,,
2023-11-11T13:03:23.503,3a353dbe-38c3-11ec-986f-f39926f24a9c,Introduction to Algorithms,,(title in AnonLang),python3,al,0,0,0.17,6,1,0,0,4,0,1,0,,
2023-11-11T13:03:34.913,0acd614b-5276-11ea-a595-00505601122b,Non-Procedural Programming,,Rotate a list,prolog,en,0,0,0.2,5,1,0,0,3,1,0,0,,
2023-11-11T13:03:44.100,1fe85de9-25b3-11ec-986f-f39926f24a9c,Programming I and II,,(title in AnonLang),python3,al,0,0,1,3,3,0,0,0,0,0,0,,
2023-11-11T13:05:10.453,8e13813d-e880-11e9-9ce9-00505601122b,Programming I and II,,(title in AnonLang),python3,al,0,0,0,5,0,0,0,5,0,0,0,,
2023-11-11T13:06:16.381,8330de2c-4dd1-11ec-986f-f39926f24a9c,Introduction to Algorithms,,Sorted linked lists,python3,en,1,1,0.6,10,6,0,0,4,0,0,0,,
2023-11-11T13:06:28.917,24b97e78-2036-11ec-986f-f39926f24a9c,Programming I and II,,(title in AnonLang),python3,al,0,0,0.33,3,1,0,2,0,0,0,0,,
2023-11-11T13:07:02.428,69716b0c-a88d-11e7-a937-00505601122b,Programming I and II,,All correct bracketings,python3,en,0,0,0,5,0,0,5,0,0,0,0,,
2023-11-11T13:07:57.989,0d347e1e-a814-11e7-a937-00505601122b,Programming I and II,,(title in AnonLang),c-gcc-linux,al,0,0,0,4,0,4,0,0,0,0,0,,
2023-11-11T13:08:05.153,81b2eec0-a7b3-11e7-a937-00505601122b,Programming I and II,,(title in AnonLang),python3,al,0,0,1,6,6,0,0,0,0,0,0,,
2023-11-11T13:08:26.559,64a9972c-ea9f-11e9-9ce9-00505601122b,Programming I and II,,(title in AnonLang),python3,al,0,0,0.67,15,10,0,0,5,0,0,0,,
2023-11-11T13:10:36.594,00c64bbc-28de-11ec-986f-f39926f24a9c,Programming I and II,,(title in AnonLang),python3,al,0,0,0,6,0,0,0,6,0,0,0,,
2023-11-11T13:10:42.991,08deab74-85f8-11eb-a1a9-005056ad4f31,Programming I and II,,(title in AnonLang),python3,al,0,0,0,5,0,0,5,0,0,0,0,,
2023-11-11T13:11:11.281,e5ce30fb-3c22-11ec-986f-f39926f24a9c,Programming I and II,,(title in AnonLang),python3,al,0,0,0.9,11,10,0,0,1,0,0,0,,
2023-11-11T13:11:53.890,91e0cb16-34ad-42b0-b17c-39a8e0747a47,Programming I and II,,Fibonacci numbers,python3,en,0,0,0,10,0,0,0,10,0,0,0,,
2023-11-11T13:12:05.262,0f783909-2eb1-11ec-986f-f39926f24a9c,Programming I and II,,(title in AnonLang),python3,al,0,0,0,3,0,0,0,3,0,0,0,,
2023-11-11T13:12:28.807,3485ea4f-7205-11ec-986f-f39926f24a9c,Introduction to Algorithms,,(title in AnonLang),python3,al,0,0,0,4,0,0,4,0,0,0,0,,
2023-11-11T13:12:46.536,62597d41-5272-11ea-a595-00505601122b,Non-Procedural Programming,,Disjoint split,prolog,en,0,0,0,4,0,0,0,4,0,0,0,,
2023-11-11T13:13:10.064,1076ec35-90b8-11ec-986f-f39926f24a9c,Non-Procedural Programming,,(title in AnonLang),prolog,al,0,0,0,7,0,0,7,0,0,0,0,,
2023-11-11T13:13:22.876,bb1a0d53-f366-11e9-9ce9-00505601122b,Programming I and II,,(title in AnonLang),python3,al,0,0,0,4,0,0,4,0,0,0,0,,
2023-11-11T13:13:39.945,0753f090-a88c-11e7-a937-00505601122b,Programming I and II,,Prime factorization,cs-dotnet-core,en,0,0,1,10,10,0,0,0,0,0,0,,
2023-11-11T13:13:45.687,bd877440-85fa-11eb-a1a9-005056ad4f31,Programming I and II,,(title in AnonLang),python3,al,0,0,0,5,0,0,5,0,0,0,0,,
2023-11-11T13:14:01.060,85eb2866-a7b3-11e7-a937-00505601122b,Programming I and II,,(title in AnonLang),python3,al,0,0,0.17,6,1,0,0,5,0,0,0,,
2023-11-11T13:14:08.846,76a7adc9-a88f-11e7-a937-00505601122b,Programming I and II,,Decomposition into sums,python3,en,0,0,0,5,0,0,0,5,0,0,0,,
2023-11-11T13:14:15.937,dce3b48b-2858-11ec-986f-f39926f24a9c,Programming I and II,,(title in AnonLang),python3,al,0,0,1,4,4,0,0,0,0,0,0,,
2023-11-11T13:14:33.995,27f84afa-30da-11ea-9ce9-00505601122b,Programming I and II,,(title in AnonLang),python3,al,0,0,0,5,0,0,0,5,0,0,0,,
2023-11-11T13:14:49.280,f2db7c11-a88f-11e7-a937-00505601122b,Programming I and II,,(title in AnonLang),cs-dotnet-core,al,0,0,0.6,5,3,0,0,2,0,0,0,,
2023-11-11T13:15:05.202,ae449043-96fa-11eb-a1a9-005056ad4f31,Non-Procedural Programming,,Googolplex,haskell,en,0,0,0,5,0,5,0,0,0,0,0,,
2023-11-11T13:15:29.417,b45aa570-15f7-11eb-8e81-005056ad4f31,Programming I and II,,(title in AnonLang),python3,al,0,0,0,3,0,0,0,3,0,0,0,,
2023-11-11T13:15:37.950,4c965b5e-3443-11ec-986f-f39926f24a9c,Programming I and II,,Most frequent element in a sequence,python3,en,0,0,1,3,3,0,0,0,0,0,0,,
2023-11-11T13:15:58.829,ebd60ef2-ce02-11e8-a4be-00505601122b,Programming in C++,,(title in AnonLang),cxx-gcc-linux,al,0,0,0.83,6,5,0,0,1,0,0,0,,
2023-11-11T14:23:41.265,f267dc1a-a810-11e7-a937-00505601122b,Programming I and II,,Second largest number,c-gcc-linux,en,0,0,0.64,11,7,0,0,4,0,0,0,,
2023-11-11T14:24:21.456,49420b9a-026a-11eb-9574-ea7484399335,Programming I and II,,A Tie in Noughts and Crosses II,python3,en,0,0,0,9,0,0,3,6,0,0,0,,
2023-11-11T14:24:37.498,2a3ac276-85f4-11eb-a1a9-005056ad4f31,Programming I and II,,(title in AnonLang),python3,al,0,0,0,5,0,0,5,0,0,0,0,,
2023-11-11T14:24:57.741,8bf543e9-328f-11ec-986f-f39926f24a9c,Introduction to Algorithms,,(title in AnonLang),python3,al,0,0,0,7,0,0,7,0,0,0,0,,
2023-11-11T14:25:17.180,4db997b3-458a-11ec-986f-f39926f24a9c,Programming I and II,,(title in AnonLang),python3,al,0,0,0,3,0,0,3,0,0,0,0,,
2023-11-11T14:25:24.366,82fc7c34-7c3c-11ea-a595-00505601122b,Programming I and II,,(title in AnonLang),python3,al,0,0,0.1,10,1,0,0,9,0,0,0,,
2023-11-11T14:25:40.113,2948002b-9817-11ec-986f-f39926f24a9c,Non-Procedural Programming,,(title in AnonLang),prolog,al,0,0,0,5,0,0,0,1,2,2,0,,
2023-11-11T14:27:45.048,f42b809e-9ee7-11ec-986f-f39926f24a9c,Programming I and II,,FACTORIAL,python3,en,0,0,0.2,5,1,0,0,0,4,0,0,,
2023-11-11T14:28:36.326,db4160dc-a811-11e7-a937-00505601122b,Programming I and II,,All parenthesizations,python3,en,0,0,0,6,0,0,0,6,0,0,0,,
2023-11-11T14:28:59.925,523b4b10-ce05-11e8-a4be-00505601122b,Programming in C++,,(title in AnonLang),cxx-gcc-linux,al,0,0,1,1,1,0,0,0,0,0,0,,
2023-11-11T14:29:05.004,c240887e-3384-11ec-986f-f39926f24a9c,Programming I and II,,Squares in a triangle,python3,en,0,0,0,3,0,0,0,3,0,0,0,,
2023-11-11T14:34:41.828,ed23d4a7-85fc-11eb-a1a9-005056ad4f31,Programming I and II,,(title in AnonLang),python3,al,0,0,1,5,5,0,0,0,0,0,0,,
2023-11-11T14:36:45.079,964ca5ca-a88f-11e7-a937-00505601122b,Programming I and II,,Adjusting a matrix to zero,python3,en,0,0,0.75,4,3,0,0,1,0,0,0,,
2023-11-11T14:43:25.611,947ce196-a7b3-11e7-a937-00505601122b,Programming I and II,,(title in AnonLang),python3,al,0,0,0,4,0,0,4,0,0,0,0,,
2023-11-11T14:43:45.356,0dd06ca4-44c0-11ec-986f-f39926f24a9c,Introduction to Algorithms,,(title in AnonLang),python3,al,0,0,0,5,0,0,5,0,0,0,0,,
2023-11-11T14:43:55.943,e768f5a8-401b-11ec-986f-f39926f24a9c,Introduction to Algorithms,,All permutations of a string,python3,en,0,0,0.4,5,2,0,0,3,0,0,0,,
2023-11-11T14:44:09.155,28c2a5b5-a88d-11e7-a937-00505601122b,Programming I and II,,(title in AnonLang),cs-dotnet-core,al,0,0,0,4,0,0,0,4,0,0,0,,
2023-11-11T14:44:23.782,855e23af-a8e2-11e7-a937-00505601122b,Programming I and II,,Maximum value in a sequence (with occurrences),c-gcc-linux,en,0,0,0,3,0,0,0,3,0,0,0,,
2023-11-11T14:44:38.372,f1276714-2ea0-11ec-986f-f39926f24a9c,Programming I and II,,(title in AnonLang),python3,al,0,0,0,2,0,0,0,2,0,0,0,,
2023-11-11T14:46:51.859,e872c79b-e68a-11e9-9ce9-00505601122b,Data Structures I,,Red-black trees,cxx-gcc-linux,en,0,0,0,7,0,7,0,0,0,0,0,,
2023-11-11T14:47:27.516,86450a4d-95af-11ec-986f-f39926f24a9c,Non-Procedural Programming,,Run-lenght encoding,prolog,en,0,0,0,4,0,0,0,0,0,4,0,,
2023-11-11T14:48:56.459,6c0a2776-a814-11e7-a937-00505601122b,Programming I and II,,(title in AnonLang),c-gcc-linux,al,0,0,0,11,0,0,0,11,0,0,0,,
2023-11-11T14:49:24.792,254496bf-93e4-11ec-986f-f39926f24a9c,Programming I and II,,Multiplication of large numbers,cs-dotnet-core,en,0,0,0,8,0,8,0,0,0,0,0,,
2023-11-11T14:49:43.676,2fe122ad-f02f-11e9-9ce9-00505601122b,Introduction to Algorithms,,Prime factorization II,python3,en,0,0,0,14,0,0,0,14,0,0,0,,
2023-11-11T14:50:04.459,e5f69567-a813-11e7-a937-00505601122b,Programming I and II,,(title in AnonLang),python3,al,0,0,0.7,7,5,0,0,2,0,0,0,,
2023-11-11T14:51:15.822,9e9b946e-2c31-11ec-986f-f39926f24a9c,Programming I and II,,"Perfect number, square and cube",python3,en,0,0,0,7,0,0,0,7,0,0,0,,
2023-11-11T14:51:33.157,1601b407-c884-11e8-a4be-00505601122b,Programming in C++,,(title in AnonLang),cxx-gcc-linux,al,0,0,0.5,4,2,0,0,2,0,0,0,,
2023-11-11T14:52:28.134,efa010e8-a811-11e7-a937-00505601122b,Programming I and II,,Find a permutation,cs-dotnet-core,en,0,0,0,8,0,8,0,0,0,0,0,,
2023-11-11T14:53:06.005,06a200d4-7d48-11eb-a1a9-005056ad4f31,Programming I and II,,(title in AnonLang),cxx-gcc-linux,al,0,0,0,10,0,0,0,10,0,0,0,,
2023-11-11T14:53:28.219,2d2eaa54-a88c-11e7-a937-00505601122b,Programming I and II,,(title in AnonLang),cs-dotnet-core,al,0,0,0,10,0,0,0,10,0,0,0,,
2023-11-11T14:54:28.748,02c10843-2238-11ec-986f-f39926f24a9c,Programming I and II,,(title in AnonLang),python3,al,0,0,1,10,10,0,0,0,0,0,0,,
2023-11-11T14:55:27.625,99581db8-343f-11ec-986f-f39926f24a9c,Programming I and II,,Minimum and maximum sums,python3,en,0,0,0,3,0,0,3,0,0,0,0,,
2023-11-11T14:55:38.132,47e52b91-a88d-11e7-a937-00505601122b,Programming I and II,,(title in AnonLang),python3,al,0,0,0,10,0,0,0,0,0,10,0,,
2023-11-11T14:57:28.380,9cf80424-0cf5-11eb-98c0-005056ad4f31,Programming I and II,,(title in AnonLang),python3,al,0,0,0,5,0,0,5,0,0,0,0,,
2023-11-11T14:58:20.488,fd87c76a-ec64-11e9-9ce9-00505601122b,Programming I and II,,(title in AnonLang),python3,al,0,0,0.2,5,1,0,0,4,0,0,0,,
2023-11-11T14:59:02.499,0018a241-31ed-11ec-986f-f39926f24a9c,Java,,QUICK-SORT,java,en,0,0,0.33,3,1,0,2,0,0,0,0,,
2023-11-11T14:59:11.040,1ad5c2a6-a88c-11e7-a937-00505601122b,Programming I and II,,(title in AnonLang),python3,al,0,0,0.2,5,1,0,0,4,0,0,0,,
2023-11-11T14:59:22.285,20f681d4-eaa7-11e9-9ce9-00505601122b,Programming I and II,,Good numbers,python3,en,0,0,0,5,0,0,5,0,0,0,0,,
2023-11-11T15:00:13.527,007a8871-2c62-4740-9615-613663a20e42,Programming I and II,,(title in AnonLang),python3,al,0,0,0,1,0,0,1,0,0,0,0,,
2023-11-11T15:00:24.815,aea0d783-4b99-11ec-986f-f39926f24a9c,Programming I and II,,(title in AnonLang),python3,al,0,0,0,4,0,0,0,4,0,0,0,,
2023-11-11T15:00:36.055,c9d9150f-d905-11e8-a4be-00505601122b,Programming in C++,,(title in AnonLang),cxx-gcc-linux,al,0,0,0,2,0,2,0,0,0,0,0,,
2023-11-11T15:01:01.729,b8027a86-fc08-11e8-b0fd-00505601122b,Web Applications,,PHP - Sieve of Eratosthenes,php-linux,en,5,5,0.33,3,1,0,0,2,0,0,0,,
2023-11-11T15:01:25.293,c079d101-827c-11eb-a1a9-005056ad4f31,Programming I and II,,Permutations in the columns of a matrix,cs-dotnet-core,en,0,0,0.25,8,2,0,0,6,0,0,0,,
2023-11-11T15:01:40.007,ae5acb61-5ac6-11e9-b0fd-00505601122b,Programming I and II,,Young tableaux R,python3,en,0,0,0,7,0,0,0,7,0,0,0,,
2023-11-11T15:02:48.796,e70fa3b0-28ad-11e8-9de3-00505601122b,Programming I and II,,Queue,python3,en,0,0,0,5,0,0,0,0,0,5,0,,
2023-11-11T15:03:41.605,350d5208-a88d-11e7-a937-00505601122b,Programming I and II,,(title in AnonLang),cs-dotnet-core,al,0,0,0.4,10,4,0,0,6,0,0,0,,
2023-11-11T15:04:16.369,bdb8d1b4-6dbb-11ea-a595-00505601122b,Non-Procedural Programming,,Lists,haskell,en,0,0,0.57,7,4,0,0,0,3,0,0,,
2023-11-11T15:04:26.201,3deef23c-8eff-11ec-986f-f39926f24a9c,Programming I and II,,Odd Fib Sum,python3,en,0,0,1,5,5,0,0,0,0,0,0,,
2023-11-11T15:05:14.338,fd9fb352-c2fc-4ac1-88d2-145e40a583d8,Programming I and II,,(title in AnonLang),python3,al,1,1,0,2,0,0,2,0,0,0,0,,
2023-11-11T15:06:20.968,e5d6ac79-0a4a-11ea-9ce9-00505601122b,Programming I and II,,(title in AnonLang),python3,al,0,0,0.6,5,3,0,0,0,2,0,0,,
2023-11-11T15:08:16.608,593de6bb-c567-11ec-8da3-d412db16db0b,Programming I and II,,Cycles,python3,en,0,0,0,5,0,0,5,0,0,0,0,,
2023-11-11T15:08:50.881,43ee850b-ca08-11e7-a937-00505601122b,Programming I and II,,(title in AnonLang),cs-dotnet-core,al,0,0,0,4,0,4,0,0,0,0,0,,
2023-11-11T15:09:04.183,4baf3bb9-a7bb-11e7-a937-00505601122b,Programming I and II,,(title in AnonLang),python3,al,0,0,0.2,5,1,0,0,4,0,0,0,,
2023-11-11T15:09:16.753,4b5b4f9d-e65e-11e7-9ef6-00505601122b,Programming I and II,,Carrots and Parsley,cs-dotnet-core,en,0,0,0,3,0,0,0,3,0,0,0,,
2023-11-11T15:10:50.416,f39ba7b1-a7b1-11e7-a937-00505601122b,Programming I and II,,King's path on a chessboard (length),python3,en,0,0,0.25,4,1,0,0,3,0,0,0,,
2023-11-11T15:11:33.801,deaaff6f-28ad-11e8-9de3-00505601122b,Programming I and II,,Evaluation of prefix notation,python3,en,0,0,0,1,0,0,0,0,0,0,1,no solution id,
2023-11-11T15:12:19.984,2c1df1fa-fe8a-11e9-9ce9-00505601122b,Programming I and II,,(title in AnonLang),python3,al,0,0,0,5,0,0,0,5,0,0,0,,
2023-11-11T15:12:40.729,a5b391fc-d5af-11ec-8da3-d412db16db0b,Programming I and II,,Ordered N-tuples,python3,en,0,0,1,5,5,0,0,0,0,0,0,,
2023-11-11T15:13:49.713,d07507f7-1046-490f-ab38-8867bbf47416,Programming I and II,,Dice,cs-dotnet-core,en,0,0,0,10,0,10,0,0,0,0,0,,
2023-11-11T15:16:27.533,b98b1f22-cb42-11ec-8da3-d412db16db0b,Programming I and II,,(title in AnonLang),python3,al,0,0,0,4,0,0,0,4,0,0,0,,
2023-11-11T15:16:50.378,023a640f-a811-11e7-a937-00505601122b,Programming I and II,,(title in AnonLang),python3,al,0,0,0,4,0,0,4,0,0,0,0,,
2023-11-11T15:17:25.589,6e7c41f3-f488-11e8-b0fd-00505601122b,Programming in C++,,(title in AnonLang),cxx-gcc-linux,al,0,0,0,2,0,2,0,0,0,0,0,,
2023-11-11T15:17:36.826,5a251e33-a88c-11e7-a937-00505601122b,Programming I and II,,(title in AnonLang),python3,al,0,0,0,5,0,0,0,5,0,0,0,,
2023-11-11T15:17:56.237,72502276-519e-11ea-a595-00505601122b,Programming I and II,,(title in AnonLang),python3,al,0,0,0,3,0,0,3,0,0,0,0,,
2023-11-11T15:18:02.033,ff308921-a7b1-11e7-a937-00505601122b,Programming I and II,,(title in AnonLang),python3,al,0,0,0,10,0,0,0,10,0,0,0,,
2023-11-11T15:18:59.175,e1ab5360-28ad-11e8-9de3-00505601122b,Programming I and II,,Stack,python3,en,10,10,0,5,0,0,5,0,0,0,0,,
2023-11-11T15:19:04.926,8bdf764a-f025-11e9-9ce9-00505601122b,Programming I and II,,Is a number symmetric in Python?,python3,en,0,0,0.2,3,1,0,0,2,0,0,0,,
2023-11-11T15:19:12.700,b2b9630f-8e91-11ec-986f-f39926f24a9c,Programming I and II,,Third Highest Score,python3,en,0,0,0,5,0,0,0,5,0,0,0,,
2023-11-11T15:20:19.693,714cf5f4-9950-11ec-986f-f39926f24a9c,Programming I and II,,Margit the Prime Lover,python3,en,0,0,0,5,0,0,0,0,5,0,0,,
2023-11-11T15:20:55.069,97f2d540-4004-11ec-986f-f39926f24a9c,Programming I and II,,(title in AnonLang),python3,al,0,0,0,4,0,0,0,4,0,0,0,,
2023-11-11T15:22:10.587,e60f4aa9-8285-11eb-a1a9-005056ad4f31,Programming I and II,,Common permutation,cs-dotnet-core,en,0,0,0,8,0,8,0,0,0,0,0,,
2023-11-11T15:22:26.410,fd2bf517-567b-11ea-a595-00505601122b,Programming I and II,,(title in AnonLang),python3,al,0,0,0,5,0,0,5,0,0,0,0,,
2023-11-11T15:23:26.133,d03c30e7-8ef8-11ec-986f-f39926f24a9c,Programming I and II,,Love Constant,python3,en,0,0,0.4,5,2,0,0,0,3,0,0,,
2023-11-11T15:23:51.887,747a88d9-542a-11ec-986f-f39926f24a9c,Introduction to Algorithms,,(title in AnonLang),python3,al,1,1,1,5,5,0,0,0,0,0,0,,
2023-11-11T15:24:13.522,c35954e6-a88c-11e7-a937-00505601122b,Programming I and II,,(title in AnonLang),cs-dotnet-core,al,0,0,0,10,0,0,0,10,0,0,0,,
2023-11-11T15:24:41.092,c774fba0-a4bc-11ec-986f-f39926f24a9c,Programming I and II,,Merge two sorted sequences,python3,en,0,0,0,4,0,0,4,0,0,0,0,,
2023-11-11T15:25:33.528,889efd76-9a9f-11ec-986f-f39926f24a9c,Programming I and II,,(title in AnonLang),python3,al,0,0,0,4,0,0,0,4,0,0,0,,
2023-11-11T15:25:44.701,dd72607b-2e00-11ec-986f-f39926f24a9c,Programming I and II,,Emulate the list.insert() function,python3,en,0,0,0,3,0,0,1,2,0,0,0,,
2023-11-11T15:28:26.793,de52476e-5d58-11ea-a595-00505601122b,Non-Procedural Programming,,Goldbach sums,prolog,en,0,0,0,7,0,0,6,1,0,0,0,,
2023-11-11T15:29:17.114,e30c5b28-0412-11ea-9ce9-00505601122b,Programming I and II,,(title in AnonLang),python3,al,0,0,1,4,4,0,0,0,0,0,0,,
2023-11-11T15:29:33.083,1e5d58df-8efd-11ec-986f-f39926f24a9c,Programming I and II,,Opposite Capitalization,python3,en,0,0,0,4,0,0,0,4,0,0,0,,
2023-11-11T15:30:06.783,ce12cda1-ca0a-11e7-a937-00505601122b,Programming I and II,,Infix evaluator,python3,en,0,0,0,5,0,0,0,5,0,0,0,,
2023-11-11T15:31:28.458,f837d118-a7b1-11e7-a937-00505601122b,Programming I and II,,King's path on a chessboard,cs-dotnet-core,en,0,0,0,4,0,4,0,0,0,0,0,,
2023-11-11T15:31:34.251,4c31698f-1a07-11ea-9ce9-00505601122b,Programming I and II,,(title in AnonLang),python3,al,0,0,0,2,0,0,0,2,0,0,0,,
2023-11-11T15:31:48.289,f8b033c6-b9cd-11e7-a937-00505601122b,Programming I and II,,Number of inversions in a permutation,cxx-gcc-linux,en,0,0,0,8,0,8,0,0,0,0,0,,
2023-11-11T15:32:21.338,d6494627-2675-4b89-9f02-d2def9ae8bd2,Programming I and II,,(title in AnonLang),python3,al,1,1,0,4,0,0,4,0,0,0,0,,
2023-11-11T15:32:29.205,8e0af49f-01de-11eb-9574-ea7484399335,Programming I and II,,(title in AnonLang),python3,al,0,0,1,5,5,0,0,0,0,0,0,,
2023-11-11T15:33:17.533,82d3a2cd-1fc4-11ec-986f-f39926f24a9c,Java,,DYN-ARRAY,java,en,0,0,0,2,0,2,0,0,0,0,0,,
2023-11-11T15:33:47.403,e70f0680-362c-11eb-a1a9-005056ad4f31,Programming I and II,,Young tableaux DP,python3,en,0,0,0,10,0,0,1,9,0,0,0,,
2023-11-11T15:33:49.833,e071106a-cd50-11e8-a4be-00505601122b,Programming in C++,,(title in AnonLang),cxx-gcc-linux,al,0,0,0,1,0,0,0,0,0,0,1,no filename provided,
2023-11-11T15:34:01.734,30498f7c-a88d-11e7-a937-00505601122b,Programming I and II,,Number of words,python3,en,0,0,0,5,0,0,5,0,0,0,0,,
2023-11-11T15:34:51.992,dd44dd78-5130-11ec-986f-f39926f24a9c,Introduction to Algorithms,,(title in AnonLang),python3,al,0,0,0,5,0,0,0,5,0,0,0,,
2023-11-11T15:35:58.616,1fefc4e2-44b7-11e9-b0fd-00505601122b,Programming I and II,,King in a file,c-gcc-linux,en,0,0,0,7,0,7,0,0,0,0,0,,
2023-11-11T15:36:27.550,566e4d24-561e-11ec-986f-f39926f24a9c,Introduction to Algorithms,,(title in AnonLang),python3,al,0,0,0,8,0,0,8,0,0,0,0,,
2023-11-11T15:36:38.033,443b5b01-a88d-11e7-a937-00505601122b,Programming I and II,,Copying a file by sentences,python3,en,0,0,0,5,0,0,0,5,0,0,0,,
2023-11-11T15:37:11.099,8bea7cb7-c1bc-4bb6-9bfd-382c50748ee1,Programming I and II,,Maximum product,cs-dotnet-core,en,0,0,0,10,0,0,10,0,0,0,0,,
2023-11-11T15:37:44.865,dfc2a156-7203-11ec-986f-f39926f24a9c,Introduction to Algorithms,,(title in AnonLang),python3,al,0,0,0,5,0,0,5,0,0,0,0,,
2023-11-11T15:38:36.505,c9d5e0b3-1124-11ea-9ce9-00505601122b,Programming I and II,,(title in AnonLang),python3,al,1,1,0.6,10,6,0,0,4,0,0,0,,
2023-11-11T15:38:51.128,5af1ca0d-cb28-11ec-8da3-d412db16db0b,Programming I and II,,Cliques,python3,en,0,0,0,5,0,0,5,0,0,0,0,,
2023-11-11T15:39:53.395,12aee9c1-f64c-11e9-9ce9-00505601122b,Programming I and II,,(title in AnonLang),python3,al,0,0,1,6,6,0,0,0,0,0,0,,
2023-11-11T15:40:24.550,f1d6aec6-e409-11e8-a4be-00505601122b,Programming in C++,,(title in AnonLang),cxx-gcc-linux,al,0,0,1,1,1,0,0,0,0,0,0,,
2023-11-11T15:40:37.069,e786ad5e-3e61-11ec-986f-f39926f24a9c,Programming I and II,,Pyramid fill,python3,en,0,0,0,3,0,0,0,3,0,0,0,,
2023-11-11T15:41:24.641,b13589df-9eee-11ec-986f-f39926f24a9c,Programming I and II,,Number of Elements,python3,en,0,0,0,5,0,0,5,0,0,0,0,,
2023-11-11T15:41:48.716,3eaa2aa5-f364-11e9-9ce9-00505601122b,Programming I and II,,(title in AnonLang),python3,al,0,0,0.2,5,1,0,0,4,0,0,0,,
2023-11-11T15:43:52.160,395dc39c-b5d2-11ec-8d84-d310d4f96200,Programming I and II,,Over the Median v2,python3,en,0,0,0,5,0,0,0,3,2,0,0,,
2023-11-11T15:46:42.915,81a692a6-0efb-11eb-98c0-005056ad4f31,Programming I and II,,(title in AnonLang),python3,al,0,0,0,4,0,0,4,0,0,0,0,,
2023-11-11T15:47:57.775,9067a388-0c60-11ea-9ce9-00505601122b,Programming I and II,,(title in AnonLang),python3,al,1,1,0.25,12,3,0,9,0,0,0,0,,
2023-11-11T15:48:03.508,f6083437-2f8d-11ec-986f-f39926f24a9c,Introduction to Algorithms,,(title in AnonLang),python3,al,0,0,0,7,0,0,0,7,0,0,0,,
2023-11-11T15:48:15.469,86585739-0e49-11eb-98c0-005056ad4f31,Programming in C++,,(title in AnonLang),cxx-gcc-linux,al,0,0,0,1,0,0,0,1,0,0,0,,
2023-11-11T15:49:16.440,58e74dd3-0427-11ea-9ce9-00505601122b,Programming I and II,,(title in AnonLang),python3,al,0,0,0,5,0,0,0,5,0,0,0,,
2023-11-11T15:49:31.242,56053a97-4009-11ec-986f-f39926f24a9c,Programming I and II,,(title in AnonLang),python3,al,0,0,0,4,0,0,4,0,0,0,0,,
2023-11-11T15:50:44.885,2e3fae5a-08a7-11eb-98c0-005056ad4f31,Introduction to Algorithms,,(title in AnonLang),python3,al,0,0,0,10,0,0,10,0,0,0,0,,
2023-11-11T15:51:22.443,09e72fe9-a811-11e7-a937-00505601122b,Programming I and II,,Wavy subsequence,cs-dotnet-core,en,0,0,0,10,0,10,0,0,0,0,0,,
2023-11-11T15:51:33.047,71cc6cac-ba77-11ec-8d84-d310d4f96200,Programming I and II,,POWERset,python3,en,0,0,1,5,5,0,0,0,0,0,0,,
2023-11-11T15:51:38.178,1f12e94b-8472-11ec-986f-f39926f24a9c,Programming I and II,,(title in AnonLang),python3,al,0,0,0,10,0,0,0,10,0,0,0,,
2023-11-11T15:53:00.057,0eddafab-80cb-11eb-a1a9-005056ad4f31,Programming I and II,,(title in AnonLang),python3,al,0,0,0.2,5,1,0,4,0,0,0,0,,
2023-11-11T15:53:36.583,0aa0986a-6208-11ea-a595-00505601122b,Programming I and II,,(title in AnonLang),python3,al,0,0,0,1,0,0,0,0,0,0,1,no solution id,
2023-11-11T15:55:48.397,ba528806-794b-11ec-986f-f39926f24a9c,Programming I and II,,(title in AnonLang),python3,al,0,0,0.25,8,2,0,0,6,0,0,0,,
2023-11-11T15:56:27.693,9bae1512-7203-11ec-986f-f39926f24a9c,Introduction to Algorithms,,(title in AnonLang),python3,al,0,0,0,4,0,0,4,0,0,0,0,,
2023-11-11T15:56:42.097,af82b7ac-96f5-11eb-a1a9-005056ad4f31,Non-Procedural Programming,,Lists and strings,haskell,en,0,0,0.67,9,6,3,0,0,0,0,0,,
2023-11-11T15:57:44.260,470b2f63-8fc7-11eb-a1a9-005056ad4f31,Programming I and II,,(title in AnonLang),cs-dotnet-core,al,0,0,0,20,0,0,0,20,0,0,0,,
2023-11-11T16:01:56.823,ef25e6f8-a7b1-11e7-a937-00505601122b,Programming I and II,,(title in AnonLang),cs-dotnet-core,al,0,0,0,4,0,4,0,0,0,0,0,,
2023-11-11T16:02:23.951,cd3d53d0-a7b1-11e7-a937-00505601122b,Programming I and II,,(title in AnonLang),python3,al,0,0,0,5,0,0,5,0,0,0,0,,
2023-11-11T16:03:00.542,d5984dab-a88b-11e7-a937-00505601122b,Programming I and II,,(title in AnonLang),python3,al,0,0,0,10,0,0,10,0,0,0,0,,
2023-11-11T16:03:12.451,a1617916-26c8-11ec-986f-f39926f24a9c,Programming I and II,,(title in AnonLang),python3,al,0,0,1,9,9,0,0,0,0,0,0,,
2023-11-11T16:04:42.314,611dabb7-2154-11e8-9de3-00505601122b,Web Applications,,Sieve of Eratosthenes (Advanced),php-linux,en,0,0,0,4,0,0,0,4,0,0,0,,
2023-11-11T16:04:48.790,d74652e6-540f-11eb-a1a9-005056ad4f31,Programming I and II,Introduction to Algorithms,Linear equations,python3,en,0,0,0,4,0,0,4,0,0,0,0,,
2023-11-11T16:05:12.708,ed7bc2b3-4b8f-11ec-986f-f39926f24a9c,Programming I and II,,(title in AnonLang),python3,al,0,0,0,3,0,0,0,3,0,0,0,,
2023-11-11T16:05:31.567,17bb952b-503d-11ec-986f-f39926f24a9c,Programming I and II,,(title in AnonLang),python3,al,0,0,0,2,0,0,2,0,0,0,0,,
2023-11-11T16:08:40.463,dc185afd-c561-11ec-8da3-d412db16db0b,Programming I and II,,Distances,python3,en,0,0,0,5,0,0,5,0,0,0,0,,
2023-11-11T16:09:40.165,9d0294e8-8770-11ec-986f-f39926f24a9c,Programming I and II,,(title in AnonLang),python3,al,0,0,0,7,0,0,0,7,0,0,0,,
2023-11-11T16:10:15.519,fda9fffa-9bbe-11ec-986f-f39926f24a9c,Non-Procedural Programming,,(title in AnonLang),prolog,al,0,0,0,4,0,0,0,3,1,0,0,,
2023-11-11T16:14:45.228,e950bba6-9bf7-47ec-804b-1a8a2ba47dbc,Programming I and II,,(title in AnonLang),cs-dotnet-core,al,0,0,0,10,0,10,0,0,0,0,0,,
2023-11-11T16:15:23.726,38a9efa1-7204-11ec-986f-f39926f24a9c,Introduction to Algorithms,,(title in AnonLang),python3,al,0,0,0,6,0,0,0,6,0,0,0,,
2023-11-11T16:17:50.913,db992a4a-9b83-11eb-a1a9-005056ad4f31,Programming I and II,,Post office counters,cs-dotnet-core,en,0,0,0,10,0,10,0,0,0,0,0,,
2023-11-11T16:18:41.406,1f65ed86-13e0-490a-9fc4-4182f7f4184a,Non-Procedural Programming,,Base conversion,prolog,en,0,0,0.1,10,1,0,8,1,0,0,0,,
2023-11-11T16:18:57.542,9534a7d2-5412-11eb-a1a9-005056ad4f31,Programming I and II,,N over M,cs-dotnet-core,en,0,0,0,10,0,10,0,0,0,0,0,,
2023-11-11T16:19:50.936,a4cd3c9f-d6ba-11ec-8da3-d412db16db0b,Programming I and II,,(title in AnonLang),python3,al,0,0,0,5,0,0,5,0,0,0,0,,
2023-11-11T16:20:06.997,65a2302b-d531-11ec-8da3-d412db16db0b,Programming I and II,,Arithmetic,python3,en,0,0,0,11,0,0,11,0,0,0,0,,
2023-11-11T16:22:55.243,54a533d7-7316-11ea-a595-00505601122b,Non-Procedural Programming,,Queens on a chessboard,haskell,en,1,0,0.5,10,5,0,0,5,0,0,0,,
2023-11-11T16:23:14.002,872a1c5b-6e51-11e9-b0fd-00505601122b,Non-Procedural Programming,,Arithmetic expressions,haskell,en,0,0,0,5,0,5,0,0,0,0,0,,
2023-11-11T16:23:27.987,ec7227dc-a810-11e7-a937-00505601122b,Programming I and II,,(title in AnonLang),cs-dotnet-core,al,0,0,0.35,7,2,0,0,5,0,0,0,,
2023-11-11T16:23:45.326,6e572d11-023a-4e11-91ae-834542df6c8f,Programming I and II,,(title in AnonLang),python3,al,0,0,0,3,0,0,3,0,0,0,0,,
2023-11-11T16:24:38.981,c69f9d2c-3386-11ec-986f-f39926f24a9c,Programming I and II,,Median,python3,en,0,0,0,3,0,0,0,3,0,0,0,,
2023-11-11T16:25:58.207,8753d555-25da-11ec-986f-f39926f24a9c,Java,,BIN-TREE,java,en,0,0,0,2,0,0,2,0,0,0,0,,
2023-11-11T16:26:11.507,ea09d7c4-28ad-11e8-9de3-00505601122b,Programming I and II,,MZ - Binary Search Tree,python3,en,0,0,0,5,0,0,0,5,0,0,0,,
2023-11-11T16:27:48.387,8dcdf177-a88f-11e7-a937-00505601122b,Programming I and II,,(title in AnonLang),cs-dotnet-core,al,0,0,0,9,0,0,9,0,0,0,0,,
2023-11-11T16:28:15.838,cc98f2c7-088e-11ea-9ce9-00505601122b,Programming I and II,,(title in AnonLang),python3,al,0,0,0,5,0,0,0,2,3,0,0,,
2023-11-11T16:28:42.386,52a6c3ad-a88d-11e7-a937-00505601122b,Programming I and II,,(title in AnonLang),python3,al,0,0,0,7,0,0,7,0,0,0,0,,
2023-11-11T16:29:07.385,495f69c4-e434-40ff-ba8e-9d6c00940613,Non-Procedural Programming,,(title in AnonLang),prolog,al,0,0,0,7,0,0,5,2,0,0,0,,
2023-11-11T16:29:42.738,d2f12188-aba7-11e7-a937-00505601122b,C# Language and .NET Framework,,(title in AnonLang),cs-dotnet-core,al,0,0,0.72,12,8,0,0,4,0,0,0,,
2023-11-11T16:32:07.843,9f313454-5264-11ea-a595-00505601122b,Non-Procedural Programming,,Restaurant,prolog,en,0,0,0,1,0,0,0,1,0,0,0,,
2023-11-11T16:33:15.568,c8ff391a-a811-11e7-a937-00505601122b,Programming I and II,,For a free time,cs-dotnet-core,en,0,0,0,4,0,0,0,4,0,0,0,,
2023-11-11T16:34:06.643,67f9b971-7204-11ec-986f-f39926f24a9c,Introduction to Algorithms,,(title in AnonLang),python3,al,0,0,0,8,0,0,8,0,0,0,0,,
2023-11-11T16:34:54.375,cca7252b-fb4e-11e9-9ce9-00505601122b,Programming I and II,,(title in AnonLang),python3,al,0,0,0,8,0,0,8,0,0,0,0,,
2023-11-11T16:35:57.826,739ea587-685e-11ea-a595-00505601122b,Non-Procedural Programming,,Regular expressions,prolog,en,0,0,0,4,0,0,0,4,0,0,0,,
2023-11-11T16:36:56.068,7e9f5c43-3813-11ec-986f-f39926f24a9c,Programming I and II,,(title in AnonLang),python3,al,0,0,0,3,0,0,0,3,0,0,0,,
2023-11-11T16:37:44.358,976eae33-0eb4-492e-8384-5124ffde952b,Programming I and II,,Searching in an ordered array,python3,en,0,0,0.15,9,3,0,0,6,0,0,0,,
2023-11-11T16:38:10.718,477c3772-cc87-4cc9-aa98-32d2bad9c074,Programming I and II,,Sorting of the training attendance,python3,en,0,0,0,5,0,0,0,5,0,0,0,,
2023-11-11T16:39:02.251,87101236-6c7a-11ec-986f-f39926f24a9c,Programming I and II,,(title in AnonLang),python3,al,0,0,0,10,0,0,0,10,0,0,0,,
2023-11-11T16:39:20.359,b4e13957-0a47-11eb-98c0-005056ad4f31,Programming I and II,,Integer solutions,python3,en,0,0,0,10,0,0,0,10,0,0,0,,
2023-11-11T16:39:38.505,0c965a56-8e65-11ec-986f-f39926f24a9c,Programming I and II,,Primality claim,cs-dotnet-core,en,0,0,0,6,0,0,0,6,0,0,0,,
2023-11-11T16:40:23.385,12a5e40b-a890-11e7-a937-00505601122b,Programming I and II,,Optimal matrix product,cs-dotnet-core,en,0,0,0,7,0,7,0,0,0,0,0,,
2023-11-11T16:40:40.168,0bfa1156-57e9-11ea-a595-00505601122b,Non-Procedural Programming,,Duplicates,prolog,en,0,0,0.44,9,4,0,0,5,0,0,0,,
2023-11-11T16:42:31.776,207a8c8b-d13d-417f-94ce-13d0d502fa9a,Programming I and II,,(title in AnonLang),python3,al,0,0,1,2,2,0,0,0,0,0,0,,
2023-11-11T16:43:20.715,70762cbe-791d-11eb-a1a9-005056ad4f31,Programming I and II,,Closest pair of points,cxx-gcc-linux,en,0,0,0.25,7,2,0,0,0,5,0,0,,
2023-11-11T16:43:35.667,838edb9e-b5de-11ec-8d84-d310d4f96200,Non-Procedural Programming,,(title in AnonLang),haskell,al,0,0,0,9,0,9,0,0,0,0,0,,
2023-11-11T16:43:46.190,7bcb7a2d-3e56-11ec-986f-f39926f24a9c,Programming I and II,,(title in AnonLang),python3,al,0,0,0,4,0,0,4,0,0,0,0,,
2023-11-11T16:45:03.095,e603b29a-9503-11ec-986f-f39926f24a9c,Programming I and II,,Partition point of a sequence,python3,en,0,0,0,7,0,0,7,0,0,0,0,,
2023-11-11T16:45:20.532,73ac55ab-62ed-11ea-a595-00505601122b,Non-Procedural Programming,,Dates,prolog,en,0,0,0,10,0,0,7,3,0,0,0,,
2023-11-11T16:46:20.168,a16d4cf5-2f49-11ec-986f-f39926f24a9c,Programming I and II,,(title in AnonLang),python3,al,20,20,1,10,10,0,0,0,0,0,0,,
2023-11-11T16:46:32.165,f3eb0826-cd9a-11e8-a4be-00505601122b,Java,,MULTIPLICATION TABLE,java,en,1,1,0,10,0,0,0,10,0,0,0,,
2023-11-11T18:05:44.622,b40d62c1-7b79-11ea-a595-00505601122b,Web Applications,,JS - ES6 warm up,node-linux,en,2,2,0,1,0,0,0,1,0,0,0,,
2023-11-11T18:05:55.671,1b4d8c05-2f7f-11ec-986f-f39926f24a9c,Programming I and II,,(title in AnonLang),python3,al,0,0,0,4,0,0,0,4,0,0,0,,
2023-11-11T18:06:09.552,f45d7452-994a-11ec-986f-f39926f24a9c,Programming I and II,,Godrick the Grafter,python3,en,0,0,0,5,0,0,1,4,0,0,0,,
2023-11-11T18:06:30.436,835eada2-491f-11ec-986f-f39926f24a9c,Introduction to Algorithms,,(title in AnonLang),python3,al,1,1,0,2,0,0,2,0,0,0,0,,
2023-11-11T18:07:44.906,afd1e168-d535-11ec-8da3-d412db16db0b,Programming I and II,,Party,python3,en,0,0,0,11,0,0,0,0,11,0,0,,
2023-11-11T18:08:18.400,0d72cea2-a88c-11e7-a937-00505601122b,Programming I and II,,Pallets,python3,en,0,0,0,10,0,0,10,0,0,0,0,,
2023-11-11T18:10:49.769,2cf05181-2f4c-11ec-986f-f39926f24a9c,Introduction to Algorithms,,(title in AnonLang),python3,al,0,0,0.8,5,4,0,0,0,1,0,0,,
2023-11-11T18:13:45.200,5abf8e3a-996c-11ec-986f-f39926f24a9c,Programming I and II,,3D Tic-Tac-Toe,cs-dotnet-core,en,0,0,0,12,0,12,0,0,0,0,0,,
2023-11-11T18:13:55.570,43378d5e-b115-11ec-8d84-d310d4f96200,Programming I and II,,The Same,python3,en,0,0,0,5,0,0,0,5,0,0,0,,
2023-11-11T18:14:10.793,e6adf47d-0a45-11eb-98c0-005056ad4f31,Programming I and II,,Range of years,python3,en,0,0,1,6,6,0,0,0,0,0,0,,
2023-11-11T18:16:12.480,0f790301-a88d-11e7-a937-00505601122b,Programming I and II,,Missing parentheses,cs-dotnet-core,en,0,0,0,6,0,6,0,0,0,0,0,,
2023-11-11T18:16:25.656,2c7852fa-a814-11e7-a937-00505601122b,Programming I and II,,(title in AnonLang),python3,al,0,0,0,5,0,0,0,5,0,0,0,,
2023-11-11T18:16:32.518,8f94e018-84e1-11ea-a595-00505601122b,Programming I and II,,(title in AnonLang),python3,al,0,0,0,5,0,0,0,5,0,0,0,,
2023-11-11T18:16:38.617,d3ef2949-d532-11ec-8da3-d412db16db0b,Programming I and II,,Tree,python3,en,0,0,0,11,0,0,11,0,0,0,0,,
2023-11-11T18:17:54.921,21e1fddf-a88c-11e7-a937-00505601122b,Programming I and II,,(title in AnonLang),cs-dotnet-core,al,0,0,0,5,0,5,0,0,0,0,0,,
2023-11-11T18:19:17.249,8315e065-6e5e-11e9-b0fd-00505601122b,Non-Procedural Programming,,Dividing polynomials,haskell,en,0,0,0,7,0,7,0,0,0,0,0,,
2023-11-11T18:21:24.787,8921f3ec-6334-11ec-986f-f39926f24a9c,Programming I and II,,Integer sums,python3,en,0,0,0,5,0,0,5,0,0,0,0,,
2023-11-11T18:22:01.717,79de96bf-1685-11ea-9ce9-00505601122b,Programming I and II,,Permutation lookup,python3,en,1,0,0,8,0,0,0,4,4,0,0,,
2023-11-11T18:23:39.545,e16cdedf-2e3f-4352-ab83-a0d4624234aa,Programming I and II,,(title in AnonLang),cs-dotnet-core,al,0,0,0,4,0,0,4,0,0,0,0,,
2023-11-11T18:24:11.333,04917ab2-a7b2-11e7-a937-00505601122b,Programming I and II,,Sokoban (storekeeper),cs-dotnet-core,en,0,0,0,5,0,0,0,5,0,0,0,,
2023-11-11T18:24:23.596,b547c6c0-a88f-11e7-a937-00505601122b,Programming I and II,,(title in AnonLang),cs-dotnet-core,al,0,0,0,1,0,0,0,0,0,0,1,no solution id,
2023-11-11T18:24:52.156,96d57cae-5326-11ea-a595-00505601122b,Programming I and II,,Monotonicity of rational numbers,cs-dotnet-core,en,0,0,0.43,7,3,0,0,4,0,0,0,,
2023-11-11T18:32:49.093,fe9af127-af25-11ec-8d84-d310d4f96200,Non-Procedural Programming,,Words,haskell,en,0,0,0,13,0,13,0,0,0,0,0,,
2023-11-11T18:34:02.622,f00ed3b9-8fab-11ea-befc-00505601122b,Programming I and II,,(title in AnonLang),python3,al,2,0,0,10,0,0,10,0,0,0,0,,
2023-11-11T18:35:12.339,6d55721b-a88d-11e7-a937-00505601122b,Programming I and II,,(title in AnonLang),python3,al,0,0,0,10,0,0,10,0,0,0,0,,
2023-11-11T18:36:06.358,4e50997e-3e74-11ec-986f-f39926f24a9c,Programming I and II,,(title in AnonLang),python3,al,0,0,0.25,4,1,0,0,3,0,0,0,,
2023-11-11T18:36:42.747,7747827e-6ca2-11e9-b0fd-00505601122b,Non-Procedural Programming,,Tautologies,haskell,en,0,0,0,10,0,10,0,0,0,0,0,,
2023-11-11T18:37:15.746,f6450f96-7dd7-11eb-a1a9-005056ad4f31,Programming I and II,,(title in AnonLang),cxx-gcc-linux,al,1,0,0,3,0,3,0,0,0,0,0,,
2023-11-11T18:38:22.831,97e4e2a4-5ee8-11ea-a595-00505601122b,Programming I and II,,Shortest path,cs-dotnet-core,en,0,0,0,7,0,0,7,0,0,0,0,,
2023-11-11T18:40:04.751,ea0180d1-3a83-11ec-986f-f39926f24a9c,Introduction to Algorithms,,(title in AnonLang),python3,al,0,0,0,5,0,0,0,5,0,0,0,,
2023-11-11T18:41:03.433,ac59ca75-c00a-11ec-8da3-d412db16db0b,Programming I and II,,Orientation,cs-dotnet-core,en,0,0,0,5,0,5,0,0,0,0,0,,
2023-11-11T18:41:24.183,19085c88-b5f5-11ec-8d84-d310d4f96200,Programming I and II,,(title in AnonLang),python3,al,0,0,0,4,0,0,0,4,0,0,0,,
2023-11-11T18:41:37.124,59d8b8ed-7843-11eb-a1a9-005056ad4f31,Programming I and II,,Square,cxx-gcc-linux,en,1,0,0,1,0,0,0,0,0,0,1,no solution id,
2023-11-11T18:42:00.808,8048afc4-a3e7-11ec-986f-f39926f24a9c,Programming I and II,,(title in AnonLang),python3,al,0,0,0,3,0,0,3,0,0,0,0,,
2023-11-11T18:42:13.910,4e612a12-3562-11eb-a1a9-005056ad4f31,Programming I and II,,P1M-JA: Wrapper function,python3,en,0,0,0.8,5,4,0,0,1,0,0,0,,
2023-11-11T18:43:38.122,71b1df7d-a88c-11e7-a937-00505601122b,Programming I and II,,(title in AnonLang),python3,al,0,0,0.2,5,1,0,0,4,0,0,0,,
2023-11-11T18:44:40.196,66cdd8a4-c1d4-48e8-b389-5c7fc65bb171,Programming I and II,,Beautiful fractions,python3,en,0,0,0,5,0,0,5,0,0,0,0,,
2023-11-11T18:46:32.499,b440aaf1-60e2-11e9-b0fd-00505601122b,Programming I and II,,Longest ascending subsequence,cs-dotnet-core,en,0,0,0,5,0,0,0,0,5,0,0,,
2023-11-11T18:47:17.890,072da0cd-6ad9-11eb-a1a9-005056ad4f31,Computer Systems,,(title in AnonLang),arduino-gcc,al,2,2,0,1,0,0,0,1,0,0,0,,
2023-11-11T18:48:31.342,9073155a-b5f3-11ec-8d84-d310d4f96200,Programming I and II,,Josephus problem - simulation,python3,en,0,0,0.25,4,1,0,0,3,0,0,0,,
2023-11-11T18:49:06.899,45a90981-9e07-11eb-a1a9-005056ad4f31,Programming I and II,,Ant on an infinite grid,cs-dotnet-core,en,0,0,0,5,0,0,0,2,3,0,0,,
2023-11-11T18:50:41.054,27538c91-4167-11ec-986f-f39926f24a9c,Java,,USER-STAT,java,en,2,2,0,1,0,0,0,0,0,0,1,no solution id,
2023-11-11T18:51:06.985,34ee3ca7-a205-11ec-986f-f39926f24a9c,Programming I and II,,(title in AnonLang),python3,al,0,0,0,5,0,0,5,0,0,0,0,,
2023-11-11T18:51:19.468,d0abb5e2-a811-11e7-a937-00505601122b,Programming I and II,,(title in AnonLang),python3,al,0,0,0,5,0,0,0,5,0,0,0,,
2023-11-11T18:52:31.404,c99cc4c2-b0fd-11ec-8d84-d310d4f96200,Non-Procedural Programming,,(title in AnonLang),haskell,al,0,0,0.33,3,1,0,0,2,0,0,0,,
2023-11-11T18:52:41.589,922ff917-7a8e-11eb-a1a9-005056ad4f31,Programming I and II,,Longest arithmetic subsequence,cs-dotnet-core,en,0,0,0,1,0,0,0,0,0,0,1,no solution id,
2023-11-11T18:52:54.703,61807005-4d7a-4a0e-9301-319ece0e027c,Non-Procedural Programming,,Expression reduction,prolog,en,0,0,0.1,10,1,0,6,3,0,0,0,,
2023-11-11T18:55:47.208,8f3f6757-e611-4ba4-8a66-1e20c4af2863,Programming I and II,,(title in AnonLang),python3,al,0,0,0,1,0,0,1,0,0,0,0,,
2023-11-11T18:56:23.307,14214dea-a88c-11e7-a937-00505601122b,Programming I and II,,(title in AnonLang),python3,al,0,0,0,10,0,0,0,2,8,0,0,,
2023-11-11T19:14:45.670,73c4c14d-85da-11eb-a1a9-005056ad4f31,Web Applications,,PHP - NotORM,php-linux,en,15,14,0,1,0,0,0,0,0,0,1,context window exceeded,
2023-11-11T19:16:11.168,d184e4aa-bc32-11ec-8da3-d412db16db0b,Programming I and II,,(title in AnonLang),cs-dotnet-core,al,2,2,0,1,0,0,0,0,0,0,1,Exercise submission error - File 'Program.cs' is already defined by author of the exercise,
2023-11-11T19:16:19.415,56a15740-a88d-11e7-a937-00505601122b,Programming I and II,,(title in AnonLang),python3,al,0,0,0,10,0,0,0,10,0,0,0,,
2023-11-11T19:17:02.703,5d844e59-c46a-47e2-b7ce-1a055bc6f9e5,Non-Procedural Programming,,Mini-Sudoku,haskell,en,1,0,0,10,0,10,0,0,0,0,0,,
2023-11-11T19:20:17.370,54eed52b-ca08-11e7-a937-00505601122b,Programming I and II,,(title in AnonLang),python3,al,0,0,0,5,0,0,5,0,0,0,0,,
2023-11-11T19:20:30.634,1b4dd6b9-a814-11e7-a937-00505601122b,Programming I and II,,Phonebook for Integers,python3,en,0,0,0,4,0,0,0,4,0,0,0,,
2023-11-11T19:21:23.904,422330d3-2c41-11ed-8d67-d30fcedff11b,Programming I and II,,(title in AnonLang),cxx-gcc-linux,al,0,0,0,10,0,10,0,0,0,0,0,,
2023-11-11T19:21:31.464,b2d32aac-a88c-11e7-a937-00505601122b,Programming I and II,,Number of days,python3,en,0,0,0,10,0,0,0,10,0,0,0,,
2023-11-11T19:24:41.094,b6a2c6b1-d9d1-4314-9569-9f565160c5e7,Programming in C++,,Expression Evaluator,cxx-gcc-linux,en,0,0,0,1,0,1,0,0,0,0,0,,
2023-11-11T19:24:47.172,c2e6735c-1ab4-11eb-8e81-005056ad4f31,Programming I and II,,Magic square,python3,en,0,0,0,11,0,0,0,11,0,0,0,,
2023-11-11T19:25:34.548,0bcd1c1f-62f3-11ea-a595-00505601122b,Non-Procedural Programming,,Matrix multiplication,prolog,en,0,0,0,6,0,0,0,4,2,0,0,,
2023-11-11T19:26:42.489,44346588-1f11-44aa-8412-b770e6712e1d,Programming I and II,,(title in AnonLang),python3,al,0,0,0.67,3,2,0,1,0,0,0,0,,
2023-11-11T19:28:25.232,86084f83-915a-11ea-befc-00505601122b,Programming I and II,,One against one hundred,cs-dotnet-core,en,0,0,0,5,0,5,0,0,0,0,0,,
2023-11-11T19:28:42.548,b60f5865-f366-11e9-9ce9-00505601122b,Programming I and II,,(title in AnonLang),python3,al,0,0,0.2,5,1,0,0,4,0,0,0,,
2023-11-11T19:28:52.156,83c38482-89e4-11eb-a1a9-005056ad4f31,Programming I and II,,Fractional arithmetic,cs-dotnet-core,en,0,0,0,8,0,0,8,0,0,0,0,,
2023-11-11T19:31:50.163,bc925e56-7b7e-11eb-a1a9-005056ad4f31,Non-Procedural Programming,,Binary addition,prolog,en,0,0,0,8,0,0,8,0,0,0,0,,
2023-11-11T19:32:07.924,5bb189d2-8a5a-11ea-befc-00505601122b,Programming I and II,,P2M: Bipartite graph,python3,en,0,0,0,10,0,0,0,10,0,0,0,,
2023-11-11T19:32:39.803,045919bc-a51c-11ec-986f-f39926f24a9c,Parallel Programming,,Levenshtein's edit distance (OpenMP),cxx-gcc-linux,en,0,0,0,5,0,5,0,0,0,0,0,,
2023-11-11T19:33:32.490,695d4536-4624-11ea-9c53-00505601122b,Programming I and II,,(title in AnonLang),python3,al,0,0,0,10,0,0,10,0,0,0,0,,
2023-11-11T19:34:18.433,4d1a85a7-595c-11ec-986f-f39926f24a9c,Programming I and II,,Longest common substring,python3,en,0,0,0,3,0,0,0,3,0,0,0,,
2023-11-11T19:34:50.017,6604135e-cb29-11ec-8da3-d412db16db0b,Programming I and II,,Garden,python3,en,0,0,0,5,0,0,5,0,0,0,0,,
2023-11-11T19:35:00.474,f42afd22-ba88-11ec-8d84-d310d4f96200,Programming I and II,,Grow a Tree,python3,en,0,0,0,5,0,0,0,5,0,0,0,,
2023-11-11T19:35:13.615,1970aed1-7f42-11ea-a595-00505601122b,Programming I and II,,(title in AnonLang),python3,al,0,0,0,10,0,0,0,10,0,0,0,,
2023-11-11T19:39:11.459,7c914b1c-959a-11ec-986f-f39926f24a9c,Non-Procedural Programming,,Vectors,prolog,en,0,0,0,13,0,0,6,7,0,0,0,,
2023-11-11T19:39:28.773,d0d85dfd-ab98-11ec-8d84-d310d4f96200,Non-Procedural Programming,,Integers,haskell,en,0,0,0,19,0,19,0,0,0,0,0,,
2023-11-11T19:39:34.866,d020ef26-70bd-11e9-b0fd-00505601122b,Programming in Python,,PY MAZE,python3,en,2,2,0,5,0,0,0,5,0,0,0,,
2023-11-11T19:44:30.494,3ed0431c-62f1-11ea-a595-00505601122b,Non-Procedural Programming,,Dates with years,prolog,en,0,0,0,10,0,10,0,0,0,0,0,,
2023-11-11T19:45:31.165,b26fb39c-52b5-11ec-986f-f39926f24a9c,Introduction to Algorithms,,"Tree set, extended",python3,en,0,0,0,3,0,0,3,0,0,0,0,,
2023-11-11T19:45:47.746,7955e261-09b1-11ea-9ce9-00505601122b,Programming I and II,,(title in AnonLang),python3,al,0,0,0,5,0,0,0,5,0,0,0,,
2023-11-11T19:46:13.445,a04214ef-a4a7-11ec-986f-f39926f24a9c,Programming I and II,,An Actual Queue,python3,en,0,0,0,5,0,0,0,5,0,0,0,,
2023-11-11T19:47:30.199,cfee4ccb-502f-11eb-a1a9-005056ad4f31,Programming I and II,Introduction to Algorithms,Path of a rook,python3,en,0,0,0,12,0,0,0,12,0,0,0,,
2023-11-11T19:47:53.157,df4da275-f027-11e9-9ce9-00505601122b,Programming I and II,,Caesar cipher,python3,en,0,0,0.2,5,1,0,0,4,0,0,0,,
2023-11-11T19:49:01.663,d22efabf-5c10-11ea-a595-00505601122b,Programming I and II,,(title in AnonLang),python3,al,0,0,0,15,0,0,15,0,0,0,0,,
2023-11-11T19:49:33.102,815b9eeb-a7ab-11e7-a937-00505601122b,C# Language and .NET Framework,,Word Counting,cs-dotnet-core,en,1,1,0.58,12,7,0,0,5,0,0,0,,
2023-11-11T19:50:17.097,ec16a616-9112-11ea-befc-00505601122b,Non-Procedural Programming,,Post's correspondence problem,haskell,en,0,0,0,5,0,5,0,0,0,0,0,,
2023-11-11T19:51:01.543,c3555e94-e92d-49f3-88dd-c442eaf3d0d0,Programming I and II,,(title in AnonLang),cs-dotnet-core,al,0,0,0,3,0,0,0,3,0,0,0,,
2023-11-11T19:53:12.074,ca380800-a88b-11e7-a937-00505601122b,Programming I and II,,(title in AnonLang),python3,al,0,0,0,7,0,0,7,0,0,0,0,,
2023-11-11T19:54:00.232,ec7783c9-31ce-11ec-986f-f39926f24a9c,Introduction to Algorithms,,(title in AnonLang),python3,al,1,1,0.5,14,7,0,7,0,0,0,0,,
2023-11-11T19:54:32.148,8f99ccae-78a9-11ea-a595-00505601122b,Non-Procedural Programming,,Relations,haskell,en,0,0,0,10,0,10,0,0,0,0,0,,
2023-11-11T19:56:12.309,f3368cef-9a8d-11ec-986f-f39926f24a9c,Programming I and II,,Fibonacci algorithm for fraction decomposition,python3,en,0,0,0,4,0,0,0,4,0,0,0,,
2023-11-11T19:56:29.700,030ffc52-e588-11e7-9ef6-00505601122b,Programming I and II,,Student's schedule,cxx-gcc-linux,en,0,0,0,5,0,0,0,5,0,0,0,,
2023-11-11T19:57:59.484,30491b17-376b-11ec-986f-f39926f24a9c,Java,,POST-CALC,java,en,2,2,0,4,0,4,0,0,0,0,0,,
2023-11-11T19:58:10.432,ecf41dea-c54d-11eb-a1a9-005056ad4f31,Non-Procedural Programming,,Largest square submatrix,haskell,en,0,0,0,8,0,8,0,0,0,0,0,,
2023-11-11T19:58:35.519,44c3ae04-380c-11ec-986f-f39926f24a9c,Programming I and II,,Radix sort,python3,en,0,0,0,10,0,0,0,10,0,0,0,,
2023-11-11T19:59:24.909,7359f204-9b13-11ec-986f-f39926f24a9c,Non-Procedural Programming,,Clique,prolog,en,1,0,0,8,0,0,8,0,0,0,0,,
2023-11-11T20:00:01.674,2a4cdd91-0ef1-11eb-98c0-005056ad4f31,Programming I and II,,(title in AnonLang),python3,al,0,0,0,4,0,0,0,4,0,0,0,,
2023-11-11T20:02:39.428,c7eeb228-4583-11ec-986f-f39926f24a9c,Programming I and II,,(title in AnonLang),python3,al,0,0,0,9,0,0,0,9,0,0,0,,
2023-11-11T20:02:59.575,2a53e267-3e6e-11eb-a1a9-005056ad4f31,Programming I and II,,(title in AnonLang),python3,al,0,0,0,10,0,0,10,0,0,0,0,,
2023-11-11T20:04:00.494,1fa83b4a-2458-11eb-8e81-005056ad4f31,Programming I and II,,(title in AnonLang),python3,al,0,0,0,3,0,0,0,3,0,0,0,,
2023-11-11T20:04:13.629,16796159-0fab-11eb-98c0-005056ad4f31,Programming I and II,Introduction to Algorithms,Converting between bases,python3,en,0,0,0,9,0,0,9,0,0,0,0,,
2023-11-11T20:04:57.291,57cf87f5-0fa6-11ea-9ce9-00505601122b,Programming I and II,,(title in AnonLang),python3,al,0,0,0.83,6,5,0,0,1,0,0,0,,
2023-11-11T20:05:10.545,4d99ef6b-8f59-11ec-986f-f39926f24a9c,Non-Procedural Programming,,(title in AnonLang),prolog,al,0,0,0,4,0,0,3,1,0,0,0,,
2023-11-11T20:05:33.536,8358bdb7-e22e-4b03-b550-8c65ce50eea5,Programming I and II,,(title in AnonLang),python3,al,0,0,0.25,4,1,0,0,3,0,0,0,,
2023-11-11T20:06:05.569,8fcf7db0-427a-11ec-986f-f39926f24a9c,Programming in C++,,Simple people database,cxx-gcc-linux,en,0,0,0,8,0,8,0,0,0,0,0,,
2023-11-11T20:06:14.305,efbf504e-1ad3-11eb-8e81-005056ad4f31,Programming I and II,,Copying by sentences,python3,en,0,0,0,1,0,0,0,0,0,0,1,File name '=' contains invalid characters,
2023-11-11T20:06:24.149,d922be97-18e4-11eb-8e81-005056ad4f31,Introduction to Algorithms,,Goldbach sums,python3,en,0,0,0,10,0,0,0,10,0,0,0,,
2023-11-11T20:06:49.334,1cbd52ae-7b88-11eb-a1a9-005056ad4f31,Non-Procedural Programming,,Family tree,prolog,en,0,0,0,12,0,0,0,12,0,0,0,,
2023-11-11T20:07:03.892,3b9cc7cc-4fe3-11ec-986f-f39926f24a9c,Programming I and II,,Average word length,python3,en,0,0,0,4,0,0,4,0,0,0,0,,
2023-11-11T20:09:48.401,a134a740-457a-480a-b322-8b9cb9377328,Programming I and II,,Position of elements in merged sequence,python3,en,0,0,0,5,0,0,5,0,0,0,0,,
2023-11-11T20:10:19.749,cb00260e-b284-11eb-a1a9-005056ad4f31,Non-Procedural Programming,,Hangman,haskell,en,0,0,0,3,0,3,0,0,0,0,0,,
2023-11-11T20:10:49.686,9d25dd86-69b6-11ea-a595-00505601122b,Programming I and II,,Most frequent words by length,python3,en,0,0,0,5,0,0,0,5,0,0,0,,
2023-11-11T20:12:07.748,69bb9d97-205d-11ec-986f-f39926f24a9c,Introduction to Algorithms,,(title in AnonLang),python3,al,1,1,0.5,8,4,0,4,0,0,0,0,,
2023-11-11T20:12:47.440,78b5b028-5955-11ea-a595-00505601122b,Java,,ANNOTATIONS,java,en,3,3,0,8,0,8,0,0,0,0,0,,
2023-11-11T20:12:54.854,f117c070-94ef-11ec-986f-f39926f24a9c,Java,,DIR-SERVICELOADER,java,en,4,1,0,1,0,0,0,0,0,0,1,no filename provided,
2023-11-11T20:13:33.064,677e0505-57f0-11ea-a595-00505601122b,Non-Procedural Programming,,Subsequences,prolog,en,0,0,0.3,10,3,0,0,2,3,2,0,,
2023-11-11T20:13:46.158,42f04cc6-bff5-11ec-8da3-d412db16db0b,Programming I and II,,Family Tree,python3,en,0,0,0,5,0,0,0,5,0,0,0,,
2023-11-11T20:14:39.559,a4fbdd3f-34a0-11ec-986f-f39926f24a9c,Programming I and II,,(title in AnonLang),python3,al,0,0,0,10,0,0,10,0,0,0,0,,
2023-11-11T20:14:58.410,070c19cd-bbff-11ec-8da3-d412db16db0b,Non-Procedural Programming,,Infinite combinations,haskell,en,0,0,0,15,0,15,0,0,0,0,0,,
2023-11-11T20:15:14.826,ce97d2ba-45f0-11ec-986f-f39926f24a9c,Introduction to Algorithms,,Coffee machine queue,python3,en,0,0,0.15,10,3,0,0,7,0,0,0,,
2023-11-11T20:16:58.780,93b71ca2-245b-11eb-8e81-005056ad4f31,Programming I and II,,(title in AnonLang),python3,al,0,0,0,3,0,0,3,0,0,0,0,,
2023-11-11T20:17:26.964,72df90c5-8acb-11ea-befc-00505601122b,Programming I and II,,Dominoes,python3,en,1,0,0,7,0,0,0,2,5,0,0,,
2023-11-11T20:17:33.775,c107aa96-f8d7-48e5-b331-628f902dc9f7,Non-Procedural Programming,,(title in AnonLang),prolog,al,0,0,0,7,0,0,7,0,0,0,0,,
2023-11-11T20:18:45.959,9751d2f7-8e3f-11eb-a1a9-005056ad4f31,Computer Systems,,03 - Arduino Buttons,arduino-gcc,en,2,2,0,3,0,3,0,0,0,0,0,,
2023-11-11T20:20:03.736,83a4954c-579d-11ec-986f-f39926f24a9c,Programming I and II,,(title in AnonLang),python3,al,0,0,0,3,0,0,3,0,0,0,0,,
2023-11-11T20:21:16.347,bef207d3-5639-42ad-9f7d-fd80f0b18aa9,Non-Procedural Programming,,(title in AnonLang),prolog,al,0,0,0,10,0,0,10,0,0,0,0,,
2023-11-11T20:22:44.808,c8cb7a3a-7576-11eb-a1a9-005056ad4f31,Computer Systems,,01 - Celmomether,cxx-gcc-linux,en,2,2,0,6,0,0,0,6,0,0,0,,
2023-11-11T20:23:05.065,7999837a-0044-4dcc-845b-a74fc371e368,Programming I and II,,(title in AnonLang),python3,al,0,0,0,8,0,0,0,8,0,0,0,,
2023-11-11T20:25:00.816,aaa7155c-737c-4f22-a87a-621c89757e27,Programming in C++,,CSV file reader,cxx-gcc-linux,en,0,0,0,7,0,7,0,0,0,0,0,,
2023-11-11T20:26:06.165,fd7595f4-a88f-11e7-a937-00505601122b,Programming I and II,,(title in AnonLang),python3,al,1,0,0,5,0,0,5,0,0,0,0,,
2023-11-11T20:28:47.339,105725b0-756e-4374-8171-a82c8d56e227,Non-Procedural Programming,,(title in AnonLang),prolog,al,0,0,0.33,6,2,0,0,4,0,0,0,,
2023-11-11T20:30:28.855,aed750c6-78b1-11ea-a595-00505601122b,Non-Procedural Programming,,Poker hands,haskell,en,0,0,0.8,10,8,0,0,2,0,0,0,,
2023-11-11T20:30:43.518,95ed2f45-2ea3-11eb-8e81-005056ad4f31,Programming I and II,,Packing boxes,cxx-gcc-linux,en,0,0,0,9,0,9,0,0,0,0,0,,
2023-11-11T20:31:35.598,f22cf424-208c-11e9-b0fd-00505601122b,Programming in C++,,Remove superfluous parentheses,cxx-gcc-linux,en,0,0,0,4,0,4,0,0,0,0,0,,
2023-11-11T20:32:55.497,06bdcce2-503a-11ec-986f-f39926f24a9c,Introduction to Algorithms,,(title in AnonLang),python3,al,1,1,0,3,0,0,3,0,0,0,0,,
2023-11-11T20:33:18.454,6cada2ad-9c81-11eb-a1a9-005056ad4f31,Non-Procedural Programming,,(title in AnonLang),haskell,al,0,0,0,6,0,0,0,0,6,0,0,,
2023-11-11T20:33:47.644,4bc5c00c-38c1-11ec-986f-f39926f24a9c,Programming I and II,,Find the longest continuous increasing subsequence,python3,en,0,0,0,4,0,0,0,4,0,0,0,,
2023-11-11T20:34:20.482,959ada66-69a4-11ea-a595-00505601122b,Programming I and II,,Strongly connected components,cs-dotnet-core,en,0,0,0,6,0,0,0,6,0,0,0,,
2023-11-11T20:34:46.958,0d2f4f6f-7cfa-11eb-a1a9-005056ad4f31,Programming I and II,,Number wheel,cs-dotnet-core,en,1,0,0,10,0,0,0,10,0,0,0,,
2023-11-11T20:36:07.812,85564133-f491-11e8-b0fd-00505601122b,Programming in C++,,(title in AnonLang),cxx-gcc-linux,al,4,4,0,1,0,0,0,0,0,0,1,no filename provided,
2023-11-11T20:37:08.324,37e4591f-d9b8-11ec-8da3-d412db16db0b,Programming I and II,,(title in AnonLang),cs-dotnet-core,al,0,0,0,8,0,0,8,0,0,0,0,,
2023-11-11T20:38:11.293,9d0d51e5-e118-11e8-a4be-00505601122b,Programming I and II,Introduction to Algorithms,Number of occurrences in an ordered array,python3,en,0,0,0,10,0,0,0,10,0,0,0,,
2023-11-11T20:40:18.880,87d19e6c-3331-4496-9918-459cd4169930,Programming in C++,,Directed Graph Distances,cxx-gcc-linux,en,1,0,0,4,0,4,0,0,0,0,0,,
2023-11-11T20:40:55.968,1eaea366-5079-11ec-986f-f39926f24a9c,Programming I and II,,(title in AnonLang),python3,al,0,0,1,5,5,0,0,0,0,0,0,,
2023-11-11T20:41:11.165,33adc61e-1532-11eb-8e81-005056ad4f31,Programming I and II,,Inverse permutation,python3,en,0,0,0,9,0,0,9,0,0,0,0,,
2023-11-11T20:42:07.160,1e5cc3df-a50e-45a7-be7e-357753e644e1,Non-Procedural Programming,,(title in AnonLang),prolog,al,0,0,0,7,0,0,7,0,0,0,0,,
2023-11-11T20:44:55.466,25c90f2a-e50a-11e7-9ef6-00505601122b,Programming I and II,,Meeting place,cxx-gcc-linux,en,1,0,0,9,0,0,0,9,0,0,0,,
2023-11-11T20:45:22.883,4ee8695d-867f-11eb-a1a9-005056ad4f31,Non-Procedural Programming,,Broken rods,prolog,en,0,0,0,7,0,0,0,4,2,1,0,,
2023-11-11T20:46:09.084,afae513d-1a3c-4b2a-b5f4-661bedb19bfc,Non-Procedural Programming,,(title in AnonLang),prolog,al,0,0,0.14,7,1,0,0,6,0,0,0,,
2023-11-11T20:48:00.948,105b720d-245e-11eb-8e81-005056ad4f31,Programming I and II,,(title in AnonLang),python3,al,0,0,0,3,0,0,0,3,0,0,0,,
2023-11-11T20:51:55.363,5974de72-aba3-11e7-a937-00505601122b,Java,,JUSTIFY,java,en,2,2,0,6,0,6,0,0,0,0,0,,
2023-11-11T20:53:42.300,de8737bd-b803-11eb-a1a9-005056ad4f31,Non-Procedural Programming,,(title in AnonLang),haskell,al,1,0,0,5,0,5,0,0,0,0,0,,
2023-11-11T20:55:39.187,d9d1ad8a-6ce2-11e9-b0fd-00505601122b,Non-Procedural Programming,,All balanced binary trees,haskell,en,0,0,0,4,0,4,0,0,0,0,0,,
2023-11-11T20:56:17.798,e1006a22-b9cd-11e7-a937-00505601122b,Programming I and II,,(title in AnonLang),cxx-gcc-linux,al,0,0,0,10,0,0,0,0,0,10,0,,
2023-11-11T20:58:27.367,6ef8ba2a-a04a-11e9-b0fd-00505601122b,Programming I and II,,Largest connected area,cs-dotnet-core,en,0,0,0,8,0,0,8,0,0,0,0,,
2023-11-11T21:00:02.974,c0eaaab6-958b-11ec-986f-f39926f24a9c,Non-Procedural Programming,,"Lists, lists, lists",prolog,en,0,0,0.7,23,16,0,3,4,0,0,0,,
2023-11-11T21:00:26.527,addc7884-b123-11ec-8d84-d310d4f96200,Non-Procedural Programming,,(title in AnonLang),prolog,al,0,0,0,7,0,0,7,0,0,0,0,,
2023-11-11T21:02:28.287,13e636e3-08ba-11eb-98c0-005056ad4f31,Introduction to Algorithms,,Primes in a range,python3,en,0,0,0,10,0,0,10,0,0,0,0,,
2023-11-11T21:04:37.518,cdfe2dad-54f6-4d9a-a54f-d76cacf1721a,Programming I and II,,(title in AnonLang),python3,al,0,0,0,10,0,0,0,0,6,4,0,,
2023-11-11T21:08:14.248,6b3dbca1-c188-11ec-8da3-d412db16db0b,Non-Procedural Programming,,"Polynomials, redux",haskell,en,0,0,0,15,0,15,0,0,0,0,0,,
2023-11-11T21:09:55.060,af04bec0-10fe-47db-9a4e-b72880b09462,Programming I and II,,(title in AnonLang),python3,al,1,1,0.2,10,2,0,0,8,0,0,0,,
2023-11-11T21:10:12.211,18c4a30f-325c-11ec-986f-f39926f24a9c,Programming I and II,,(title in AnonLang),python3,al,0,0,0,3,0,0,0,3,0,0,0,,
2023-11-11T21:12:20.772,602b4cb4-57f2-4cb4-8abe-5af19aac39c1,Non-Procedural Programming,,"Lists, lists, lists...",prolog,en,0,0,0.22,23,5,0,9,8,1,0,0,,
2023-11-11T21:13:16.508,bff31cb4-b9cd-11e7-a937-00505601122b,Programming I and II,,(title in AnonLang),cxx-gcc-linux,al,0,0,0,8,0,0,0,8,0,0,0,,
2023-11-11T21:15:59.329,b5b79b78-f8b0-4010-994f-8f47fc9a4479,Programming in C++,,(title in AnonLang),cxx-gcc-linux,al,0,0,0,1,0,1,0,0,0,0,0,,
2023-11-11T21:17:00.716,82e0c6e3-8005-407c-8680-15db949332e6,Non-Procedural Programming,,Pisemka,haskell,en,0,0,0,5,0,5,0,0,0,0,0,,
2023-11-11T21:18:10.725,1defc0fa-a88d-11e7-a937-00505601122b,Programming I and II,,(title in AnonLang),cs-dotnet-core,al,0,0,0,6,0,0,6,0,0,0,0,,
2023-11-11T21:18:13.911,0102902c-aba6-11e7-a937-00505601122b,C# Language and .NET Framework,,Expression Evaluation,cs-dotnet-core,en,0,0,0,1,0,0,0,0,0,0,1,no filename provided,
2023-11-11T21:19:33.194,878e1e11-0080-11ea-9ce9-00505601122b,Programming I and II,,Sailor on a raft,python3,en,0,0,0,6,0,0,0,6,0,0,0,,
2023-11-11T21:21:19.264,c57f6e29-95f0-11eb-a1a9-005056ad4f31,Computer Systems,,04 - Arduino 7seg Display,arduino-gcc,en,1,1,0,2,0,2,0,0,0,0,0,,
2023-11-11T21:21:58.362,3f320165-9c74-11eb-a1a9-005056ad4f31,Non-Procedural Programming,,(title in AnonLang),haskell,al,0,0,0,5,0,5,0,0,0,0,0,,
2023-11-11T21:22:26.770,e7ed6800-531e-11ea-a595-00505601122b,Programming I and II,,Satellite-mapping mountain peaks,cs-dotnet-core,en,0,0,0,11,0,0,11,0,0,0,0,,
2023-11-11T21:23:27.827,d61fdb32-c7ba-11ec-8da3-d412db16db0b,Non-Procedural Programming,,(title in AnonLang),haskell,al,0,0,0,15,0,15,0,0,0,0,0,,
2023-11-11T21:24:00.068,14ed7b78-8c0a-11eb-a1a9-005056ad4f31,Non-Procedural Programming,,Polynomials,prolog,en,0,0,0.11,9,1,0,5,2,1,0,0,,
2023-11-11T21:25:58.934,3f21abe7-4e37-11ec-986f-f39926f24a9c,Java,,FIND,java,en,1,1,0,6,0,6,0,0,0,0,0,,
2023-11-11T21:27:47.489,8453a552-dde8-11e8-a4be-00505601122b,Programming in C++,,(title in AnonLang),cxx-gcc-linux,al,0,0,0,4,0,4,0,0,0,0,0,,
2023-11-11T21:28:58.240,889fedce-2b56-11eb-8e81-005056ad4f31,Programming I and II,,Matrix class,python3,en,0,0,0.18,9,2,0,7,0,0,0,0,,
2023-11-11T21:30:06.404,3735bf80-0087-11ea-9ce9-00505601122b,Programming I and II,,Tile on a chessboard,python3,en,0,0,0,7,0,0,0,7,0,0,0,,
2023-11-11T21:30:15.988,1cb742b0-7bd6-49cf-b4ea-70acd81bca04,Programming in C++,,String Expressions Evaluator,cxx-gcc-linux,en,0,0,0,1,0,0,0,0,0,0,1,no solution id,
2023-11-11T21:31:23.357,b751096d-a946-4968-9a16-fccec25c3a12,Programming I and II,,(title in AnonLang),python3,al,0,0,0,10,0,0,10,0,0,0,0,,
2023-11-11T21:32:11.685,4bd8785f-79c4-11ea-a595-00505601122b,Programming I and II,,(title in AnonLang),python3,al,0,0,0,10,0,0,10,0,0,0,0,,
2023-11-11T21:32:53.688,e2710409-4f1f-11ec-986f-f39926f24a9c,Programming I and II,,(title in AnonLang),python3,al,0,0,0,3,0,0,3,0,0,0,0,,
2023-11-11T21:33:58.114,e5ea3608-9f05-11ec-986f-f39926f24a9c,Programming I and II,,Rectangle class,cs-dotnet-core,en,0,0,0.4,7,4,0,0,3,0,0,0,,
2023-11-11T21:34:04.924,4c4fadf5-7ee7-11ec-986f-f39926f24a9c,Programming in C++,,Smart calculator,cxx-gcc-linux,en,0,0,0,12,0,12,0,0,0,0,0,,
2023-11-11T21:35:09.156,b24fef50-5aa2-11ec-986f-f39926f24a9c,Programming I and II,,(title in AnonLang),python3,al,0,0,0.2,5,1,0,1,2,1,0,0,,
2023-11-11T21:35:58.795,ccab6041-a811-11e7-a937-00505601122b,Programming I and II,,Drunks and Darts,c-gcc-linux,en,0,0,0,1,0,0,0,0,0,0,1,no solution id,
2023-11-11T21:39:11.022,d472667d-fa2d-11e8-b0fd-00505601122b,Programming in C++,,(title in AnonLang),cxx-gcc-linux,al,0,0,0,4,0,4,0,0,0,0,0,,
2023-11-11T21:39:45.710,b36d885b-8bfd-11eb-a1a9-005056ad4f31,Non-Procedural Programming,,Cryptogram,prolog,en,0,0,0,5,0,0,0,5,0,0,0,,
2023-11-11T21:42:38.497,45f56386-5a07-46fe-a3a3-75c672a84f34,Programming I and II,,(title in AnonLang),cs-dotnet-core,al,0,0,0.38,8,3,0,0,5,0,0,0,,
2023-11-11T21:44:08.179,e46c2dc7-e617-11e8-a4be-00505601122b,Web Applications,,JS - Gallery Metadata,node-linux,en,3,3,0,7,0,0,7,0,0,0,0,,
2023-11-11T21:44:49.690,f9f51767-43a7-11eb-a1a9-005056ad4f31,Introduction to Algorithms,,Bureaucratic apparatus,python3,en,0,0,0,8,0,0,0,8,0,0,0,,
2023-11-11T21:46:15.057,fd0420ca-ef04-11e8-b0fd-00505601122b,Programming in C++,,(title in AnonLang),cxx-gcc-linux,al,2,2,0,3,0,3,0,0,0,0,0,,
2023-11-11T21:46:35.127,a81410b9-2e73-11eb-8e81-005056ad4f31,Programming I and II,,Supply centers,cxx-gcc-linux,en,2,0,0,4,0,0,0,4,0,0,0,,
2023-11-11T21:47:53.376,05f56284-af86-11ec-8d84-d310d4f96200,Programming I and II,,Robot walk,cs-dotnet-core,en,0,0,0.25,8,2,0,0,6,0,0,0,,
2023-11-11T21:48:01.654,53135ed2-0b88-11ea-9ce9-00505601122b,Programming I and II,Introduction to Algorithms,Train on a bridge,python3,en,0,0,0,15,0,0,15,0,0,0,0,,
2023-11-11T21:49:37.205,93d77751-2460-11eb-8e81-005056ad4f31,Programming I and II,,(title in AnonLang),python3,al,0,0,0,3,0,0,0,3,0,0,0,,
2023-11-11T21:49:44.648,dccd88ad-e046-11e8-a4be-00505601122b,Web Applications,,JS - Rectangles,node-linux,en,9,7,0,1,0,0,0,0,0,0,1,no filename provided,
2023-11-11T21:52:49.447,25b7a6e4-a0d0-11e9-b0fd-00505601122b,Programming I and II,,Quadrant compression,cxx-gcc-linux,en,0,0,0,4,0,4,0,0,0,0,0,,
2023-11-11T21:54:25.055,ef819de6-2f8a-11ec-986f-f39926f24a9c,Programming I and II,,(title in AnonLang),python3,al,0,0,0,11,0,0,11,0,0,0,0,,
2023-11-11T21:55:15.760,abcb7719-5679-11ec-986f-f39926f24a9c,Programming I and II,,(title in AnonLang),python3,al,0,0,0,3,0,0,3,0,0,0,0,,
2023-11-11T21:55:30.260,df3a8405-783e-11eb-a1a9-005056ad4f31,Programming I and II,,Diff,cxx-gcc-linux,en,0,0,0,4,0,0,0,4,0,0,0,,
2023-11-11T21:55:31.431,8a784468-45ed-11e9-b0fd-00505601122b,Web Applications,,PHP - CLI Arguments (Reflection),php-linux,en,3,3,0,1,0,0,0,0,0,0,1,context window exceeded,
2023-11-11T21:56:30.163,04f22585-2b49-11eb-8e81-005056ad4f31,Programming I and II,Introduction to Algorithms,Merging sorted files,python3,en,0,0,0,9,0,0,9,0,0,0,0,,
2023-11-11T21:58:48.574,e26be6c7-495b-11ec-986f-f39926f24a9c,Programming I and II,,(title in AnonLang),python3,al,1,1,0,10,0,0,10,0,0,0,0,,
2023-11-11T22:00:17.569,7ff85d4f-ab36-11ea-a038-00505601122b,Programming I and II,,Lakes,python3,en,0,0,0,10,0,0,10,0,0,0,0,,
2023-11-11T22:00:35.480,42e6d34b-a460-11ec-986f-f39926f24a9c,Parallel Programming,,K-means (TBB),cxx-gcc-linux,en,0,0,0,3,0,3,0,0,0,0,0,,
2023-11-11T22:03:46.450,7b40b5f4-aba3-11e7-a937-00505601122b,Java,,CALC-VARS,java,en,2,2,0,4,0,4,0,0,0,0,0,,
2023-11-11T22:07:24.913,ecbf8f93-b9cd-11e7-a937-00505601122b,Programming I and II,,Typesetting,cxx-gcc-linux,en,0,0,0,7,0,7,0,0,0,0,0,,
2023-11-11T22:08:04.862,c319cff7-0635-11ea-9ce9-00505601122b,Programming I and II,,Twenty most frequent words,python3,en,0,0,0,5,0,0,0,5,0,0,0,,
2023-11-11T22:08:54.999,6865eafc-1098-11eb-98c0-005056ad4f31,Programming I and II,,(title in AnonLang),python3,al,0,0,0,4,0,0,0,4,0,0,0,,
2023-11-11T22:08:56.930,35615060-50c1-11e9-b0fd-00505601122b,Web Applications,,ACL Security Model,php-linux,en,6,6,0,1,0,0,0,0,0,0,1,context window exceeded,
2023-11-11T22:11:58.108,9db2256d-67c0-11eb-a1a9-005056ad4f31,Programming in C++,,XXP Interpreter,cxx-gcc-linux,en,4,3,0,12,0,12,0,0,0,0,0,,
2023-11-11T22:13:36.689,5ab8c81c-916d-11eb-a1a9-005056ad4f31,Non-Procedural Programming,,Minesweeper in one dimension,prolog,en,2,0,0,10,0,0,1,1,8,0,0,,
2023-11-11T22:14:56.290,95aed953-e2e2-11e8-a4be-00505601122b,Web Applications,,JS - Rectangles (efficiently),node-linux,en,9,7,0,11,0,0,11,0,0,0,0,,
2023-11-11T22:15:16.408,77a4a9de-a7aa-11e7-a937-00505601122b,C# Language and .NET Framework,,Word Frequency,cs-dotnet-core,en,2,2,0.2,11,2,0,0,9,0,0,0,,
2023-11-11T22:18:04.003,9543bc4a-2798-11eb-8e81-005056ad4f31,Web Applications,,PHP - Templator,php-linux,en,5,5,0,6,0,0,6,0,0,0,0,,
2023-11-11T22:19:27.435,f320f831-0625-11ea-9ce9-00505601122b,Programming I and II,,Fractions,python3,en,0,0,0,5,0,0,0,5,0,0,0,,
2023-11-11T22:20:51.700,05f667db-f0c2-11e8-b0fd-00505601122b,Java,,LIFE,java,en,2,2,0,6,0,0,6,0,0,0,0,,
2023-11-11T22:21:16.628,fcac6156-57b4-11ec-986f-f39926f24a9c,Programming I and II,,Equifrequent numbers,python3,en,0,0,0,4,0,0,4,0,0,0,0,,
2023-11-11T22:22:15.181,1c374b9a-f577-11e9-9ce9-00505601122b,Programming I and II,,Hot dogs,python3,en,0,0,0.43,7,3,0,0,0,4,0,0,,
2023-11-11T22:25:19.865,2c2c4736-13b7-4464-825d-d724a295917c,Non-Procedural Programming,,Monkey and bananas,prolog,en,0,0,0,8,0,0,8,0,0,0,0,,
2023-11-11T22:26:49.808,eb50e3aa-abf6-11eb-a1a9-005056ad4f31,Computer Systems,,06 - Arduino Running Message,arduino-gcc,en,3,3,0,1,0,1,0,0,0,0,0,,
2023-11-11T22:27:47.124,f125ffce-5154-11e9-b0fd-00505601122b,Web Applications,,ACL Security Model (extension),php-linux,en,6,6,0,1,0,0,0,0,0,0,1,context window exceeded,
2023-11-11T22:28:45.918,13b28da6-5be7-11e9-b0fd-00505601122b,Web Applications,,(title in AnonLang),node-linux,al,2,2,0,1,0,0,1,0,0,0,0,,
2023-11-11T22:31:18.642,95fcb0ef-73f9-11ec-986f-f39926f24a9c,Programming in C++,,Market Simulation,cxx-gcc-linux,en,2,2,0,10,0,0,0,10,0,0,0,,
2023-11-11T22:32:54.608,ac61442a-e68b-11e7-9ef6-00505601122b,Programming I and II,,Theseus and the Minotaur,cxx-gcc-linux,en,0,0,0,6,0,0,0,6,0,0,0,,
2023-11-11T22:33:17.412,b31df8ca-244a-11eb-8e81-005056ad4f31,Introduction to Algorithms,,Linked lists,python3,en,0,0,0,9,0,0,9,0,0,0,0,,
2023-11-11T22:36:36.274,6e000712-678f-11e9-b0fd-00505601122b,Non-Procedural Programming,,Ranked-choice voting,haskell,en,0,0,0,5,0,5,0,0,0,0,0,,
2023-11-11T22:36:43.079,f3319c24-cba5-11ec-8da3-d412db16db0b,Programming in Python,,PY SPREADSHEET,python3,en,2,2,0,6,0,0,0,6,0,0,0,,
2023-11-11T22:37:12.251,208afe0f-1f5e-425e-9ebd-3fdcb5143b05,Programming I and II,,(title in AnonLang),python3,al,3,3,0,5,0,0,5,0,0,0,0,,
2023-11-11T22:40:46.654,8763dd86-9319-11ec-986f-f39926f24a9c,Programming I and II,,(title in AnonLang),cs-dotnet-core,al,17,17,0,1,0,0,0,0,0,0,1,context window exceeded,
2023-11-11T22:44:05.722,6924c6d0-42dc-11ea-9c53-00505601122b,Programming in C++,,Macro-processor with parameters,cxx-gcc-linux,en,0,0,0,5,0,5,0,0,0,0,0,,
2023-11-11T22:44:40.520,689260aa-73c1-11e8-94db-00505601122b,Programming I and II,,Examination,cxx-gcc-linux,en,0,0,0,4,0,4,0,0,0,0,0,,
2023-11-11T22:45:50.596,8043239a-aba9-11e7-a937-00505601122b,C# Language and .NET Framework,,Huffman I,cs-dotnet-core,en,10,9,0.15,11,3,0,0,8,0,0,0,,
2023-11-11T22:46:28.212,4ea56a13-6d9e-11e9-b0fd-00505601122b,Programming I and II,,Two Beast in a Labyrinth,cs-dotnet-core,en,0,0,0,4,0,0,0,4,0,0,0,,
2023-11-11T22:50:58.651,5afeb7b9-8275-11ec-986f-f39926f24a9c,Programming in C++,,Natural join,cxx-gcc-linux,en,3,3,0,8,0,8,0,0,0,0,0,,
2023-11-11T22:51:08.368,11038fd3-ade9-11eb-a1a9-005056ad4f31,Web Applications,,JS - Immutable,node-linux,en,2,2,0,2,0,0,2,0,0,0,0,,
2023-11-11T22:53:53.757,15634693-424e-11ec-986f-f39926f24a9c,Introduction to Algorithms,,Visual quicksort,python3,en,0,0,0,6,0,0,0,6,0,0,0,,
2023-11-11T22:54:01.963,5374ab48-1c39-11ea-9ce9-00505601122b,Programming I and II,,(title in AnonLang),python3,al,0,0,0,7,0,0,0,7,0,0,0,,
2023-11-11T22:58:08.350,e5173500-c000-11ec-8da3-d412db16db0b,Programming I and II,,Heliskiing,cs-dotnet-core,en,1,0,0,1,0,0,0,0,0,0,1,no solution id,
2023-11-11T22:58:31.158,0432b1a0-884e-11eb-a1a9-005056ad4f31,Programming I and II,,Dynamic array,cs-dotnet-core,en,0,0,0.44,9,4,0,4,1,0,0,0,,
2023-11-11T23:00:35.781,5131ab11-c52d-11ec-8da3-d412db16db0b,Advanced C++ Programming,,Virtual thread scheduler,cxx-gcc-linux,en,2,2,0,3,0,3,0,0,0,0,0,,
2023-11-11T23:02:04.888,9a9b8b15-99e6-11eb-a1a9-005056ad4f31,Computer Systems,,05 - Arduino Stopwatch,arduino-gcc,en,1,1,0,2,0,2,0,0,0,0,0,,
2023-11-11T23:02:57.315,8aa7a10e-a9d9-11ec-8d84-d310d4f96200,Programming I and II,,A Linked List,python3,en,1,1,0.33,3,1,0,2,0,0,0,0,,
2023-11-11T23:07:03.334,82f8a733-1cdc-11ea-9ce9-00505601122b,Programming I and II,Introduction to Algorithms,(title in AnonLang),python3,al,2,0,0,20,0,0,20,0,0,0,0,,
2023-11-11T23:08:27.910,0e8f2089-af9c-11ec-8d84-d310d4f96200,Programming I and II,,A Linked List Vol. 2,python3,en,1,1,0.4,3,1,0,2,0,0,0,0,,
2023-11-11T23:09:21.753,14882779-1d7c-11eb-8e81-005056ad4f31,Programming I and II,,(title in AnonLang),python3,al,1,1,0,5,0,0,0,5,0,0,0,,
2023-11-11T23:10:26.812,dc7eb1ab-fc09-11e8-b0fd-00505601122b,Web Applications,,PHP - Processing Structured Config,php-linux,en,4,4,0,9,0,0,9,0,0,0,0,,
2023-11-11T23:10:27.981,0d80e912-5f2f-4aab-b076-306e5e6ffd3f,Programming in C++,,Phonebook,cxx-gcc-linux,en,4,4,0,1,0,0,0,0,0,0,1,context window exceeded,
2023-11-11T23:11:39.548,6c12d54f-fb2a-11e9-9ce9-00505601122b,Programming I and II,,English or AnonLang?,python3,en,0,0,0,6,0,0,6,0,0,0,0,,
2023-11-11T23:12:56.696,1cf84d48-2221-11eb-8e81-005056ad4f31,Web Applications,,PHP - Smart Table,php-linux,en,3,3,0,15,0,0,15,0,0,0,0,,
2023-11-11T23:16:24.731,599bda7f-06fd-11e9-b0fd-00505601122b,Web Applications,,PHP - Form Processing [mandatory],php-linux,en,4,3,0,16,0,0,16,0,0,0,0,,
2023-11-11T23:16:35.015,c706ed63-30d1-11ea-9ce9-00505601122b,Programming I and II,,(title in AnonLang),python3,al,0,0,0,15,0,0,0,15,0,0,0,,
2023-11-11T23:17:58.616,2fb88edc-10d3-11e9-b0fd-00505601122b,Web Applications,,PHP - REST API Router,php-linux,en,8,7,0,13,0,0,13,0,0,0,0,,
2023-11-11T23:17:59.766,a765fae9-84e8-11ea-a595-00505601122b,Web Applications,,(title in AnonLang),node-linux,al,7,5,0,1,0,0,0,0,0,0,1,context window exceeded,
2023-11-11T23:18:18.310,970fb684-672b-11ec-986f-f39926f24a9c,Introduction to Algorithms,,(title in AnonLang),python3,al,6,3,0,8,0,0,6,0,0,2,0,,
2023-11-11T23:20:13.552,adb43c13-923f-11ec-986f-f39926f24a9c,Programming I and II,,Frequency Table,python3,en,1,1,0.43,7,3,0,4,0,0,0,0,,
2023-11-11T23:21:51.690,f77e653f-892b-4fa4-b5d8-c1e56fcaa6a3,C# Language and .NET Framework,,Practical Test: Prolog Unification Algorithm,cs-dotnet-core,en,13,7,0,1,0,0,0,0,0,0,1,no solution id,
2023-11-11T23:21:52.848,673300db-b5bc-11ec-8d84-d310d4f96200,Programming I and II,,(title in AnonLang),cs-dotnet-core,al,5,4,0,1,0,0,0,0,0,0,1,context window exceeded,
2023-11-11T23:22:34.870,ba535882-6a38-11ea-a595-00505601122b,Web Applications,,PHP - NIM,php-linux,en,5,3,0.1,10,1,0,0,9,0,0,0,,
2023-11-11T23:26:59.730,7e984230-aba3-11e7-a937-00505601122b,Java,,STEST,java,en,2,2,0,4,0,4,0,0,0,0,0,,
2023-11-11T23:27:34.407,971b5846-947d-11ea-befc-00505601122b,Non-Procedural Programming,,(title in AnonLang),haskell,al,2,1,0,11,0,11,0,0,0,0,0,,
2023-11-11T23:27:55.735,279390b5-0b90-11ea-9ce9-00505601122b,Programming I and II,,Typesetting,cs-dotnet-core,en,0,0,0,6,0,0,0,6,0,0,0,,
2023-11-11T23:29:27.175,7a6122b2-7bc8-11ec-986f-f39926f24a9c,Programming in C++,,(title in AnonLang),cxx-gcc-linux,al,2,2,0,1,0,0,0,0,0,0,1,duplicate filename cpu.cpp,
2023-11-11T23:29:57.883,648d0592-29b4-11eb-8e81-005056ad4f31,Introduction to Algorithms,,Circular queue,python3,en,0,0,0.1,10,1,0,6,3,0,0,0,,
2023-11-11T23:30:35.057,dd58c127-7412-11ea-a595-00505601122b,Programming I and II,,Heavy snowfall,python3,en,0,0,0,1,0,0,0,0,0,0,1,no solution id,
2023-11-11T23:31:22.804,0b3ced27-4053-11ea-9c53-00505601122b,Programming I and II,,(title in AnonLang),python3,al,0,0,0,10,0,0,10,0,0,0,0,,
2023-11-11T23:32:11.407,6fc31ba9-aba3-11e7-a937-00505601122b,Java,,BRAINF***,java,en,6,6,0,8,0,0,0,8,0,0,0,,
2023-11-11T23:32:49.268,6ee2c79f-bd74-11eb-a1a9-005056ad4f31,Web Applications,,JS - Uploading Large Files,node-linux,en,2,0,0,7,0,0,7,0,0,0,0,,
2023-11-11T23:35:37.015,96e82843-03da-4aaf-8de5-176f3d71e260,Non-Procedural Programming,,(title in AnonLang),prolog,al,2,0,0,12,0,0,12,0,0,0,0,,
2023-11-11T23:35:38.209,28b19308-f745-11e8-b0fd-00505601122b,Web Applications,,JS - Asynchronous HTTP [mandatory],node-linux,en,12,10,0,1,0,0,0,0,0,0,1,context window exceeded,
2023-11-11T23:36:29.391,e6742fc0-f763-4fd9-8f7f-42112b3d2df9,Introduction to Language Technologies,,hw_python,python3,en,0,0,0,17,0,0,17,0,0,0,0,,
2023-11-11T23:36:30.597,d8d0b0a6-8bc0-11ea-befc-00505601122b,Web Applications,,(title in AnonLang),node-linux,al,9,4,0,1,0,0,0,0,0,0,1,context window exceeded,
2023-11-11T23:37:23.404,cad09703-0f8f-11ea-9ce9-00505601122b,Programming I and II,,(title in AnonLang),python3,al,1,1,0,11,0,0,11,0,0,0,0,,
2023-11-11T23:37:24.606,b4a82233-ed1c-11e8-b0fd-00505601122b,Web Applications,,JS - Form Processing,node-linux,en,8,7,0,1,0,0,0,0,0,0,1,context window exceeded,
2023-11-11T23:37:39.128,d6f2d70e-a41c-11eb-a1a9-005056ad4f31,Programming in Python,,PY WEATHER,python3,en,3,2,0,5,0,0,0,5,0,0,0,,
2023-11-11T23:40:43.527,2eafda0e-fa40-11e8-b0fd-00505601122b,Programming in C++,,(title in AnonLang),cxx-gcc-linux,al,0,0,0,4,0,4,0,0,0,0,0,,
2023-11-11T23:40:44.690,b6a85fe0-7a0e-11ec-986f-f39926f24a9c,C# Language and .NET Framework,,(title in AnonLang),cs-dotnet-core,al,33,32,0,1,0,0,0,0,0,0,1,context window exceeded,
2023-11-11T23:40:56.560,b3b9e3be-ec87-4d5f-89f6-a8c006520305,Programming in C++,,Dynamically-sized array container,cxx-gcc-linux,en,0,0,0,5,0,5,0,0,0,0,0,,
2023-11-11T23:43:21.154,fff46a44-2f4c-11eb-a1a9-005056ad4f31,Introduction to Algorithms,,Tree set,python3,en,0,0,0.33,7,4,0,3,0,0,0,0,,
2023-11-11T23:45:16.206,460914b6-8064-11eb-a1a9-005056ad4f31,Web Applications,,PHP - Dependency Injection [mandatory],php-linux,en,3,3,0,11,0,0,0,11,0,0,0,,
2023-11-11T23:46:53.511,6dea68e6-f696-11e8-b0fd-00505601122b,Programming in C++,,Data aggregation,cxx-gcc-linux,en,2,2,0,33,0,33,0,0,0,0,0,,
2023-11-11T23:56:21.627,c7c9735c-0073-11e9-b0fd-00505601122b,Web Applications,,PHP - Front Controller [mandatory],php-linux,en,9,9,0,1,0,0,0,0,0,0,1,no filename provided,
2023-11-11T23:56:32.596,d97da5e2-aba9-11e7-a937-00505601122b,C# Language and .NET Framework,,Huffman II,cs-dotnet-core,en,10,4,0,12,0,0,0,12,0,0,0,,
2023-11-11T23:57:23.971,b3495120-9e02-11eb-a1a9-005056ad4f31,Programming I and II,,Repeated letters,cs-dotnet-core,en,0,0,0,1,0,0,0,0,0,0,1,duplicate filename MostRepeatedLetters.cs,
2023-11-11T23:58:28.124,4593a41c-b562-11ec-8d84-d310d4f96200,Advanced C++ Programming,,Type system for physical units,cxx-gcc-linux,en,10,10,0,1,0,0,0,0,0,0,1,context window exceeded,
2023-11-11T23:59:43.214,7a146dae-11c6-11ea-9ce9-00505601122b,Programming I and II,Introduction to Algorithms,Hash table,python3,en,0,0,0,9,0,0,9,0,0,0,0,,
2023-11-12T00:00:03.143,01cab853-b84f-4703-8864-dd013dd4ea1b,C# Language and .NET Framework,,Practical Test: Extended C# Preprocessor,cs-dotnet-core,en,42,42,0,1,0,0,0,0,0,0,1,context window exceeded,
2023-11-12T00:00:04.271,a4b24a1d-78fa-11ec-986f-f39926f24a9c,Programming in C++,,Simplified Intermediate Code Interpreter,cxx-gcc-linux,en,26,26,0,1,0,0,0,0,0,0,1,context window exceeded,
2023-11-12T00:01:15.925,a0f6fa51-3f82-40c0-ba9a-9cb9d9d27a62,Advanced C++ Programming,,Cache with smart ptr,cxx-gcc-linux,en,2,2,0,5,0,5,0,0,0,0,0,,
2023-11-12T00:02:07.420,a0676165-92df-4970-91c1-aee6f8bda447,Programming in C++,,Algorithmic Trading,cxx-gcc-linux,en,6,4,0,1,0,0,0,0,0,0,1,context window exceeded,
2023-11-12T00:02:08.752,99a7cd0b-aba7-11e7-a937-00505601122b,C# Language and .NET Framework,,Bookstore eShop,cs-dotnet-core,en,21,20,0,1,0,0,0,0,0,0,1,context window exceeded,
2023-11-12T00:02:10.198,c2f10c48-938a-4768-9be1-4a6e14741c8e,Advanced C++ Programming,,Interval locker,cxx-gcc-linux,en,13,12,0,1,0,0,0,0,0,0,1,context window exceeded,
2023-11-12T00:02:11.416,04531bce-5775-4d1a-945a-b38b12c1fee2,Advanced C++ Programming,,Tagged vectors,cxx-gcc-linux,en,4,4,0,1,0,0,0,0,0,0,1,context window exceeded,
2023-11-12T00:02:12.636,aaed4ccc-aba6-11e7-a937-00505601122b,C# Language and .NET Framework,,(title in AnonLang),cs-dotnet-core,al,26,22,0,1,0,0,0,0,0,0,1,context window exceeded,
2023-11-12T00:02:13.979,e873ce53-aba6-11e7-a937-00505601122b,C# Language and .NET Framework,,(title in AnonLang),cs-dotnet-core,al,50,46,0,1,0,0,0,0,0,0,1,context window exceeded,
2023-11-12T00:03:05.306,d6c1148c-be54-11ec-8da3-d412db16db0b,Advanced C++ Programming,,Static ranges,cxx-gcc-linux,en,25,25,0,1,0,0,0,0,0,0,1,context window exceeded,
2023-11-12T00:03:06.674,c3749e72-aba6-11e7-a937-00505601122b,C# Language and .NET Framework,,(title in AnonLang),cs-dotnet-core,al,40,34,0,1,0,0,0,0,0,0,1,context window exceeded,
2023-11-12T00:03:50.610,02f46f2a-4144-11ec-986f-f39926f24a9c,Large scale optimization,,general_assignment_lagrange,python3,en,2,2,0,10,0,0,10,0,0,0,0,,
2023-11-12T00:04:33.271,0403015f-66ac-11e9-b0fd-00505601122b,Data Structures I,,cuckoo_hash,python3,en,0,0,0,5,0,0,5,0,0,0,0,,
2023-11-12T00:04:51.301,0ba17a29-458c-11e9-b0fd-00505601122b,Data Structures I,,ab_tree,python3,en,0,0,0,7,0,0,7,0,0,0,0,,
2023-11-12T00:04:52.461,263ca6f9-9894-11eb-a1a9-005056ad4f31,Introduction to Artificial Intelligence,,probability_minesweeper,python3,en,4,4,0,1,0,0,0,0,0,0,1,context window exceeded,
2023-11-12T00:07:45.872,4fc7e8f1-2824-11ec-986f-f39926f24a9c,Large scale optimization,,matching_gurobi,python3,en,2,2,0,1,0,0,0,0,0,0,1,no solution id,
2023-11-12T00:07:48.283,5d822d17-1dd6-11ea-9ce9-00505601122b,Data Structures I,,find_duplicates,python3,en,0,0,0,1,0,0,0,0,0,0,1,File name 'find_duplicates.{h,py}' contains invalid characters
2023-11-12T00:09:51.283,5f021643-865b-11ec-986f-f39926f24a9c,Introduction to Artificial Intelligence,,bellman_robot,python3,en,3,1,0,6,0,0,6,0,0,0,0,,
2023-11-12T00:10:34.379,605e4f3e-3a71-11e9-b0fd-00505601122b,Data Structures I,,splay_operation,python3,en,0,0,0,4,0,0,4,0,0,0,0,,
2023-11-12T00:10:36.079,6c2ecfef-3bea-11ec-986f-f39926f24a9c,Large scale optimization,,vehicle_routing_cut,python3,en,12,9,0,1,0,0,0,0,0,0,1,context window exceeded,
2023-11-12T00:12:57.720,7ea6d36c-8de0-11ea-befc-00505601122b,Introduction to Artificial Intelligence,,games_multiple_divisor,python3,en,2,2,0,1,0,0,0,0,0,0,1,Exercise submission error - File 'multiple_divisor_tests.py' is already defined by author of the exercise,
2023-11-12T00:13:13.527,87f76214-2fc2-11e9-b0fd-00505601122b,Data Structures I,,tree_successor,python3,en,0,0,0,1,0,0,0,0,0,0,1,no solution id,
2023-11-12T00:14:00.582,8d594c1f-812a-11e9-b0fd-00505601122b,Data Structures I,,kgrams,python3,en,0,0,0,15,0,0,15,0,0,0,0,,
2023-11-12T00:14:01.759,95e03d17-59bc-11ec-986f-f39926f24a9c,Large scale optimization,,cutting_stock_column_generation,python3,en,12,12,0,1,0,0,0,0,0,0,1,context window exceeded,
2023-11-12T00:16:14.501,b34e2c96-7738-11e9-b0fd-00505601122b,Data Structures I,,range_tree,cxx-gcc-linux,en,0,0,0,12,0,12,0,0,0,0,0,,
2023-11-12T00:19:19.870,d322308d-4a2f-11ec-986f-f39926f24a9c,Large scale optimization,,knapsack_branch_bound,python3,en,2,2,0,5,0,0,5,0,0,0,0,,
2023-11-13T17:22:51.191,0eb51f5c-ea64-11e8-b0fd-00505601122b,Programming in C++,,(title in AnonLang),cxx-gcc-linux,al,3,3,0,1,0,0,0,0,0,0,1,context window exceeded,
2023-11-23T11:10:09.373439,dea5515d-a88b-11e7-a937-00505601122b,Programming I and II,,(title in AnonLang),cs-dotnet-core,al,0,0,0.00,6,0,0,5,1,0,0,0,,
2023-11-23T11:10:30.504002,0f2a9635-92ff-11eb-a1a9-005056ad4f31,Programming I and II,,Two digits,cs-dotnet-core,en,0,0,0.00,11,0,0,4,7,0,0,0,,
2023-11-23T11:10:56.337774,569d7c1b-7411-11ea-a595-00505601122b,Programming I and II,,Conditions,cs-dotnet-core,en,0,0,0.00,4,0,4,0,0,0,0,0,,
2023-11-23T11:13:11.254138,075f24de-a88d-11e7-a937-00505601122b,Programming I and II,,(title in AnonLang),cs-dotnet-core,al,0,0,0.00,5,0,0,5,0,0,0,0,,
2023-11-23T11:15:14.126476,36fa1f86-60ef-11e9-b0fd-00505601122b,Programming I and II,,Dragon's den,cs-dotnet-core,en,0,0,0.00,5,0,0,5,0,0,0,0,,
2023-11-23T11:15:35.200798,3cab6a5a-af7e-11ec-8d84-d310d4f96200,Programming I and II,,Chromatic number,cs-dotnet-core,en,0,0,0.00,10,0,0,10,0,0,0,0,,
2023-11-23T11:16:16.244278,e3298dc8-5ee9-11ea-a595-00505601122b,Programming I and II,,Matrix expression,cs-dotnet-core,en,0,0,0.00,4,0,0,4,0,0,0,0,,
2023-11-23T11:17:38.387745,ddaea72b-4fcb-11e9-b0fd-00505601122b,Programming I and II,,Binary search tree,cs-dotnet-core,en,0,0,0.00,5,0,0,5,0,0,0,0,,
2023-11-23T11:18:36.235845,5aa5236b-8d85-11eb-a1a9-005056ad4f31,Programming I and II,,Cycle in a graph,cs-dotnet-core,en,0,0,0.00,10,0,0,0,5,5,0,0,,
2023-11-23T11:19:00.755824,7ae19573-5ee3-4df6-8e6d-0db00b08df64,Programming I and II,,(title in AnonLang),cs-dotnet-core,al,0,0,0.00,5,0,0,0,5,0,0,0,,
2023-11-23T11:20:24.152613,ef7d7fa5-6ebd-11ea-a595-00505601122b,Programming I and II,,Weighted paths,cs-dotnet-core,en,0,0,0.00,8,0,8,0,0,0,0,0,,
2023-11-23T11:21:40.271693,06da4636-6ea1-11ea-a595-00505601122b,Programming I and II,,Coffee room,cs-dotnet-core,en,0,0,0.00,7,0,7,0,0,0,0,0,,
2023-11-23T11:23:20.112088,7e3bd6f4-885b-11eb-a1a9-005056ad4f31,Programming I and II,,Hands of cards,cs-dotnet-core,en,0,0,0.00,13,0,13,0,0,0,0,0,,
2023-11-23T11:24:01.122950,48e9f686-915b-11ea-befc-00505601122b,Programming I and II,,Alphabet,cs-dotnet-core,en,0,0,0.00,5,0,0,5,0,0,0,0,,
2023-11-23T11:24:51.695043,a0d750de-cbaa-11ec-8da3-d412db16db0b,Programming I and II,,(title in AnonLang),cs-dotnet-core,al,0,0,0.00,1,0,0,0,0,0,0,1,no solution id,
2023-11-23T11:25:22.763561,539a85ae-9436-11ec-986f-f39926f24a9c,Parallel Programming,,Asynchronous DNS resolver (C# .NET Core Tasks),cs-dotnet-core,en,0,0,0.00,4,0,4,0,0,0,0,0,,
2023-11-23T11:26:26.702312,d197fa48-a80f-11e7-a937-00505601122b,Programming I and II,,(title in AnonLang),cs-dotnet-core,al,0,0,0.00,5,0,5,0,0,0,0,0,,
2023-11-23T11:29:40.688112,347316f7-3fcd-11eb-a1a9-005056ad4f31,Programming I and II,Introduction to Algorithms,Bipartite graph,cs-dotnet-core,en,0,0,0.00,8,0,8,0,0,0,0,0,,
2023-11-23T11:32:35.053772,0998647d-aba6-11e7-a937-00505601122b,C# Language and .NET Framework,,Expression Evaluation II,cs-dotnet-core,en,10,10,0.00,12,0,12,0,0,0,0,0,,
2023-11-23T11:34:01.046470,6b3ed45a-b41e-11e7-a937-00505601122b,C# Language and .NET Framework,,SPath,cs-dotnet-core,en,1,0,0.00,10,0,10,0,0,0,0,0,,
2023-11-23T11:36:04.166743,59af829f-aba5-11e7-a937-00505601122b,C# Language and .NET Framework,,Huffman III,cs-dotnet-core,en,0,0,0.00,18,0,18,0,0,0,0,0,,
2023-11-23T11:36:13.024283,858d61ed-a7b1-11e7-a937-00505601122b,C# Language and .NET Framework,,Deque,cs-dotnet-core,en,0,0,0.00,27,0,27,0,0,0,0,0,,
2023-11-23T11:36:48.800639,3238e0f8-aba6-11e7-a937-00505601122b,C# Language and .NET Framework,,Expression Evaluation III,cs-dotnet-core,en,14,14,0.00,18,0,18,0,0,0,0,0,,
2023-11-23T11:37:17.497922,ed9f9abc-aba8-11e7-a937-00505601122b,C# Language and .NET Framework,,Text Justification,cs-dotnet-core,en,4,4,0.00,14,0,14,0,0,0,0,0,,
2023-11-23T11:40:19.894057,445d30b1-b422-11e7-a937-00505601122b,C# Language and .NET Framework,,Excel,cs-dotnet-core,en,0,0,0.00,11,0,11,0,0,0,0,0,,
2023-11-23T11:40:34.182329,e4b01416-aba7-11e7-a937-00505601122b,C# Language and .NET Framework,,"HW01 Deque 2.1 OMG, why so complex?",cs-dotnet-core,en,1,0,0.00,33,0,33,0,0,0,0,0,,
2023-11-23T11:43:03.062815,f86abb94-aba7-11e7-a937-00505601122b,C# Language and .NET Framework,,"HW01 Deque 2.2 Cool, I love C#",cs-dotnet-core,en,1,0,0.00,33,0,33,0,0,0,0,0,,
2023-11-23T11:43:50.980196,91359813-b38c-11e7-a937-00505601122b,C# Language and .NET Framework,,(title in AnonLang),cs-dotnet-core,al,5,5,0.00,23,0,0,2,21,0,0,0,,
2023-11-23T11:46:29.146285,eea4db4d-9f2f-40f6-bf00-10b223128d2d,C# Language and .NET Framework,,Practical Test: SQL Database,cs-dotnet-core,en,0,0,0.00,7,0,7,0,0,0,0,0,,
2023-11-23T11:48:00.028067,560850b9-9882-11eb-a1a9-005056ad4f31,Programming I and II,,Elementary cellular automaton,cs-dotnet-core,en,0,0,0.00,5,0,5,0,0,0,0,0,,
