time,id,group1,group2,name,runtime,lang,num_atts,sub_atts,score,tests,passed,comp_err,rt_err,wrong_output,time_limit,mem_limit,other_err,error_msg
2023-11-10T09:15:00.037,e5acd5e5-9ce7-11ec-986f-f39926f24a9c,Programming I and II,,(title in AnonLang),cs-dotnet-core,al,0,0,1,1,1,0,0,0,0,0,0,
2023-11-10T09:16:41.961,6d76ace8-9d58-11ec-986f-f39926f24a9c,Programming I and II,,(title in AnonLang),cs-dotnet-core,al,0,0,1,3,3,0,0,0,0,0,0,
2023-11-10T09:16:52.856,aaada71f-f359-11e9-9ce9-00505601122b,Programming I and II,,(title in AnonLang),python3,al,0,0,1,4,4,0,0,0,0,0,0,
2023-11-11T08:30:23.354,c2ef29b9-2059-11ec-986f-f39926f24a9c,Programming I and II,,Sum of two integers,cs-dotnet-core,en,0,0,1,3,3,0,0,0,0,0,0,
2023-11-11T08:30:26.978,b3550c17-f366-11e9-9ce9-00505601122b,Programming I and II,,(title in AnonLang),python3,al,0,0,0,5,0,0,0,5,0,0,0,
2023-11-11T08:30:31.425,97e6a026-a7b3-11e7-a937-00505601122b,Programming I and II,,(title in AnonLang),cs-dotnet-core,en,0,0,0,4,0,0,0,4,0,0,0,
2023-11-11T08:30:35.552,b53b9a0d-e054-11e9-9ce9-00505601122b,Programming I and II,,(title in AnonLang),python3,al,0,0,1,5,5,0,0,0,0,0,0,
2023-11-11T08:30:56.499,5342433c-f7bf-11e9-9ce9-00505601122b,Programming I and II,,(title in AnonLang),python3,al,0,0,0.6,5,3,0,0,0,2,0,0,
2023-11-11T08:30:59.835,5a661077-3302-11ec-986f-f39926f24a9c,Programming I and II,Introduction to Algorithms,(title in AnonLang),python3,al,0,0,1,5,5,0,0,0,0,0,0,
2023-11-11T08:31:09.974,7b549a71-8d20-11e9-b0fd-00505601122b,Programming I and II,,(title in AnonLang),python3,al,0,0,1,8,8,0,0,0,0,0,0,
2023-11-11T08:31:13.379,39350fd0-a814-11e7-a937-00505601122b,Programming I and II,,Copy machine for numbers,c-gcc-linux,en,0,0,0,4,0,0,0,4,0,0,0,
2023-11-11T08:31:16.877,61022673-e889-11e9-9ce9-00505601122b,Programming I and II,,(title in AnonLang),python3,al,0,0,0.6,10,6,0,0,4,0,0,0,
2023-11-11T08:31:22.919,ce2f6db1-3e13-11ec-986f-f39926f24a9c,Introduction to Algorithms,,(title in AnonLang),python3,al,0,0,1,6,6,0,0,0,0,0,0,
2023-11-11T08:31:25.856,7cb23ad4-e051-11e9-9ce9-00505601122b,Programming I and II,,(title in AnonLang),python3,al,0,0,1,4,4,0,0,0,0,0,0,
2023-11-11T08:31:28.967,da2692cd-a7b1-11e7-a937-00505601122b,Programming I and II,,(title in AnonLang),python3,al,0,0,0.2,5,1,0,0,4,0,0,0,
2023-11-11T08:32:09.438,3a353dbe-38c3-11ec-986f-f39926f24a9c,Introduction to Algorithms,,(title in AnonLang),python3,al,0,0,0.5,6,3,0,0,2,1,0,0,
2023-11-11T08:32:12.330,0acd614b-5276-11ea-a595-00505601122b,Non-Procedural Programming,,Rotate a list,prolog,en,0,0,0.2,5,1,0,0,3,1,0,0,
2023-11-11T08:32:15.226,1fe85de9-25b3-11ec-986f-f39926f24a9c,Programming I and II,,(title in AnonLang),python3,al,0,0,1,3,3,0,0,0,0,0,0,
2023-11-11T08:32:19.527,8e13813d-e880-11e9-9ce9-00505601122b,Programming I and II,,(title in AnonLang),python3,al,0,0,1,5,5,0,0,0,0,0,0,
2023-11-11T08:42:58.496,8330de2c-4dd1-11ec-986f-f39926f24a9c,Introduction to Algorithms,,Sorted linked lists,python3,en,1,1,1,10,10,0,0,0,0,0,0,
2023-11-11T08:43:02.330,24b97e78-2036-11ec-986f-f39926f24a9c,Programming I and II,,(title in AnonLang),python3,al,0,0,1,3,3,0,0,0,0,0,0,
2023-11-11T08:43:05.767,69716b0c-a88d-11e7-a937-00505601122b,Programming I and II,,All correct bracketings,python3,en,0,0,0.2,5,1,0,0,4,0,0,0,
2023-11-11T08:43:17.889,0d347e1e-a814-11e7-a937-00505601122b,Programming I and II,,(title in AnonLang),c-gcc-linux,al,0,0,0,4,0,0,0,4,0,0,0,
2023-11-11T08:43:21.584,81b2eec0-a7b3-11e7-a937-00505601122b,Programming I and II,,(title in AnonLang),python3,al,0,0,0.15,6,1,0,5,0,0,0,0,
2023-11-11T08:43:26.475,64a9972c-ea9f-11e9-9ce9-00505601122b,Programming I and II,,(title in AnonLang),python3,al,0,0,0.53,15,8,0,0,7,0,0,0,
2023-11-11T08:43:30.277,00c64bbc-28de-11ec-986f-f39926f24a9c,Programming I and II,,(title in AnonLang),python3,al,0,0,1,6,6,0,0,0,0,0,0,
2023-11-11T08:43:33.944,08deab74-85f8-11eb-a1a9-005056ad4f31,Programming I and II,,(title in AnonLang),python3,al,0,0,1,5,5,0,0,0,0,0,0,
2023-11-11T08:43:36.965,e5ce30fb-3c22-11ec-986f-f39926f24a9c,Programming I and II,,(title in AnonLang),python3,al,0,0,0.64,11,7,0,0,4,0,0,0,
2023-11-11T08:43:39.989,91e0cb16-34ad-42b0-b17c-39a8e0747a47,Programming I and II,,Fibonacci numbers,python3,en,0,0,0.1,10,1,0,0,9,0,0,0,
2023-11-11T08:43:43.126,0f783909-2eb1-11ec-986f-f39926f24a9c,Programming I and II,,(title in AnonLang),python3,al,0,0,0.67,3,2,0,0,1,0,0,0,
2023-11-11T08:43:48.571,3485ea4f-7205-11ec-986f-f39926f24a9c,Introduction to Algorithms,,(title in AnonLang),python3,al,0,0,0,4,0,0,0,4,0,0,0,
2023-11-11T08:44:00.406,62597d41-5272-11ea-a595-00505601122b,Non-Procedural Programming,,Disjoint split,prolog,en,0,0,0.75,4,3,0,0,0,1,0,0,
2023-11-11T08:44:04.414,1076ec35-90b8-11ec-986f-f39926f24a9c,Non-Procedural Programming,,(title in AnonLang),prolog,al,0,0,0.14,7,1,0,5,1,0,0,0,
2023-11-11T08:44:07.284,bb1a0d53-f366-11e9-9ce9-00505601122b,Programming I and II,,(title in AnonLang),python3,al,0,0,0.25,4,1,0,0,3,0,0,0,
2023-11-11T08:44:26.954,0753f090-a88c-11e7-a937-00505601122b,Programming I and II,,Prime factorization,cs-dotnet-core,en,0,0,1,10,10,0,0,0,0,0,0,
2023-11-11T08:44:30.021,bd877440-85fa-11eb-a1a9-005056ad4f31,Programming I and II,,(title in AnonLang),python3,al,0,0,1,5,5,0,0,0,0,0,0,
2023-11-11T08:44:33.636,85eb2866-a7b3-11e7-a937-00505601122b,Programming I and II,,(title in AnonLang),python3,al,0,0,0.17,6,1,0,0,5,0,0,0,
2023-11-11T08:44:37.251,76a7adc9-a88f-11e7-a937-00505601122b,Programming I and II,,Decomposition into sums,python3,en,0,0,0,5,0,0,5,0,0,0,0,
2023-11-11T08:44:40.373,dce3b48b-2858-11ec-986f-f39926f24a9c,Programming I and II,,(title in AnonLang),python3,al,0,0,1,4,4,0,0,0,0,0,0,
2023-11-11T08:44:44.176,27f84afa-30da-11ea-9ce9-00505601122b,Programming I and II,,(title in AnonLang),python3,al,0,0,0,5,0,0,0,5,0,0,0,
2023-11-11T08:44:49.594,f2db7c11-a88f-11e7-a937-00505601122b,Programming I and II,,(title in AnonLang),cs-dotnet-core,al,0,0,0.2,5,1,0,0,4,0,0,0,
2023-11-11T08:44:52.852,ae449043-96fa-11eb-a1a9-005056ad4f31,Non-Procedural Programming,,Googolplex,haskell,en,0,0,0,5,0,5,0,0,0,0,0,
2023-11-11T08:44:56.834,b45aa570-15f7-11eb-8e81-005056ad4f31,Programming I and II,,(title in AnonLang),python3,al,0,0,0,3,0,0,3,0,0,0,0,
2023-11-11T08:45:00.074,4c965b5e-3443-11ec-986f-f39926f24a9c,Programming I and II,,Most frequent element in a sequence,python3,en,0,0,0,3,0,0,3,0,0,0,0,
2023-11-11T08:45:04.629,ebd60ef2-ce02-11e8-a4be-00505601122b,Programming in C++,,(title in AnonLang),cxx-gcc-linux,al,0,0,0.5,6,3,0,0,3,0,0,0,
2023-11-11T08:45:08.791,f267dc1a-a810-11e7-a937-00505601122b,Programming I and II,,Second largest number,c-gcc-linux,en,0,0,0.73,11,8,0,0,3,0,0,0,
2023-11-11T08:45:28.897,49420b9a-026a-11eb-9574-ea7484399335,Programming I and II,,A Tie in Noughts and Crosses II,python3,en,0,0,0,9,0,0,5,0,4,0,0,
2023-11-11T08:45:32.106,2a3ac276-85f4-11eb-a1a9-005056ad4f31,Programming I and II,,(title in AnonLang),python3,al,0,0,1,5,5,0,0,0,0,0,0,
2023-11-11T08:45:36.571,8bf543e9-328f-11ec-986f-f39926f24a9c,Introduction to Algorithms,,(title in AnonLang),python3,al,0,0,0,7,0,0,7,0,0,0,0,
2023-11-11T08:45:39.925,4db997b3-458a-11ec-986f-f39926f24a9c,Programming I and II,,(title in AnonLang),python3,al,0,0,0.33,3,1,0,0,2,0,0,0,
2023-11-11T08:45:47.432,82fc7c34-7c3c-11ea-a595-00505601122b,Programming I and II,,(title in AnonLang),python3,al,0,0,0.1,10,1,0,0,7,2,0,0,
2023-11-11T08:45:50.350,2948002b-9817-11ec-986f-f39926f24a9c,Non-Procedural Programming,,(title in AnonLang),prolog,al,0,0,0.2,5,1,0,0,3,1,0,0,
2023-11-11T08:46:06.129,f42b809e-9ee7-11ec-986f-f39926f24a9c,Programming I and II,,FACTORIAL,python3,en,0,0,0,5,0,0,0,2,3,0,0,
2023-11-11T08:46:09.844,db4160dc-a811-11e7-a937-00505601122b,Programming I and II,,All parenthesizations,python3,en,0,0,0.16,6,1,0,0,5,0,0,0,
2023-11-11T08:46:14.032,523b4b10-ce05-11e8-a4be-00505601122b,Programming in C++,,(title in AnonLang),cxx-gcc-linux,al,0,0,0,1,0,1,0,0,0,0,0,
2023-11-11T08:46:16.862,c240887e-3384-11ec-986f-f39926f24a9c,Programming I and II,,Squares in a triangle,python3,en,0,0,0.33,3,1,0,0,2,0,0,0,
2023-11-11T08:46:20.029,ed23d4a7-85fc-11eb-a1a9-005056ad4f31,Programming I and II,,(title in AnonLang),python3,al,0,0,0,5,0,0,0,5,0,0,0,
2023-11-11T08:46:29.611,964ca5ca-a88f-11e7-a937-00505601122b,Programming I and II,,Adjusting a matrix to zero,python3,en,0,0,0.75,4,3,0,1,0,0,0,0,
2023-11-11T08:46:32.805,947ce196-a7b3-11e7-a937-00505601122b,Programming I and II,,(title in AnonLang),python3,al,0,0,0,4,0,0,0,4,0,0,0,
2023-11-11T08:46:36.956,0dd06ca4-44c0-11ec-986f-f39926f24a9c,Introduction to Algorithms,,(title in AnonLang),python3,al,0,0,0.2,5,1,0,0,3,0,1,0,
2023-11-11T08:46:39.722,e768f5a8-401b-11ec-986f-f39926f24a9c,Introduction to Algorithms,,All permutations of a string,python3,en,0,0,1,5,5,0,0,0,0,0,0,
2023-11-11T08:46:44.383,28c2a5b5-a88d-11e7-a937-00505601122b,Programming I and II,,(title in AnonLang),cs-dotnet-core,al,0,0,1,4,4,0,0,0,0,0,0,
2023-11-11T08:46:49.215,855e23af-a8e2-11e7-a937-00505601122b,Programming I and II,,Maximum value in a sequence (with occurrences),c-gcc-linux,en,0,0,1,3,3,0,0,0,0,0,0,
2023-11-11T08:46:52.773,f1276714-2ea0-11ec-986f-f39926f24a9c,Programming I and II,,(title in AnonLang),python3,al,0,0,0.5,2,1,0,0,1,0,0,0,
2023-11-11T08:47:08.341,e872c79b-e68a-11e9-9ce9-00505601122b,Data Structures I,,Red-black trees,cxx-gcc-linux,en,0,0,0,7,0,7,0,0,0,0,0,
2023-11-11T08:47:12.140,86450a4d-95af-11ec-986f-f39926f24a9c,Non-Procedural Programming,,Run-lenght encoding,prolog,en,0,0,0.5,4,2,0,1,1,0,0,0,
2023-11-11T08:47:17.095,6c0a2776-a814-11e7-a937-00505601122b,Programming I and II,,(title in AnonLang),c-gcc-linux,al,0,0,0,11,0,0,0,11,0,0,0,
2023-11-11T08:47:23.626,254496bf-93e4-11ec-986f-f39926f24a9c,Programming I and II,,Multiplication of large numbers,cs-dotnet-core,en,0,0,0.12,8,1,0,0,7,0,0,0,
2023-11-11T08:47:27.891,2fe122ad-f02f-11e9-9ce9-00505601122b,Introduction to Algorithms,,Prime factorization II,python3,en,0,0,0,14,0,0,0,14,0,0,0,
2023-11-11T08:47:32.575,e5f69567-a813-11e7-a937-00505601122b,Programming I and II,,(title in AnonLang),python3,al,0,0,0.7,7,5,0,0,2,0,0,0,
2023-11-11T08:47:37.721,9e9b946e-2c31-11ec-986f-f39926f24a9c,Programming I and II,,"Perfect number, square and cube",python3,en,0,0,0.45,7,3,0,0,4,0,0,0,
2023-11-11T08:47:42.949,1601b407-c884-11e8-a4be-00505601122b,Programming in C++,,(title in AnonLang),cxx-gcc-linux,al,0,0,0.5,4,2,0,0,2,0,0,0,
2023-11-11T08:47:47.495,efa010e8-a811-11e7-a937-00505601122b,Programming I and II,,Find a permutation,cs-dotnet-core,en,0,0,0.15,8,1,0,4,3,0,0,0,
2023-11-11T08:47:55.530,06a200d4-7d48-11eb-a1a9-005056ad4f31,Programming I and II,,(title in AnonLang),cxx-gcc-linux,al,0,0,0.4,10,6,0,0,0,0,4,0,
2023-11-11T08:48:00.134,2d2eaa54-a88c-11e7-a937-00505601122b,Programming I and II,,(title in AnonLang),cs-dotnet-core,al,0,0,0.4,10,4,0,0,6,0,0,0,
2023-11-11T08:48:04.101,02c10843-2238-11ec-986f-f39926f24a9c,Programming I and II,,(title in AnonLang),python3,al,0,0,0.8,10,8,0,0,2,0,0,0,
2023-11-11T08:48:11.290,99581db8-343f-11ec-986f-f39926f24a9c,Programming I and II,,Minimum and maximum sums,python3,en,0,0,0,3,0,0,1,1,0,1,0,
2023-11-11T08:48:17.296,47e52b91-a88d-11e7-a937-00505601122b,Programming I and II,,(title in AnonLang),python3,al,0,0,0,10,0,0,10,0,0,0,0,
2023-11-11T08:48:21.205,9cf80424-0cf5-11eb-98c0-005056ad4f31,Programming I and II,,(title in AnonLang),python3,al,0,0,0,5,0,0,1,4,0,0,0,
2023-11-11T08:48:24.737,fd87c76a-ec64-11e9-9ce9-00505601122b,Programming I and II,,(title in AnonLang),python3,al,0,0,0,5,0,0,5,0,0,0,0,
2023-11-11T08:48:32.335,0018a241-31ed-11ec-986f-f39926f24a9c,Java,,QUICK-SORT,java,en,0,0,1,3,3,0,0,0,0,0,0,
2023-11-11T08:48:36.005,1ad5c2a6-a88c-11e7-a937-00505601122b,Programming I and II,,(title in AnonLang),python3,al,0,0,0.2,5,1,0,0,4,0,0,0,
2023-11-11T08:48:39.172,20f681d4-eaa7-11e9-9ce9-00505601122b,Programming I and II,,Good numbers,python3,en,0,0,0,5,0,0,5,0,0,0,0,
2023-11-11T08:48:43.885,007a8871-2c62-4740-9615-613663a20e42,Programming I and II,,(title in AnonLang),python3,al,0,0,0,1,0,0,0,1,0,0,0,
2023-11-11T08:48:49.657,aea0d783-4b99-11ec-986f-f39926f24a9c,Programming I and II,,(title in AnonLang),python3,al,0,0,0,4,0,0,0,4,0,0,0,
2023-11-11T08:48:53.553,c9d9150f-d905-11e8-a4be-00505601122b,Programming in C++,,(title in AnonLang),cxx-gcc-linux,al,0,0,0,2,0,0,0,2,0,0,0,
2023-11-11T08:49:02.279,b8027a86-fc08-11e8-b0fd-00505601122b,Web Applications,,PHP - Sieve of Eratosthenes,php-linux,en,5,5,0,3,0,0,3,0,0,0,0,
2023-11-11T08:49:07.517,c079d101-827c-11eb-a1a9-005056ad4f31,Programming I and II,,Permutations in the columns of a matrix,cs-dotnet-core,en,0,0,0.88,8,7,0,0,1,0,0,0,
2023-11-11T08:49:10.766,ae5acb61-5ac6-11e9-b0fd-00505601122b,Programming I and II,,Young tableaux R,python3,en,0,0,0.29,7,2,0,0,5,0,0,0,
2023-11-11T08:49:16.556,e70fa3b0-28ad-11e8-9de3-00505601122b,Programming I and II,,Queue,python3,en,0,0,0.4,5,2,0,0,3,0,0,0,
2023-11-11T08:49:20.309,350d5208-a88d-11e7-a937-00505601122b,Programming I and II,,(title in AnonLang),cs-dotnet-core,al,0,0,0,10,0,0,10,0,0,0,0,
2023-11-11T08:49:28.597,bdb8d1b4-6dbb-11ea-a595-00505601122b,Non-Procedural Programming,,Lists,haskell,en,0,0,0.57,7,4,0,0,0,2,1,0,
2023-11-11T08:49:31.865,3deef23c-8eff-11ec-986f-f39926f24a9c,Programming I and II,,Odd Fib Sum,python3,en,0,0,0.6,5,3,0,0,2,0,0,0,
2023-11-11T08:49:35.426,fd9fb352-c2fc-4ac1-88d2-145e40a583d8,Programming I and II,,(title in AnonLang),python3,al,1,1,0,2,0,0,2,0,0,0,0,
2023-11-11T08:49:46.400,e5d6ac79-0a4a-11ea-9ce9-00505601122b,Programming I and II,,(title in AnonLang),python3,al,0,0,0,5,0,0,0,5,0,0,0,
2023-11-11T08:49:53.271,593de6bb-c567-11ec-8da3-d412db16db0b,Programming I and II,,Cycles,python3,en,0,0,1,5,5,0,0,0,0,0,0,
2023-11-11T08:49:58.112,43ee850b-ca08-11e7-a937-00505601122b,Programming I and II,,(title in AnonLang),cs-dotnet-core,al,0,0,1,4,4,0,0,0,0,0,0,
2023-11-11T08:50:01.375,4baf3bb9-a7bb-11e7-a937-00505601122b,Programming I and II,,(title in AnonLang),python3,al,0,0,0,5,0,0,0,5,0,0,0,
2023-11-11T08:50:05.405,4b5b4f9d-e65e-11e7-9ef6-00505601122b,Programming I and II,,Carrots and Parsley,cs-dotnet-core,en,0,0,0,3,0,0,0,3,0,0,0,
2023-11-11T08:50:12.373,f39ba7b1-a7b1-11e7-a937-00505601122b,Programming I and II,,King's path on a chessboard (length),python3,en,0,0,1,4,4,0,0,0,0,0,0,
2023-11-11T08:50:17.388,deaaff6f-28ad-11e8-9de3-00505601122b,Programming I and II,,Evaluation of prefix notation,python3,en,0,0,0,1,0,0,0,0,0,0,1,no solution id
2023-11-11T08:50:21.924,2c1df1fa-fe8a-11e9-9ce9-00505601122b,Programming I and II,,(title in AnonLang),python3,al,0,0,0,5,0,0,5,0,0,0,0,
2023-11-11T08:50:25.073,a5b391fc-d5af-11ec-8da3-d412db16db0b,Programming I and II,,Ordered N-tuples,python3,en,0,0,1,5,5,0,0,0,0,0,0,
2023-11-11T08:50:30.370,d07507f7-1046-490f-ab38-8867bbf47416,Programming I and II,,Dice,cs-dotnet-core,en,0,0,0,10,0,0,10,0,0,0,0,
2023-11-11T08:50:34.512,b98b1f22-cb42-11ec-8da3-d412db16db0b,Programming I and II,,(title in AnonLang),python3,al,0,0,1,4,4,0,0,0,0,0,0,
2023-11-11T08:50:39.597,023a640f-a811-11e7-a937-00505601122b,Programming I and II,,(title in AnonLang),python3,al,0,0,0,4,0,0,0,4,0,0,0,
2023-11-11T08:50:45.333,6e7c41f3-f488-11e8-b0fd-00505601122b,Programming in C++,,(title in AnonLang),cxx-gcc-linux,al,0,0,0,2,0,0,0,2,0,0,0,
2023-11-11T08:50:49.202,5a251e33-a88c-11e7-a937-00505601122b,Programming I and II,,(title in AnonLang),python3,al,0,0,0,5,0,0,0,5,0,0,0,
2023-11-11T08:50:52.465,72502276-519e-11ea-a595-00505601122b,Programming I and II,,(title in AnonLang),python3,al,0,0,0,3,0,0,3,0,0,0,0,
2023-11-11T08:50:57.055,ff308921-a7b1-11e7-a937-00505601122b,Programming I and II,,(title in AnonLang),python3,al,0,0,0.2,10,2,0,1,7,0,0,0,
2023-11-11T08:51:01.833,e1ab5360-28ad-11e8-9de3-00505601122b,Programming I and II,,Stack,python3,en,10,10,0,5,0,0,0,5,0,0,0,
2023-11-11T08:51:05.387,8bdf764a-f025-11e9-9ce9-00505601122b,Programming I and II,,Is a number symmetric in Python?,python3,en,0,0,1,3,3,0,0,0,0,0,0,
2023-11-11T08:51:08.291,b2b9630f-8e91-11ec-986f-f39926f24a9c,Programming I and II,,Third Highest Score,python3,en,0,0,0,5,0,0,0,5,0,0,0,
2023-11-11T08:51:26.058,714cf5f4-9950-11ec-986f-f39926f24a9c,Programming I and II,,Margit the Prime Lover,python3,en,0,0,0,5,0,0,0,2,3,0,0,
2023-11-11T08:51:30.145,97f2d540-4004-11ec-986f-f39926f24a9c,Programming I and II,,(title in AnonLang),python3,al,0,0,0,4,0,0,0,4,0,0,0,
2023-11-11T08:51:36.221,e60f4aa9-8285-11eb-a1a9-005056ad4f31,Programming I and II,,Common permutation,cs-dotnet-core,en,0,0,0.62,8,5,0,3,0,0,0,0,
2023-11-11T08:51:40.514,fd2bf517-567b-11ea-a595-00505601122b,Programming I and II,,(title in AnonLang),python3,al,0,0,0,5,0,0,0,5,0,0,0,
2023-11-11T08:52:02.270,d03c30e7-8ef8-11ec-986f-f39926f24a9c,Programming I and II,,Love Constant,python3,en,0,0,0.4,5,2,0,0,0,3,0,0,
2023-11-11T08:52:09.251,747a88d9-542a-11ec-986f-f39926f24a9c,Introduction to Algorithms,,(title in AnonLang),python3,al,1,1,1,5,5,0,0,0,0,0,0,
2023-11-11T08:52:16.941,c35954e6-a88c-11e7-a937-00505601122b,Programming I and II,,(title in AnonLang),cs-dotnet-core,al,0,0,0,10,0,0,0,10,0,0,0,
2023-11-11T08:52:21.400,c774fba0-a4bc-11ec-986f-f39926f24a9c,Programming I and II,,Merge two sorted sequences,python3,en,0,0,1,4,4,0,0,0,0,0,0,
2023-11-11T08:52:25.341,889efd76-9a9f-11ec-986f-f39926f24a9c,Programming I and II,,(title in AnonLang),python3,al,0,0,0.25,4,1,0,0,3,0,0,0,
2023-11-11T08:52:28.641,dd72607b-2e00-11ec-986f-f39926f24a9c,Programming I and II,,Emulate the list.insert() function,python3,en,0,0,1,3,3,0,0,0,0,0,0,
2023-11-11T08:52:41.748,de52476e-5d58-11ea-a595-00505601122b,Non-Procedural Programming,,Goldbach sums,prolog,en,0,0,0,7,0,0,7,0,0,0,0,
2023-11-11T08:52:50.403,e30c5b28-0412-11ea-9ce9-00505601122b,Programming I and II,,(title in AnonLang),python3,al,0,0,0,4,0,0,0,4,0,0,0,
2023-11-11T08:52:53.260,1e5d58df-8efd-11ec-986f-f39926f24a9c,Programming I and II,,Opposite Capitalization,python3,en,0,0,0,4,0,0,0,4,0,0,0,
2023-11-11T08:52:57.893,ce12cda1-ca0a-11e7-a937-00505601122b,Programming I and II,,Infix evaluator,python3,en,0,0,0,5,0,0,5,0,0,0,0,
2023-11-11T08:53:11.753,f837d118-a7b1-11e7-a937-00505601122b,Programming I and II,,King's path on a chessboard,cs-dotnet-core,en,0,0,0.25,4,1,0,0,0,0,3,0,
2023-11-11T08:53:15.098,4c31698f-1a07-11ea-9ce9-00505601122b,Programming I and II,,(title in AnonLang),python3,al,0,0,0,2,0,0,2,0,0,0,0,
2023-11-11T08:53:20.078,f8b033c6-b9cd-11e7-a937-00505601122b,Programming I and II,,Number of inversions in a permutation,cxx-gcc-linux,en,0,0,0.8,8,7,0,0,0,1,0,0,
2023-11-11T08:53:24.815,d6494627-2675-4b89-9f02-d2def9ae8bd2,Programming I and II,,(title in AnonLang),python3,al,1,1,0,4,0,0,4,0,0,0,0,
2023-11-11T08:53:28.086,8e0af49f-01de-11eb-9574-ea7484399335,Programming I and II,,(title in AnonLang),python3,al,0,0,1,5,5,0,0,0,0,0,0,
2023-11-11T08:53:35.847,82d3a2cd-1fc4-11ec-986f-f39926f24a9c,Java,,DYN-ARRAY,java,en,0,0,0,2,0,2,0,0,0,0,0,
2023-11-11T08:53:52.139,e70f0680-362c-11eb-a1a9-005056ad4f31,Programming I and II,,Young tableaux DP,python3,en,0,0,0.2,10,2,0,0,5,3,0,0,
2023-11-11T08:54:03.015,e071106a-cd50-11e8-a4be-00505601122b,Programming in C++,,(title in AnonLang),cxx-gcc-linux,al,0,0,0,1,0,0,0,1,0,0,0,
2023-11-11T08:54:06.453,30498f7c-a88d-11e7-a937-00505601122b,Programming I and II,,Number of words,python3,en,0,0,0,5,0,0,5,0,0,0,0,
2023-11-11T08:54:13.497,dd44dd78-5130-11ec-986f-f39926f24a9c,Introduction to Algorithms,,(title in AnonLang),python3,al,0,0,1,5,5,0,0,0,0,0,0,
2023-11-11T08:54:23.131,1fefc4e2-44b7-11e9-b0fd-00505601122b,Programming I and II,,King in a file,c-gcc-linux,en,0,0,0,7,0,0,7,0,0,0,0,
2023-11-11T08:54:27.867,566e4d24-561e-11ec-986f-f39926f24a9c,Introduction to Algorithms,,(title in AnonLang),python3,al,0,0,0,8,0,0,7,1,0,0,0,
2023-11-11T08:54:31.065,443b5b01-a88d-11e7-a937-00505601122b,Programming I and II,,Copying a file by sentences,python3,en,0,0,0,5,0,0,0,5,0,0,0,
2023-11-11T08:54:36.319,8bea7cb7-c1bc-4bb6-9bfd-382c50748ee1,Programming I and II,,Maximum product,cs-dotnet-core,en,0,0,0.6,10,6,0,0,4,0,0,0,
2023-11-11T08:54:42.419,dfc2a156-7203-11ec-986f-f39926f24a9c,Introduction to Algorithms,,(title in AnonLang),python3,al,0,0,0,5,0,0,0,5,0,0,0,
2023-11-11T08:54:53.942,c9d5e0b3-1124-11ea-9ce9-00505601122b,Programming I and II,,(title in AnonLang),python3,al,1,1,0.2,10,2,0,0,8,0,0,0,
2023-11-11T08:54:58.969,5af1ca0d-cb28-11ec-8da3-d412db16db0b,Programming I and II,,Cliques,python3,en,0,0,0,5,0,0,5,0,0,0,0,
2023-11-11T08:55:02.608,12aee9c1-f64c-11e9-9ce9-00505601122b,Programming I and II,,(title in AnonLang),python3,al,0,0,1,6,6,0,0,0,0,0,0,
2023-11-11T08:55:09.564,f1d6aec6-e409-11e8-a4be-00505601122b,Programming in C++,,(title in AnonLang),cxx-gcc-linux,al,0,0,1,1,1,0,0,0,0,0,0,
2023-11-11T08:55:13.460,e786ad5e-3e61-11ec-986f-f39926f24a9c,Programming I and II,,Pyramid fill,python3,en,0,0,0,3,0,0,0,3,0,0,0,
2023-11-11T08:55:17.163,b13589df-9eee-11ec-986f-f39926f24a9c,Programming I and II,,Number of Elements,python3,en,0,0,1,5,5,0,0,0,0,0,0,
2023-11-11T08:55:21.885,3eaa2aa5-f364-11e9-9ce9-00505601122b,Programming I and II,,(title in AnonLang),python3,al,0,0,0.2,5,1,0,0,4,0,0,0,
2023-11-11T08:56:16.690,395dc39c-b5d2-11ec-8d84-d310d4f96200,Programming I and II,,Over the Median v2,python3,en,0,0,0.2,5,1,0,0,2,2,0,0,
2023-11-11T08:56:20.893,81a692a6-0efb-11eb-98c0-005056ad4f31,Programming I and II,,(title in AnonLang),python3,al,0,0,0,4,0,0,0,4,0,0,0,
2023-11-11T08:56:33.173,9067a388-0c60-11ea-9ce9-00505601122b,Programming I and II,,(title in AnonLang),python3,al,1,1,1,12,12,0,0,0,0,0,0,
2023-11-11T08:56:50.915,f6083437-2f8d-11ec-986f-f39926f24a9c,Introduction to Algorithms,,(title in AnonLang),python3,al,0,0,0.5,7,4,0,0,0,3,0,0,
2023-11-11T08:56:58.861,86585739-0e49-11eb-98c0-005056ad4f31,Programming in C++,,(title in AnonLang),cxx-gcc-linux,al,0,0,0,1,0,0,0,1,0,0,0,
2023-11-11T08:57:13.061,58e74dd3-0427-11ea-9ce9-00505601122b,Programming I and II,,(title in AnonLang),python3,al,0,0,0.6,5,3,0,0,2,0,0,0,
2023-11-11T08:57:18.965,56053a97-4009-11ec-986f-f39926f24a9c,Programming I and II,,(title in AnonLang),python3,al,0,0,1,4,4,0,0,0,0,0,0,
2023-11-11T08:57:35.659,2e3fae5a-08a7-11eb-98c0-005056ad4f31,Introduction to Algorithms,,(title in AnonLang),python3,al,0,0,0.31,10,4,0,0,0,6,0,0,
2023-11-11T08:57:41.477,09e72fe9-a811-11e7-a937-00505601122b,Programming I and II,,Wavy subsequence,cs-dotnet-core,en,0,0,0.2,10,2,0,0,8,0,0,0,
2023-11-11T08:57:45.124,71cc6cac-ba77-11ec-8d84-d310d4f96200,Programming I and II,,POWERset,python3,en,0,0,1,5,5,0,0,0,0,0,0,
2023-11-11T08:57:51.110,1f12e94b-8472-11ec-986f-f39926f24a9c,Programming I and II,,(title in AnonLang),python3,al,0,0,0.1,10,1,0,0,9,0,0,0,
2023-11-11T08:57:57.031,0eddafab-80cb-11eb-a1a9-005056ad4f31,Programming I and II,,(title in AnonLang),python3,al,0,0,0.6,5,3,0,0,2,0,0,0,
2023-11-11T08:58:03.185,0aa0986a-6208-11ea-a595-00505601122b,Programming I and II,,(title in AnonLang),python3,al,0,0,0,10,0,0,0,10,0,0,0,
2023-11-11T08:58:11.587,ba528806-794b-11ec-986f-f39926f24a9c,Programming I and II,,(title in AnonLang),python3,al,0,0,0,8,0,0,8,0,0,0,0,
2023-11-11T08:58:16.265,9bae1512-7203-11ec-986f-f39926f24a9c,Introduction to Algorithms,,(title in AnonLang),python3,al,0,0,0,4,0,0,0,4,0,0,0,
2023-11-11T08:58:20.323,af82b7ac-96f5-11eb-a1a9-005056ad4f31,Non-Procedural Programming,,Lists and strings,haskell,en,0,0,0,9,0,9,0,0,0,0,0,
2023-11-11T08:58:30.408,470b2f63-8fc7-11eb-a1a9-005056ad4f31,Programming I and II,,(title in AnonLang),cs-dotnet-core,al,0,0,0,20,0,0,20,0,0,0,0,
2023-11-11T08:58:42.730,cd3d53d0-a7b1-11e7-a937-00505601122b,Programming I and II,,(title in AnonLang),python3,al,0,0,0,5,0,0,0,5,0,0,0,
2023-11-11T08:58:48.551,d5984dab-a88b-11e7-a937-00505601122b,Programming I and II,,(title in AnonLang),python3,al,0,0,0,10,0,0,8,2,0,0,0,
2023-11-11T08:58:52.549,a1617916-26c8-11ec-986f-f39926f24a9c,Programming I and II,,(title in AnonLang),python3,al,0,0,1,9,9,0,0,0,0,0,0,
2023-11-11T08:59:20.533,611dabb7-2154-11e8-9de3-00505601122b,Web Applications,,Sieve of Eratosthenes (Advanced),php-linux,en,0,0,0,4,0,0,0,1,3,0,0,
2023-11-11T08:59:27.489,d74652e6-540f-11eb-a1a9-005056ad4f31,Programming I and II,Introduction to Algorithms,Linear equations,python3,en,0,0,0,4,0,0,0,4,0,0,0,
2023-11-11T08:59:35.497,ed7bc2b3-4b8f-11ec-986f-f39926f24a9c,Programming I and II,,(title in AnonLang),python3,al,0,0,0,3,0,0,0,3,0,0,0,
2023-11-11T08:59:43.594,17bb952b-503d-11ec-986f-f39926f24a9c,Programming I and II,,(title in AnonLang),python3,al,0,0,0,2,0,0,0,1,1,0,0,
2023-11-11T08:59:50.676,dc185afd-c561-11ec-8da3-d412db16db0b,Programming I and II,,Distances,python3,en,0,0,0.6,5,3,0,0,2,0,0,0,
2023-11-11T09:00:03.489,9d0294e8-8770-11ec-986f-f39926f24a9c,Programming I and II,,(title in AnonLang),python3,al,0,0,0.14,7,1,0,6,0,0,0,0,
2023-11-11T09:00:23.251,fda9fffa-9bbe-11ec-986f-f39926f24a9c,Non-Procedural Programming,,(title in AnonLang),prolog,al,0,0,0,4,0,0,0,1,1,2,0,
2023-11-11T09:00:29.635,e950bba6-9bf7-47ec-804b-1a8a2ba47dbc,Programming I and II,,(title in AnonLang),cs-dotnet-core,al,0,0,0.1,10,1,0,0,9,0,0,0,
2023-11-11T09:00:33.685,38a9efa1-7204-11ec-986f-f39926f24a9c,Introduction to Algorithms,,(title in AnonLang),python3,al,0,0,0,6,0,0,0,6,0,0,0,
2023-11-11T09:00:44.445,1f65ed86-13e0-490a-9fc4-4182f7f4184a,Non-Procedural Programming,,Base conversion,prolog,en,0,0,0,10,0,0,10,0,0,0,0,
2023-11-11T09:00:51.102,9534a7d2-5412-11eb-a1a9-005056ad4f31,Programming I and II,,N over M,cs-dotnet-core,en,0,0,0.1,10,1,0,0,9,0,0,0,
2023-11-11T09:01:04.805,a4cd3c9f-d6ba-11ec-8da3-d412db16db0b,Programming I and II,,(title in AnonLang),python3,al,0,0,0.4,5,2,0,0,3,0,0,0,
2023-11-11T09:01:10.497,65a2302b-d531-11ec-8da3-d412db16db0b,Programming I and II,,Arithmetic,python3,en,0,0,0,11,0,0,11,0,0,0,0,
2023-11-11T09:01:14.789,54a533d7-7316-11ea-a595-00505601122b,Non-Procedural Programming,,Queens on a chessboard,haskell,en,1,0,0,10,0,10,0,0,0,0,0,
2023-11-11T09:01:21.450,872a1c5b-6e51-11e9-b0fd-00505601122b,Non-Procedural Programming,,Arithmetic expressions,haskell,en,0,0,0,5,0,5,0,0,0,0,0,
2023-11-11T09:01:34.217,6e572d11-023a-4e11-91ae-834542df6c8f,Programming I and II,,(title in AnonLang),python3,al,0,0,0.67,3,2,0,0,1,0,0,0,
2023-11-11T09:01:39.198,c69f9d2c-3386-11ec-986f-f39926f24a9c,Programming I and II,,Median,python3,en,0,0,1,3,3,0,0,0,0,0,0,
2023-11-11T09:01:50.674,8753d555-25da-11ec-986f-f39926f24a9c,Java,,BIN-TREE,java,en,0,0,0,2,0,2,0,0,0,0,0,
2023-11-11T09:02:06.042,ea09d7c4-28ad-11e8-9de3-00505601122b,Programming I and II,,MZ - Binary Search Tree,python3,en,0,0,0,5,0,0,3,2,0,0,0,
2023-11-11T09:02:12.615,8dcdf177-a88f-11e7-a937-00505601122b,Programming I and II,,(title in AnonLang),cs-dotnet-core,al,0,0,0.2,9,2,0,0,7,0,0,0,
2023-11-11T09:02:16.118,cc98f2c7-088e-11ea-9ce9-00505601122b,Programming I and II,,(title in AnonLang),python3,al,0,0,0.4,5,2,0,0,0,0,3,0,
2023-11-11T09:02:21.456,52a6c3ad-a88d-11e7-a937-00505601122b,Programming I and II,,(title in AnonLang),python3,al,0,0,0.14,7,1,0,0,6,0,0,0,
2023-11-11T09:02:27.740,495f69c4-e434-40ff-ba8e-9d6c00940613,Non-Procedural Programming,,(title in AnonLang),prolog,al,0,0,0.14,7,1,0,6,0,0,0,0,
2023-11-11T09:02:33.218,d2f12188-aba7-11e7-a937-00505601122b,C# Language and .NET Framework,,(title in AnonLang),cs-dotnet-core,al,0,0,0.58,12,6,0,3,3,0,0,0,
2023-11-11T09:02:46.769,9f313454-5264-11ea-a595-00505601122b,Non-Procedural Programming,,Restaurant,prolog,en,0,0,0,1,0,0,0,1,0,0,0,
2023-11-11T09:02:54.779,c8ff391a-a811-11e7-a937-00505601122b,Programming I and II,,For a free time,cs-dotnet-core,en,0,0,0,4,0,0,0,4,0,0,0,
2023-11-11T09:02:59.576,67f9b971-7204-11ec-986f-f39926f24a9c,Introduction to Algorithms,,(title in AnonLang),python3,al,0,0,0,8,0,0,8,0,0,0,0,
2023-11-11T09:03:16.482,cca7252b-fb4e-11e9-9ce9-00505601122b,Programming I and II,,(title in AnonLang),python3,al,0,0,0.44,8,6,0,0,0,2,0,0,
2023-11-11T09:03:22.625,739ea587-685e-11ea-a595-00505601122b,Non-Procedural Programming,,Regular expressions,prolog,en,0,0,0,4,0,4,0,0,0,0,0,
2023-11-11T09:03:31.553,7e9f5c43-3813-11ec-986f-f39926f24a9c,Programming I and II,,(title in AnonLang),python3,al,0,0,0,3,0,0,3,0,0,0,0,
2023-11-11T09:03:48.740,976eae33-0eb4-492e-8384-5124ffde952b,Programming I and II,,Searching in an ordered array,python3,en,0,0,0.3,9,5,0,0,0,4,0,0,
2023-11-11T09:03:52.626,477c3772-cc87-4cc9-aa98-32d2bad9c074,Programming I and II,,Sorting of the training attendance,python3,en,0,0,0,5,0,0,0,5,0,0,0,
2023-11-11T09:03:59.241,87101236-6c7a-11ec-986f-f39926f24a9c,Programming I and II,,(title in AnonLang),python3,al,0,0,0.5,10,5,0,0,5,0,0,0,
2023-11-11T09:04:05.209,b4e13957-0a47-11eb-98c0-005056ad4f31,Programming I and II,,Integer solutions,python3,en,0,0,0.2,10,2,0,0,7,1,0,0,
2023-11-11T09:04:09.319,0c965a56-8e65-11ec-986f-f39926f24a9c,Programming I and II,,Primality claim,cs-dotnet-core,en,0,0,0.17,6,1,0,0,5,0,0,0,
2023-11-11T09:04:17.278,12a5e40b-a890-11e7-a937-00505601122b,Programming I and II,,Optimal matrix product,cs-dotnet-core,en,0,0,0,7,0,0,7,0,0,0,0,
2023-11-11T09:04:22.114,0bfa1156-57e9-11ea-a595-00505601122b,Non-Procedural Programming,,Duplicates,prolog,en,0,0,0,9,0,9,0,0,0,0,0,
2023-11-11T09:04:28.893,207a8c8b-d13d-417f-94ce-13d0d502fa9a,Programming I and II,,(title in AnonLang),python3,al,0,0,1,2,2,0,0,0,0,0,0,
2023-11-11T09:04:36.308,70762cbe-791d-11eb-a1a9-005056ad4f31,Programming I and II,,Closest pair of points,cxx-gcc-linux,en,0,0,0,7,0,7,0,0,0,0,0,
2023-11-11T09:04:41.052,838edb9e-b5de-11ec-8d84-d310d4f96200,Non-Procedural Programming,,(title in AnonLang),haskell,al,0,0,0,9,0,9,0,0,0,0,0,
2023-11-11T09:04:45.507,7bcb7a2d-3e56-11ec-986f-f39926f24a9c,Programming I and II,,(title in AnonLang),python3,al,0,0,1,4,4,0,0,0,0,0,0,
2023-11-11T09:04:58.570,e603b29a-9503-11ec-986f-f39926f24a9c,Programming I and II,,Partition point of a sequence,python3,en,0,0,0.29,7,2,0,0,5,0,0,0,
2023-11-11T09:05:04.376,73ac55ab-62ed-11ea-a595-00505601122b,Non-Procedural Programming,,Dates,prolog,en,0,0,0.1,10,1,0,0,9,0,0,0,
2023-11-11T09:05:11.469,a16d4cf5-2f49-11ec-986f-f39926f24a9c,Programming I and II,,(title in AnonLang),python3,al,20,20,0,10,0,0,10,0,0,0,0,
2023-11-11T09:05:15.351,f3eb0826-cd9a-11e8-a4be-00505601122b,Java,,MULTIPLICATION TABLE,java,en,1,1,0.9,10,9,0,0,1,0,0,0,
2023-11-11T09:05:23.765,b40d62c1-7b79-11ea-a595-00505601122b,Web Applications,,JS - ES6 warm up,node-linux,en,2,2,0,1,0,0,0,1,0,0,0,
2023-11-11T09:05:27.169,1b4d8c05-2f7f-11ec-986f-f39926f24a9c,Programming I and II,,(title in AnonLang),python3,al,0,0,0.25,4,1,0,0,3,0,0,0,
2023-11-11T09:05:30.683,f45d7452-994a-11ec-986f-f39926f24a9c,Programming I and II,,Godrick the Grafter,python3,en,0,0,0,5,0,0,5,0,0,0,0,
2023-11-11T09:05:36.486,835eada2-491f-11ec-986f-f39926f24a9c,Introduction to Algorithms,,(title in AnonLang),python3,al,1,1,0.5,2,1,0,0,1,0,0,0,
2023-11-11T09:05:40.947,afd1e168-d535-11ec-8da3-d412db16db0b,Programming I and II,,Party,python3,en,0,0,0.09,11,1,0,0,10,0,0,0,
2023-11-11T09:05:45.381,0d72cea2-a88c-11e7-a937-00505601122b,Programming I and II,,Pallets,python3,en,0,0,0.7,10,7,0,0,3,0,0,0,
2023-11-11T09:05:54.553,2cf05181-2f4c-11ec-986f-f39926f24a9c,Introduction to Algorithms,,(title in AnonLang),python3,al,0,0,1,5,5,0,0,0,0,0,0,
2023-11-11T09:06:11.420,5abf8e3a-996c-11ec-986f-f39926f24a9c,Programming I and II,,3D Tic-Tac-Toe,cs-dotnet-core,en,0,0,0,12,0,0,1,11,0,0,0,
2023-11-11T09:06:15.027,43378d5e-b115-11ec-8d84-d310d4f96200,Programming I and II,,The Same,python3,en,0,0,0,5,0,0,0,5,0,0,0,
2023-11-11T09:06:18.819,e6adf47d-0a45-11eb-98c0-005056ad4f31,Programming I and II,,Range of years,python3,en,0,0,1,6,6,0,0,0,0,0,0,
2023-11-11T09:06:28.376,0f790301-a88d-11e7-a937-00505601122b,Programming I and II,,Missing parentheses,cs-dotnet-core,en,0,0,1,6,6,0,0,0,0,0,0,
2023-11-11T09:06:32.707,2c7852fa-a814-11e7-a937-00505601122b,Programming I and II,,(title in AnonLang),python3,al,0,0,0,5,0,0,5,0,0,0,0,
2023-11-11T09:06:39.039,8f94e018-84e1-11ea-a595-00505601122b,Programming I and II,,(title in AnonLang),python3,al,0,0,0,5,0,0,0,5,0,0,0,
2023-11-11T09:06:44.753,d3ef2949-d532-11ec-8da3-d412db16db0b,Programming I and II,,Tree,python3,en,0,0,0.09,11,1,0,10,0,0,0,0,
2023-11-11T09:06:50.100,21e1fddf-a88c-11e7-a937-00505601122b,Programming I and II,,(title in AnonLang),cs-dotnet-core,al,0,0,0.2,5,1,0,1,3,0,0,0,
2023-11-11T09:06:54.331,8315e065-6e5e-11e9-b0fd-00505601122b,Non-Procedural Programming,,Dividing polynomials,haskell,en,0,0,0,7,0,7,0,0,0,0,0,
2023-11-11T09:07:07.513,8921f3ec-6334-11ec-986f-f39926f24a9c,Programming I and II,,Integer sums,python3,en,0,0,0,5,0,0,0,5,0,0,0,
2023-11-11T09:07:11.515,79de96bf-1685-11ea-9ce9-00505601122b,Programming I and II,,Permutation lookup,python3,en,1,0,0,8,0,0,0,8,0,0,0,
2023-11-11T09:07:46.775,b547c6c0-a88f-11e7-a937-00505601122b,Programming I and II,,(title in AnonLang),cs-dotnet-core,al,0,0,0.4,5,2,0,0,1,0,2,0,
2023-11-11T09:07:59.062,fe9af127-af25-11ec-8d84-d310d4f96200,Non-Procedural Programming,,Words,haskell,en,0,0,0,13,0,13,0,0,0,0,0,
2023-11-11T09:08:04.596,f00ed3b9-8fab-11ea-befc-00505601122b,Programming I and II,,(title in AnonLang),python3,al,2,0,0,10,0,0,5,5,0,0,0,
2023-11-11T09:08:20.425,6d55721b-a88d-11e7-a937-00505601122b,Programming I and II,,(title in AnonLang),python3,al,0,0,0,10,0,0,10,0,0,0,0,
2023-11-11T09:08:25.864,4e50997e-3e74-11ec-986f-f39926f24a9c,Programming I and II,,(title in AnonLang),python3,al,0,0,1,4,4,0,0,0,0,0,0,
2023-11-11T09:08:32.648,7747827e-6ca2-11e9-b0fd-00505601122b,Non-Procedural Programming,,Tautologies,haskell,en,0,0,0,10,0,10,0,0,0,0,0,
2023-11-11T09:08:54.075,f6450f96-7dd7-11eb-a1a9-005056ad4f31,Programming I and II,,(title in AnonLang),cxx-gcc-linux,al,1,0,0,3,0,0,0,0,3,0,0,
2023-11-11T09:09:08.982,ea0180d1-3a83-11ec-986f-f39926f24a9c,Introduction to Algorithms,,(title in AnonLang),python3,al,0,0,0,5,0,0,5,0,0,0,0,
2023-11-11T09:09:18.954,ac59ca75-c00a-11ec-8da3-d412db16db0b,Programming I and II,,Orientation,cs-dotnet-core,en,0,0,0,5,0,0,0,5,0,0,0,
2023-11-11T09:09:26.883,19085c88-b5f5-11ec-8d84-d310d4f96200,Programming I and II,,(title in AnonLang),python3,al,0,0,0.75,4,3,0,0,1,0,0,0,
2023-11-11T09:09:40.913,59d8b8ed-7843-11eb-a1a9-005056ad4f31,Programming I and II,,Square,cxx-gcc-linux,en,1,0,0,6,0,0,0,6,0,0,0,
2023-11-11T09:09:44.864,8048afc4-a3e7-11ec-986f-f39926f24a9c,Programming I and II,,(title in AnonLang),python3,al,0,0,0,3,0,0,3,0,0,0,0,
2023-11-11T09:09:48.432,4e612a12-3562-11eb-a1a9-005056ad4f31,Programming I and II,,P1M-JA: Wrapper function,python3,en,0,0,1,5,5,0,0,0,0,0,0,
2023-11-11T09:09:52.990,71b1df7d-a88c-11e7-a937-00505601122b,Programming I and II,,(title in AnonLang),python3,al,0,0,0.6,5,3,0,0,2,0,0,0,
2023-11-11T09:09:57.776,66cdd8a4-c1d4-48e8-b389-5c7fc65bb171,Programming I and II,,Beautiful fractions,python3,en,0,0,0,5,0,0,0,5,0,0,0,
2023-11-11T09:10:04.855,b440aaf1-60e2-11e9-b0fd-00505601122b,Programming I and II,,Longest ascending subsequence,cs-dotnet-core,en,0,0,0,5,0,0,0,5,0,0,0,
2023-11-11T09:10:14.323,072da0cd-6ad9-11eb-a1a9-005056ad4f31,Computer Systems,,(title in AnonLang),arduino-gcc,al,2,2,0,1,0,0,0,1,0,0,0,
2023-11-11T09:10:17.828,9073155a-b5f3-11ec-8d84-d310d4f96200,Programming I and II,,Josephus problem - simulation,python3,en,0,0,1,4,4,0,0,0,0,0,0,
2023-11-11T09:10:29.101,27538c91-4167-11ec-986f-f39926f24a9c,Java,,USER-STAT,java,en,2,2,1,3,3,0,0,0,0,0,0,
2023-11-11T09:10:35.792,34ee3ca7-a205-11ec-986f-f39926f24a9c,Programming I and II,,(title in AnonLang),python3,al,0,0,0,5,0,0,5,0,0,0,0,
2023-11-11T09:10:39.311,d0abb5e2-a811-11e7-a937-00505601122b,Programming I and II,,(title in AnonLang),python3,al,0,0,0.2,5,1,0,0,4,0,0,0,
2023-11-11T09:10:45.405,c99cc4c2-b0fd-11ec-8d84-d310d4f96200,Non-Procedural Programming,,(title in AnonLang),haskell,al,0,0,0,3,0,3,0,0,0,0,0,
2023-11-11T09:10:56.020,922ff917-7a8e-11eb-a1a9-005056ad4f31,Programming I and II,,Longest arithmetic subsequence,cs-dotnet-core,en,0,0,0,8,0,0,0,8,0,0,0,
2023-11-11T09:11:02.382,61807005-4d7a-4a0e-9301-319ece0e027c,Non-Procedural Programming,,Expression reduction,prolog,en,0,0,0.1,10,1,0,2,7,0,0,0,
2023-11-11T09:11:07.369,8f3f6757-e611-4ba4-8a66-1e20c4af2863,Programming I and II,,(title in AnonLang),python3,al,0,0,0,1,0,0,1,0,0,0,0,
2023-11-11T09:11:11.425,14214dea-a88c-11e7-a937-00505601122b,Programming I and II,,(title in AnonLang),python3,al,0,0,0,10,0,0,10,0,0,0,0,
2023-11-11T09:11:30.300,73c4c14d-85da-11eb-a1a9-005056ad4f31,Web Applications,,PHP - NotORM,php-linux,en,15,14,0,5,0,0,5,0,0,0,0,
2023-11-11T09:11:52.299,56a15740-a88d-11e7-a937-00505601122b,Programming I and II,,(title in AnonLang),python3,al,0,0,1,10,10,0,0,0,0,0,0,
2023-11-11T09:12:00.374,5d844e59-c46a-47e2-b7ce-1a055bc6f9e5,Non-Procedural Programming,,Mini-Sudoku,haskell,en,1,0,0,10,0,10,0,0,0,0,0,
2023-11-11T09:12:09.669,54eed52b-ca08-11e7-a937-00505601122b,Programming I and II,,(title in AnonLang),python3,al,0,0,0.2,5,1,0,0,4,0,0,0,
2023-11-11T09:12:13.864,1b4dd6b9-a814-11e7-a937-00505601122b,Programming I and II,,Phonebook for Integers,python3,en,0,0,0,4,0,0,4,0,0,0,0,
2023-11-11T09:12:22.978,422330d3-2c41-11ed-8d67-d30fcedff11b,Programming I and II,,(title in AnonLang),cxx-gcc-linux,al,0,0,0,10,2,0,0,8,0,0,0,
2023-11-11T09:12:26.708,b2d32aac-a88c-11e7-a937-00505601122b,Programming I and II,,Number of days,python3,en,0,0,1,10,10,0,0,0,0,0,0,
2023-11-11T09:12:42.292,b6a2c6b1-d9d1-4314-9569-9f565160c5e7,Programming in C++,,Expression Evaluator,cxx-gcc-linux,en,0,0,0,1,0,0,0,0,1,0,0,
2023-11-11T09:12:50.833,c2e6735c-1ab4-11eb-8e81-005056ad4f31,Programming I and II,,Magic square,python3,en,0,0,0,11,0,0,11,0,0,0,0,
2023-11-11T09:13:03.004,0bcd1c1f-62f3-11ea-a595-00505601122b,Non-Procedural Programming,,Matrix multiplication,prolog,en,0,0,0,6,0,0,6,0,0,0,0,
2023-11-11T09:13:11.391,44346588-1f11-44aa-8412-b770e6712e1d,Programming I and II,,(title in AnonLang),python3,al,0,0,1,3,3,0,0,0,0,0,0,
2023-11-11T09:13:18.077,86084f83-915a-11ea-befc-00505601122b,Programming I and II,,One against one hundred,cs-dotnet-core,en,0,0,0.2,5,1,0,4,0,0,0,0,
2023-11-11T09:13:22.544,b60f5865-f366-11e9-9ce9-00505601122b,Programming I and II,,(title in AnonLang),python3,al,0,0,1,5,5,0,0,0,0,0,0,
2023-11-11T09:13:37.161,83c38482-89e4-11eb-a1a9-005056ad4f31,Programming I and II,,Fractional arithmetic,cs-dotnet-core,en,0,0,0,8,0,0,8,0,0,0,0,
2023-11-11T09:13:43.366,bc925e56-7b7e-11eb-a1a9-005056ad4f31,Non-Procedural Programming,,Binary addition,prolog,en,0,0,0,8,0,8,0,0,0,0,0,
2023-11-11T09:13:54.079,5bb189d2-8a5a-11ea-befc-00505601122b,Programming I and II,,P2M: Bipartite graph,python3,en,0,0,0.2,10,2,0,0,6,2,0,0,
2023-11-11T09:14:01.737,dea5515d-a88b-11e7-a937-00505601122b,Programming I and II,,(title in AnonLang),cs-dotnet-core,al,0,0,0,6,0,0,5,1,0,0,0,
2023-11-11T09:14:11.022,045919bc-a51c-11ec-986f-f39926f24a9c,Parallel Programming,,Levenshtein's edit distance (OpenMP),cxx-gcc-linux,en,0,0,0,5,0,5,0,0,0,0,0,
2023-11-11T09:14:19.555,695d4536-4624-11ea-9c53-00505601122b,Programming I and II,,(title in AnonLang),python3,al,0,0,0.1,10,1,0,0,9,0,0,0,
2023-11-11T09:14:25.148,4d1a85a7-595c-11ec-986f-f39926f24a9c,Programming I and II,,Longest common substring,python3,en,0,0,0.67,3,2,0,0,1,0,0,0,
2023-11-11T09:14:33.193,6604135e-cb29-11ec-8da3-d412db16db0b,Programming I and II,,Garden,python3,en,0,0,0,5,0,0,3,2,0,0,0,
2023-11-11T09:14:38.393,f42afd22-ba88-11ec-8d84-d310d4f96200,Programming I and II,,Grow a Tree,python3,en,0,0,1,5,5,0,0,0,0,0,0,
2023-11-11T09:14:43.496,1970aed1-7f42-11ea-a595-00505601122b,Programming I and II,,(title in AnonLang),python3,al,0,0,0.1,10,1,0,0,9,0,0,0,
2023-11-11T09:14:48.878,0f2a9635-92ff-11eb-a1a9-005056ad4f31,Programming I and II,,Two digits,cs-dotnet-core,en,0,0,0,11,0,0,11,0,0,0,0,
2023-11-11T09:14:54.948,7c914b1c-959a-11ec-986f-f39926f24a9c,Non-Procedural Programming,,Vectors,prolog,en,0,0,0.23,13,3,0,7,3,0,0,0,
2023-11-11T09:15:49.590,d0d85dfd-ab98-11ec-8d84-d310d4f96200,Non-Procedural Programming,,Integers,haskell,en,0,0,0.32,19,6,0,0,0,13,0,0,
2023-11-11T09:15:55.291,d020ef26-70bd-11e9-b0fd-00505601122b,Programming in Python,,PY MAZE,python3,en,2,2,0,5,0,0,5,0,0,0,0,
2023-11-11T09:16:10.817,3ed0431c-62f1-11ea-a595-00505601122b,Non-Procedural Programming,,Dates with years,prolog,en,0,0,0,10,0,10,0,0,0,0,0,
2023-11-11T09:16:25.667,b26fb39c-52b5-11ec-986f-f39926f24a9c,Introduction to Algorithms,,"Tree set, extended",python3,en,0,0,0,3,0,0,1,2,0,0,0,
2023-11-11T09:16:30.410,7955e261-09b1-11ea-9ce9-00505601122b,Programming I and II,,(title in AnonLang),python3,al,0,0,0,5,0,0,0,5,0,0,0,
2023-11-11T09:16:34.056,a04214ef-a4a7-11ec-986f-f39926f24a9c,Programming I and II,,An Actual Queue,python3,en,0,0,0,5,0,0,0,5,0,0,0,
2023-11-11T09:16:40.830,cfee4ccb-502f-11eb-a1a9-005056ad4f31,Programming I and II,Introduction to Algorithms,Path of a rook,python3,en,0,0,0.25,12,3,0,0,9,0,0,0,
2023-11-11T09:16:44.970,df4da275-f027-11e9-9ce9-00505601122b,Programming I and II,,Caesar cipher,python3,en,0,0,0,5,0,0,0,5,0,0,0,
2023-11-11T09:17:12.391,d22efabf-5c10-11ea-a595-00505601122b,Programming I and II,,(title in AnonLang),python3,al,0,0,0,15,0,0,0,10,4,1,0,
2023-11-11T09:17:17.350,815b9eeb-a7ab-11e7-a937-00505601122b,C# Language and .NET Framework,,Word Counting,cs-dotnet-core,en,1,1,1,12,12,0,0,0,0,0,0,
2023-11-11T09:17:24.203,ec16a616-9112-11ea-befc-00505601122b,Non-Procedural Programming,,Post's correspondence problem,haskell,en,0,0,0,5,0,5,0,0,0,0,0,
2023-11-11T09:17:37.633,ca380800-a88b-11e7-a937-00505601122b,Programming I and II,,(title in AnonLang),python3,al,0,0,0,7,0,0,2,5,0,0,0,
2023-11-11T09:17:44.962,ec7783c9-31ce-11ec-986f-f39926f24a9c,Introduction to Algorithms,,(title in AnonLang),python3,al,1,1,1,14,14,0,0,0,0,0,0,
2023-11-11T09:17:50.520,8f99ccae-78a9-11ea-a595-00505601122b,Non-Procedural Programming,,Relations,haskell,en,0,0,0,10,0,10,0,0,0,0,0,
2023-11-11T09:17:54.431,f3368cef-9a8d-11ec-986f-f39926f24a9c,Programming I and II,,Fibonacci algorithm for fraction decomposition,python3,en,0,0,0,4,0,0,0,4,0,0,0,
2023-11-11T09:18:01.261,030ffc52-e588-11e7-9ef6-00505601122b,Programming I and II,,Student's schedule,cxx-gcc-linux,en,0,0,0,5,0,0,0,5,0,0,0,
2023-11-11T09:18:08.943,30491b17-376b-11ec-986f-f39926f24a9c,Java,,POST-CALC,java,en,2,2,0,4,0,4,0,0,0,0,0,
2023-11-11T09:18:20.485,ecf41dea-c54d-11eb-a1a9-005056ad4f31,Non-Procedural Programming,,Largest square submatrix,haskell,en,0,0,0,8,0,8,0,0,0,0,0,
2023-11-11T09:18:26.759,44c3ae04-380c-11ec-986f-f39926f24a9c,Programming I and II,,Radix sort,python3,en,0,0,0,10,0,0,0,10,0,0,0,
2023-11-11T09:18:32.596,7359f204-9b13-11ec-986f-f39926f24a9c,Non-Procedural Programming,,Clique,prolog,en,1,0,0,8,0,0,8,0,0,0,0,
2023-11-11T09:18:36.514,2a4cdd91-0ef1-11eb-98c0-005056ad4f31,Programming I and II,,(title in AnonLang),python3,al,0,0,0,4,0,0,0,4,0,0,0,
2023-11-11T09:18:50.311,c7eeb228-4583-11ec-986f-f39926f24a9c,Programming I and II,,(title in AnonLang),python3,al,0,0,0.33,9,3,0,0,6,0,0,0,
2023-11-11T09:18:56.597,2a53e267-3e6e-11eb-a1a9-005056ad4f31,Programming I and II,,(title in AnonLang),python3,al,0,0,0,10,0,0,0,7,3,0,0,
2023-11-11T09:19:02.250,1fa83b4a-2458-11eb-8e81-005056ad4f31,Programming I and II,,(title in AnonLang),python3,al,0,0,0,3,0,0,3,0,0,0,0,
2023-11-11T09:19:06.094,16796159-0fab-11eb-98c0-005056ad4f31,Programming I and II,Introduction to Algorithms,Converting between bases,python3,en,0,0,0,9,0,0,0,9,0,0,0,
2023-11-11T09:19:13.937,57cf87f5-0fa6-11ea-9ce9-00505601122b,Programming I and II,,(title in AnonLang),python3,al,0,0,1,6,6,0,0,0,0,0,0,
2023-11-11T09:19:24.188,4d99ef6b-8f59-11ec-986f-f39926f24a9c,Non-Procedural Programming,,(title in AnonLang),prolog,al,0,0,0,4,0,4,0,0,0,0,0,
2023-11-11T09:19:30.431,8358bdb7-e22e-4b03-b550-8c65ce50eea5,Programming I and II,,(title in AnonLang),python3,al,0,0,0.25,4,1,0,0,3,0,0,0,
2023-11-11T09:19:41.359,8fcf7db0-427a-11ec-986f-f39926f24a9c,Programming in C++,,Simple people database,cxx-gcc-linux,en,0,0,1,8,8,0,0,0,0,0,0,
2023-11-11T09:19:44.903,efbf504e-1ad3-11eb-8e81-005056ad4f31,Programming I and II,,Copying by sentences,python3,en,0,0,0,5,0,0,0,5,0,0,0,
2023-11-11T09:20:02.724,d922be97-18e4-11eb-8e81-005056ad4f31,Introduction to Algorithms,,Goldbach sums,python3,en,0,0,0,10,0,0,0,5,5,0,0,
2023-11-11T09:20:09.358,1cbd52ae-7b88-11eb-a1a9-005056ad4f31,Non-Procedural Programming,,Family tree,prolog,en,0,0,0.17,12,2,0,2,8,0,0,0,
2023-11-11T09:20:16.910,3b9cc7cc-4fe3-11ec-986f-f39926f24a9c,Programming I and II,,Average word length,python3,en,0,0,1,4,4,0,0,0,0,0,0,
2023-11-11T09:20:25.045,a134a740-457a-480a-b322-8b9cb9377328,Programming I and II,,Position of elements in merged sequence,python3,en,0,0,0.8,5,4,0,0,0,1,0,0,
2023-11-11T09:20:31.894,cb00260e-b284-11eb-a1a9-005056ad4f31,Non-Procedural Programming,,Hangman,haskell,en,0,0,0,3,0,3,0,0,0,0,0,
2023-11-11T09:20:37.190,9d25dd86-69b6-11ea-a595-00505601122b,Programming I and II,,Most frequent words by length,python3,en,0,0,0,5,0,0,0,5,0,0,0,
2023-11-11T09:20:44.769,69bb9d97-205d-11ec-986f-f39926f24a9c,Introduction to Algorithms,,(title in AnonLang),python3,al,1,1,0.62,8,5,0,0,3,0,0,0,
2023-11-11T09:20:53.169,78b5b028-5955-11ea-a595-00505601122b,Java,,ANNOTATIONS,java,en,3,3,0,8,0,0,1,7,0,0,0,
2023-11-11T09:21:02.913,f117c070-94ef-11ec-986f-f39926f24a9c,Java,,DIR-SERVICELOADER,java,en,4,1,0,3,0,3,0,0,0,0,0,
2023-11-11T09:21:12.200,677e0505-57f0-11ea-a595-00505601122b,Non-Procedural Programming,,Subsequences,prolog,en,0,0,0.1,10,1,0,3,5,1,0,0,
2023-11-11T09:21:16.674,42f04cc6-bff5-11ec-8da3-d412db16db0b,Programming I and II,,Family Tree,python3,en,0,0,0,5,0,0,0,5,0,0,0,
2023-11-11T09:21:24.770,a4fbdd3f-34a0-11ec-986f-f39926f24a9c,Programming I and II,,(title in AnonLang),python3,al,0,0,0,10,0,0,10,0,0,0,0,
2023-11-11T09:21:36.850,070c19cd-bbff-11ec-8da3-d412db16db0b,Non-Procedural Programming,,Infinite combinations,haskell,en,0,0,0.33,15,5,0,0,2,0,8,0,
2023-11-11T09:21:42.806,ce97d2ba-45f0-11ec-986f-f39926f24a9c,Introduction to Algorithms,,Coffee machine queue,python3,en,0,0,0.15,10,3,0,0,7,0,0,0,
2023-11-11T09:21:51.868,93b71ca2-245b-11eb-8e81-005056ad4f31,Programming I and II,,(title in AnonLang),python3,al,0,0,0,3,0,0,3,0,0,0,0,
2023-11-11T09:21:56.857,72df90c5-8acb-11ea-befc-00505601122b,Programming I and II,,Dominoes,python3,en,1,0,0,7,0,0,7,0,0,0,0,
2023-11-11T09:22:01.624,c107aa96-f8d7-48e5-b331-628f902dc9f7,Non-Procedural Programming,,(title in AnonLang),prolog,al,0,0,0,7,0,0,0,7,0,0,0,
2023-11-11T09:22:18.710,9751d2f7-8e3f-11eb-a1a9-005056ad4f31,Computer Systems,,03 - Arduino Buttons,arduino-gcc,en,2,2,0,3,0,0,0,3,0,0,0,
2023-11-11T09:22:22.709,83a4954c-579d-11ec-986f-f39926f24a9c,Programming I and II,,(title in AnonLang),python3,al,0,0,0,3,0,0,0,3,0,0,0,
2023-11-11T09:22:38.462,bef207d3-5639-42ad-9f7d-fd80f0b18aa9,Non-Procedural Programming,,(title in AnonLang),prolog,al,0,0,0,10,0,10,0,0,0,0,0,
2023-11-11T09:22:45.340,c8cb7a3a-7576-11eb-a1a9-005056ad4f31,Computer Systems,,01 - Celmomether,cxx-gcc-linux,en,2,2,0,6,0,0,0,6,0,0,0,
2023-11-11T09:22:51.073,7999837a-0044-4dcc-845b-a74fc371e368,Programming I and II,,(title in AnonLang),python3,al,0,0,1,8,8,0,0,0,0,0,0,
2023-11-11T09:23:04.180,aaa7155c-737c-4f22-a87a-621c89757e27,Programming in C++,,CSV file reader,cxx-gcc-linux,en,0,0,0.17,7,2,0,3,2,0,0,0,
2023-11-11T09:23:10.259,fd7595f4-a88f-11e7-a937-00505601122b,Programming I and II,,(title in AnonLang),python3,al,1,0,0,5,0,0,0,5,0,0,0,
2023-11-11T09:23:38.259,105725b0-756e-4374-8171-a82c8d56e227,Non-Procedural Programming,,(title in AnonLang),prolog,al,0,0,0,6,0,0,0,1,5,0,0,
2023-11-11T09:23:55.317,aed750c6-78b1-11ea-a595-00505601122b,Non-Procedural Programming,,Poker hands,haskell,en,0,0,0,10,0,10,0,0,0,0,0,
2023-11-11T09:24:02.729,95ed2f45-2ea3-11eb-8e81-005056ad4f31,Programming I and II,,Packing boxes,cxx-gcc-linux,en,0,0,0,9,0,0,0,9,0,0,0,
2023-11-11T09:24:15.293,f22cf424-208c-11e9-b0fd-00505601122b,Programming in C++,,Remove superfluous parentheses,cxx-gcc-linux,en,0,0,0,4,0,4,0,0,0,0,0,
2023-11-11T09:24:22.600,06bdcce2-503a-11ec-986f-f39926f24a9c,Introduction to Algorithms,,(title in AnonLang),python3,al,1,1,0,3,0,0,0,3,0,0,0,
2023-11-11T09:24:27.126,6cada2ad-9c81-11eb-a1a9-005056ad4f31,Non-Procedural Programming,,(title in AnonLang),haskell,al,0,0,0,6,0,6,0,0,0,0,0,
2023-11-11T09:24:31.002,4bc5c00c-38c1-11ec-986f-f39926f24a9c,Programming I and II,,Find the longest continuous increasing subsequence,python3,en,0,0,0.5,4,2,0,0,2,0,0,0,
2023-11-11T09:24:47.404,0d2f4f6f-7cfa-11eb-a1a9-005056ad4f31,Programming I and II,,Number wheel,cs-dotnet-core,en,1,0,0.1,10,1,0,0,9,0,0,0,
2023-11-11T09:24:53.979,075f24de-a88d-11e7-a937-00505601122b,Programming I and II,,(title in AnonLang),cs-dotnet-core,al,0,0,0,5,0,0,0,5,0,0,0,
2023-11-11T09:25:02.407,85564133-f491-11e8-b0fd-00505601122b,Programming in C++,,(title in AnonLang),cxx-gcc-linux,al,4,4,0,2,0,0,0,2,0,0,0,
2023-11-11T09:25:08.062,37e4591f-d9b8-11ec-8da3-d412db16db0b,Programming I and II,,(title in AnonLang),cs-dotnet-core,al,0,0,0,8,0,0,0,8,0,0,0,
2023-11-11T09:25:14.597,9d0d51e5-e118-11e8-a4be-00505601122b,Programming I and II,Introduction to Algorithms,Number of occurrences in an ordered array,python3,en,0,0,1,10,10,0,0,0,0,0,0,
2023-11-11T09:25:29.758,87d19e6c-3331-4496-9918-459cd4169930,Programming in C++,,Directed Graph Distances,cxx-gcc-linux,en,1,0,0,4,0,0,0,4,0,0,0,
2023-11-11T09:25:34.408,1eaea366-5079-11ec-986f-f39926f24a9c,Programming I and II,,(title in AnonLang),python3,al,0,0,1,5,5,0,0,0,0,0,0,
2023-11-11T09:25:37.825,33adc61e-1532-11eb-8e81-005056ad4f31,Programming I and II,,Inverse permutation,python3,en,0,0,0,9,0,0,0,9,0,0,0,
2023-11-11T09:25:53.365,1e5cc3df-a50e-45a7-be7e-357753e644e1,Non-Procedural Programming,,(title in AnonLang),prolog,al,0,0,0,7,0,7,0,0,0,0,0,
2023-11-11T09:25:59.829,25c90f2a-e50a-11e7-9ef6-00505601122b,Programming I and II,,Meeting place,cxx-gcc-linux,en,1,0,0,9,0,9,0,0,0,0,0,
2023-11-11T09:26:05.169,4ee8695d-867f-11eb-a1a9-005056ad4f31,Non-Procedural Programming,,Broken rods,prolog,en,0,0,0,7,0,0,0,0,0,7,0,
2023-11-11T09:26:14.616,afae513d-1a3c-4b2a-b5f4-661bedb19bfc,Non-Procedural Programming,,(title in AnonLang),prolog,al,0,0,0.14,7,1,0,0,6,0,0,0,
2023-11-11T09:26:22.041,105b720d-245e-11eb-8e81-005056ad4f31,Programming I and II,,(title in AnonLang),python3,al,0,0,0,3,0,0,3,0,0,0,0,
2023-11-11T09:26:30.937,5974de72-aba3-11e7-a937-00505601122b,Java,,JUSTIFY,java,en,2,2,0,6,0,0,1,5,0,0,0,
2023-11-11T09:26:43.315,de8737bd-b803-11eb-a1a9-005056ad4f31,Non-Procedural Programming,,(title in AnonLang),haskell,al,1,0,0,5,0,5,0,0,0,0,0,
2023-11-11T09:26:51.861,36fa1f86-60ef-11e9-b0fd-00505601122b,Programming I and II,,Dragon's den,cs-dotnet-core,en,0,0,0.2,5,1,0,0,4,0,0,0,
2023-11-11T09:26:57.397,d9d1ad8a-6ce2-11e9-b0fd-00505601122b,Non-Procedural Programming,,All balanced binary trees,haskell,en,0,0,0,4,0,4,0,0,0,0,0,
2023-11-11T09:27:02.849,e1006a22-b9cd-11e7-a937-00505601122b,Programming I and II,,(title in AnonLang),cxx-gcc-linux,al,0,0,0,10,0,10,0,0,0,0,0,
2023-11-11T09:27:13.282,6ef8ba2a-a04a-11e9-b0fd-00505601122b,Programming I and II,,Largest connected area,cs-dotnet-core,en,0,0,0,8,0,0,8,0,0,0,0,
2023-11-11T09:27:36.391,c0eaaab6-958b-11ec-986f-f39926f24a9c,Non-Procedural Programming,,"Lists, lists, lists",prolog,en,0,0,0.65,23,15,0,2,5,1,0,0,
2023-11-11T09:27:42.085,addc7884-b123-11ec-8d84-d310d4f96200,Non-Procedural Programming,,(title in AnonLang),prolog,al,0,0,0,7,0,0,0,7,0,0,0,
2023-11-11T09:27:54.291,3cab6a5a-af7e-11ec-8d84-d310d4f96200,Programming I and II,,Chromatic number,cs-dotnet-core,en,0,0,0,10,0,0,10,0,0,0,0,
2023-11-11T09:27:59.957,13e636e3-08ba-11eb-98c0-005056ad4f31,Introduction to Algorithms,,Primes in a range,python3,en,0,0,1,10,10,0,0,0,0,0,0,
2023-11-11T09:28:05.864,cdfe2dad-54f6-4d9a-a54f-d76cacf1721a,Programming I and II,,(title in AnonLang),python3,al,0,0,0,10,0,0,0,0,0,10,0,
2023-11-11T09:28:16.235,6b3dbca1-c188-11ec-8da3-d412db16db0b,Non-Procedural Programming,,"Polynomials, redux",haskell,en,0,0,0,15,0,15,0,0,0,0,0,
2023-11-11T09:28:51.567,af04bec0-10fe-47db-9a4e-b72880b09462,Programming I and II,,(title in AnonLang),python3,al,1,1,0.4,10,4,0,0,0,6,0,0,
2023-11-11T09:28:55.760,18c4a30f-325c-11ec-986f-f39926f24a9c,Programming I and II,,(title in AnonLang),python3,al,0,0,1,3,3,0,0,0,0,0,0,
2023-11-11T09:29:08.592,602b4cb4-57f2-4cb4-8abe-5af19aac39c1,Non-Procedural Programming,,"Lists, lists, lists...",prolog,en,0,0,0.17,23,4,0,4,14,1,0,0,
2023-11-11T09:29:14.649,bff31cb4-b9cd-11e7-a937-00505601122b,Programming I and II,,(title in AnonLang),cxx-gcc-linux,al,0,0,0,8,0,0,0,8,0,0,0,
2023-11-11T09:29:29.614,b5b79b78-f8b0-4010-994f-8f47fc9a4479,Programming in C++,,(title in AnonLang),cxx-gcc-linux,al,0,0,0,1,0,1,0,0,0,0,0,
2023-11-11T09:29:34.674,82e0c6e3-8005-407c-8680-15db949332e6,Non-Procedural Programming,,Pisemka,haskell,en,0,0,0,5,0,5,0,0,0,0,0,
2023-11-11T09:29:50.941,0102902c-aba6-11e7-a937-00505601122b,C# Language and .NET Framework,,Expression Evaluation,cs-dotnet-core,en,0,0,0,10,0,0,10,0,0,0,0,
2023-11-11T09:29:56.240,878e1e11-0080-11ea-9ce9-00505601122b,Programming I and II,,Sailor on a raft,python3,en,0,0,0,6,0,0,0,6,0,0,0,
2023-11-11T09:30:06.796,c57f6e29-95f0-11eb-a1a9-005056ad4f31,Computer Systems,,04 - Arduino 7seg Display,arduino-gcc,en,1,1,0,2,0,2,0,0,0,0,0,
2023-11-11T09:30:13.177,3f320165-9c74-11eb-a1a9-005056ad4f31,Non-Procedural Programming,,(title in AnonLang),haskell,al,0,0,0,5,0,5,0,0,0,0,0,
2023-11-11T09:30:17.906,e7ed6800-531e-11ea-a595-00505601122b,Programming I and II,,Satellite-mapping mountain peaks,cs-dotnet-core,en,0,0,0.09,11,1,0,0,10,0,0,0,
2023-11-11T09:30:29.303,d61fdb32-c7ba-11ec-8da3-d412db16db0b,Non-Procedural Programming,,(title in AnonLang),haskell,al,0,0,0,15,0,15,0,0,0,0,0,
2023-11-11T09:30:34.891,14ed7b78-8c0a-11eb-a1a9-005056ad4f31,Non-Procedural Programming,,Polynomials,prolog,en,0,0,0.44,9,4,0,4,1,0,0,0,
2023-11-11T09:30:47.657,3f21abe7-4e37-11ec-986f-f39926f24a9c,Java,,FIND,java,en,1,1,0,6,0,6,0,0,0,0,0,
2023-11-11T09:31:02.999,8453a552-dde8-11e8-a4be-00505601122b,Programming in C++,,(title in AnonLang),cxx-gcc-linux,al,0,0,0,4,0,4,0,0,0,0,0,
2023-11-11T09:31:10.287,889fedce-2b56-11eb-8e81-005056ad4f31,Programming I and II,,Matrix class,python3,en,0,0,0.27,9,3,0,6,0,0,0,0,
2023-11-11T09:31:14.957,3735bf80-0087-11ea-9ce9-00505601122b,Programming I and II,,Tile on a chessboard,python3,en,0,0,0.12,7,1,0,2,4,0,0,0,
2023-11-11T09:31:28.508,1cb742b0-7bd6-49cf-b4ea-70acd81bca04,Programming in C++,,String Expressions Evaluator,cxx-gcc-linux,en,0,0,0,5,0,0,0,5,0,0,0,
2023-11-11T09:31:36.004,b751096d-a946-4968-9a16-fccec25c3a12,Programming I and II,,(title in AnonLang),python3,al,0,0,0.3,10,3,0,0,7,0,0,0,
2023-11-11T09:31:42.078,4bd8785f-79c4-11ea-a595-00505601122b,Programming I and II,,(title in AnonLang),python3,al,0,0,0,10,0,0,10,0,0,0,0,
2023-11-11T09:31:49.690,e2710409-4f1f-11ec-986f-f39926f24a9c,Programming I and II,,(title in AnonLang),python3,al,0,0,0,3,0,0,0,3,0,0,0,
2023-11-11T09:32:15.135,4c4fadf5-7ee7-11ec-986f-f39926f24a9c,Programming in C++,,Smart calculator,cxx-gcc-linux,en,0,0,0,12,0,12,0,0,0,0,0,
2023-11-11T09:32:24.527,b24fef50-5aa2-11ec-986f-f39926f24a9c,Programming I and II,,(title in AnonLang),python3,al,0,0,0.6,5,3,0,0,2,0,0,0,
2023-11-11T09:32:40.168,ccab6041-a811-11e7-a937-00505601122b,Programming I and II,,Drunks and Darts,c-gcc-linux,en,0,0,0,5,0,5,0,0,0,0,0,
2023-11-11T09:32:55.389,d472667d-fa2d-11e8-b0fd-00505601122b,Programming in C++,,(title in AnonLang),cxx-gcc-linux,al,0,0,0,4,0,4,0,0,0,0,0,
2023-11-11T09:33:02.501,b36d885b-8bfd-11eb-a1a9-005056ad4f31,Non-Procedural Programming,,Cryptogram,prolog,en,0,0,0,5,0,0,0,0,0,5,0,
2023-11-11T09:33:28.082,45f56386-5a07-46fe-a3a3-75c672a84f34,Programming I and II,,(title in AnonLang),cs-dotnet-core,al,0,0,0.12,8,1,0,0,7,0,0,0,
2023-11-11T09:33:48.631,e46c2dc7-e617-11e8-a4be-00505601122b,Web Applications,,JS - Gallery Metadata,node-linux,en,3,3,0,7,0,0,0,5,2,0,0,
2023-11-11T09:33:54.061,f9f51767-43a7-11eb-a1a9-005056ad4f31,Introduction to Algorithms,,Bureaucratic apparatus,python3,en,0,0,0,8,0,0,8,0,0,0,0,
2023-11-11T09:34:06.304,fd0420ca-ef04-11e8-b0fd-00505601122b,Programming in C++,,(title in AnonLang),cxx-gcc-linux,al,2,2,0,3,0,3,0,0,0,0,0,
2023-11-11T09:34:15.657,a81410b9-2e73-11eb-8e81-005056ad4f31,Programming I and II,,Supply centers,cxx-gcc-linux,en,2,0,1,4,4,0,0,0,0,0,0,
2023-11-11T09:34:31.880,53135ed2-0b88-11ea-9ce9-00505601122b,Programming I and II,Introduction to Algorithms,Train on a bridge,python3,en,0,0,0,15,0,0,15,0,0,0,0,
2023-11-11T09:34:45.203,93d77751-2460-11eb-8e81-005056ad4f31,Programming I and II,,(title in AnonLang),python3,al,0,0,0,3,0,0,3,0,0,0,0,
2023-11-11T09:35:01.174,dccd88ad-e046-11e8-a4be-00505601122b,Web Applications,,JS - Rectangles,node-linux,en,9,7,0,1,0,0,0,0,0,0,1,no solution id
2023-11-11T09:35:10.318,25b7a6e4-a0d0-11e9-b0fd-00505601122b,Programming I and II,,Quadrant compression,cxx-gcc-linux,en,0,0,0,4,0,0,0,4,0,0,0,
2023-11-11T09:35:31.429,ef819de6-2f8a-11ec-986f-f39926f24a9c,Programming I and II,,(title in AnonLang),python3,al,0,0,0.55,11,6,0,0,5,0,0,0,
2023-11-11T09:35:37.242,abcb7719-5679-11ec-986f-f39926f24a9c,Programming I and II,,(title in AnonLang),python3,al,0,0,0,3,0,0,3,0,0,0,0,
2023-11-11T09:35:46.282,df3a8405-783e-11eb-a1a9-005056ad4f31,Programming I and II,,Diff,cxx-gcc-linux,en,0,0,0,4,0,0,2,2,0,0,0,
2023-11-11T09:36:03.788,8a784468-45ed-11e9-b0fd-00505601122b,Web Applications,,PHP - CLI Arguments (Reflection),php-linux,en,3,3,0,6,0,0,6,0,0,0,0,
2023-11-11T09:36:11.103,04f22585-2b49-11eb-8e81-005056ad4f31,Programming I and II,Introduction to Algorithms,Merging sorted files,python3,en,0,0,0.55,9,5,0,4,0,0,0,0,
2023-11-11T09:36:28.539,e26be6c7-495b-11ec-986f-f39926f24a9c,Programming I and II,,(title in AnonLang),python3,al,1,1,0,10,0,0,0,10,0,0,0,
2023-11-11T09:36:33.271,7ff85d4f-ab36-11ea-a038-00505601122b,Programming I and II,,Lakes,python3,en,0,0,0.4,10,4,0,0,6,0,0,0,
2023-11-11T09:36:46.166,42e6d34b-a460-11ec-986f-f39926f24a9c,Parallel Programming,,K-means (TBB),cxx-gcc-linux,en,0,0,0,3,0,3,0,0,0,0,0,
2023-11-11T09:36:54.629,7b40b5f4-aba3-11e7-a937-00505601122b,Java,,CALC-VARS,java,en,2,2,0,4,0,0,0,4,0,0,0,
2023-11-11T09:37:08.114,e3298dc8-5ee9-11ea-a595-00505601122b,Programming I and II,,Matrix expression,cs-dotnet-core,en,0,0,0,4,0,0,0,4,0,0,0,
2023-11-11T09:37:16.867,ecbf8f93-b9cd-11e7-a937-00505601122b,Programming I and II,,Typesetting,cxx-gcc-linux,en,0,0,0,7,0,0,0,6,1,0,0,
2023-11-11T09:37:20.979,c319cff7-0635-11ea-9ce9-00505601122b,Programming I and II,,Twenty most frequent words,python3,en,0,0,0,5,0,0,0,5,0,0,0,
2023-11-11T09:37:28.581,6865eafc-1098-11eb-98c0-005056ad4f31,Programming I and II,,(title in AnonLang),python3,al,0,0,0,4,0,0,0,4,0,0,0,
2023-11-11T09:37:33.577,35615060-50c1-11e9-b0fd-00505601122b,Web Applications,,ACL Security Model,php-linux,en,6,6,0,2,0,0,2,0,0,0,0,
2023-11-11T09:37:49.227,9db2256d-67c0-11eb-a1a9-005056ad4f31,Programming in C++,,XXP Interpreter,cxx-gcc-linux,en,4,3,0,12,0,12,0,0,0,0,0,
2023-11-11T09:37:55.064,5ab8c81c-916d-11eb-a1a9-005056ad4f31,Non-Procedural Programming,,Minesweeper in one dimension,prolog,en,2,0,0,10,0,0,10,0,0,0,0,
2023-11-11T09:38:11.066,95aed953-e2e2-11e8-a4be-00505601122b,Web Applications,,JS - Rectangles (efficiently),node-linux,en,9,7,0,1,0,0,0,0,0,0,1,no solution id
2023-11-11T09:38:16.007,77a4a9de-a7aa-11e7-a937-00505601122b,C# Language and .NET Framework,,Word Frequency,cs-dotnet-core,en,2,2,0.89,11,9,0,1,0,0,1,0,
2023-11-11T09:38:47.482,9543bc4a-2798-11eb-8e81-005056ad4f31,Web Applications,,PHP - Templator,php-linux,en,5,5,0,1,0,0,0,0,0,0,1,no solution id
2023-11-11T09:39:06.093,f320f831-0625-11ea-9ce9-00505601122b,Programming I and II,,Fractions,python3,en,0,0,0,5,0,0,5,0,0,0,0,
2023-11-11T09:39:11.249,7ae19573-5ee3-4df6-8e6d-0db00b08df64,Programming I and II,,(title in AnonLang),cs-dotnet-core,al,0,0,0,5,0,0,2,3,0,0,0,
2023-11-11T09:39:22.604,05f667db-f0c2-11e8-b0fd-00505601122b,Java,,LIFE,java,en,2,2,0,6,0,6,0,0,0,0,0,
2023-11-11T09:39:27.102,fcac6156-57b4-11ec-986f-f39926f24a9c,Programming I and II,,Equifrequent numbers,python3,en,0,0,0.5,4,2,0,0,2,0,0,0,
2023-11-11T09:39:36.117,1c374b9a-f577-11e9-9ce9-00505601122b,Programming I and II,,Hot dogs,python3,en,0,0,0.14,7,1,0,0,6,0,0,0,
2023-11-11T09:39:47.622,2c2c4736-13b7-4464-825d-d724a295917c,Non-Procedural Programming,,Monkey and bananas,prolog,en,0,0,0,8,0,8,0,0,0,0,0,
2023-11-11T09:39:56.704,eb50e3aa-abf6-11eb-a1a9-005056ad4f31,Computer Systems,,06 - Arduino Running Message,arduino-gcc,en,3,3,0,1,0,1,0,0,0,0,0,
2023-11-11T09:40:05.584,ef7d7fa5-6ebd-11ea-a595-00505601122b,Programming I and II,,Weighted paths,cs-dotnet-core,en,0,0,0,8,0,0,0,8,0,0,0,
2023-11-11T09:40:23.157,f125ffce-5154-11e9-b0fd-00505601122b,Web Applications,,ACL Security Model (extension),php-linux,en,6,6,0,3,0,0,3,0,0,0,0,
2023-11-11T09:40:40.663,13b28da6-5be7-11e9-b0fd-00505601122b,Web Applications,,(title in AnonLang),node-linux,al,2,2,0,1,0,0,0,1,0,0,0,
2023-11-11T09:41:00.836,95fcb0ef-73f9-11ec-986f-f39926f24a9c,Programming in C++,,Market Simulation,cxx-gcc-linux,en,2,2,0,10,0,0,0,8,2,0,0,
2023-11-11T09:41:16.736,ac61442a-e68b-11e7-9ef6-00505601122b,Programming I and II,,Theseus and the Minotaur,cxx-gcc-linux,en,0,0,0,6,0,6,0,0,0,0,0,
2023-11-11T09:41:27.624,b31df8ca-244a-11eb-8e81-005056ad4f31,Introduction to Algorithms,,Linked lists,python3,en,0,0,0.33,9,3,0,0,6,0,0,0,
2023-11-11T09:41:46.696,6e000712-678f-11e9-b0fd-00505601122b,Non-Procedural Programming,,Ranked-choice voting,haskell,en,0,0,0,5,0,5,0,0,0,0,0,
2023-11-11T09:41:57.036,f3319c24-cba5-11ec-8da3-d412db16db0b,Programming in Python,,PY SPREADSHEET,python3,en,2,2,0,6,0,0,1,5,0,0,0,
2023-11-11T09:42:03.294,208afe0f-1f5e-425e-9ebd-3fdcb5143b05,Programming I and II,,(title in AnonLang),python3,al,3,3,0,5,0,0,5,0,0,0,0,
2023-11-11T09:42:25.031,48e9f686-915b-11ea-befc-00505601122b,Programming I and II,,Alphabet,cs-dotnet-core,en,0,0,0,5,0,0,4,1,0,0,0,
2023-11-11T11:18:54.524,8763dd86-9319-11ec-986f-f39926f24a9c,Programming I and II,,(title in AnonLang),cs-dotnet-core,al,17,17,0,1,0,0,0,0,0,0,1,text is too long
2023-11-11T11:19:08.338,6924c6d0-42dc-11ea-9c53-00505601122b,Programming in C++,,Macro-processor with parameters,cxx-gcc-linux,en,0,0,0,5,0,5,0,0,0,0,0,
2023-11-11T11:19:13.476,689260aa-73c1-11e8-94db-00505601122b,Programming I and II,,Examination,cxx-gcc-linux,en,0,0,0,4,0,0,4,0,0,0,0,
2023-11-11T11:19:20.043,a0d750de-cbaa-11ec-8da3-d412db16db0b,Programming I and II,,(title in AnonLang),cs-dotnet-core,al,0,0,0,4,0,0,0,4,0,0,0,
2023-11-11T11:19:33.941,8043239a-aba9-11e7-a937-00505601122b,C# Language and .NET Framework,,Huffman I,cs-dotnet-core,en,10,9,0.15,11,3,0,0,8,0,0,0,
2023-11-11T11:19:57.980,539a85ae-9436-11ec-986f-f39926f24a9c,Parallel Programming,,Asynchronous DNS resolver (C# .NET Core Tasks),cs-dotnet-core,en,0,0,0,1,0,0,0,0,0,0,1,Exercise submission error - File 'Serial.cs' is already defined by author of the exercise
2023-11-11T11:20:26.139,5afeb7b9-8275-11ec-986f-f39926f24a9c,Programming in C++,,Natural join,cxx-gcc-linux,en,3,3,0,8,0,0,0,8,0,0,0,
2023-11-11T11:20:39.649,11038fd3-ade9-11eb-a1a9-005056ad4f31,Web Applications,,JS - Immutable,node-linux,en,2,2,0,2,0,0,0,2,0,0,0,
2023-11-11T11:20:57.408,347316f7-3fcd-11eb-a1a9-005056ad4f31,Programming I and II,Introduction to Algorithms,Bipartite graph,cs-dotnet-core,en,0,0,1,8,8,0,0,0,0,0,0,
2023-11-11T11:21:04.446,15634693-424e-11ec-986f-f39926f24a9c,Introduction to Algorithms,,Visual quicksort,python3,en,0,0,0,6,0,0,0,6,0,0,0,
2023-11-11T11:21:26.766,5374ab48-1c39-11ea-9ce9-00505601122b,Programming I and II,,(title in AnonLang),python3,al,0,0,0,7,0,0,7,0,0,0,0,
2023-11-11T11:22:15.515,0432b1a0-884e-11eb-a1a9-005056ad4f31,Programming I and II,,Dynamic array,cs-dotnet-core,en,0,0,0.67,9,6,0,0,1,2,0,0,
2023-11-11T11:22:32.407,5131ab11-c52d-11ec-8da3-d412db16db0b,Advanced C++ Programming,,Virtual thread scheduler,cxx-gcc-linux,en,2,2,0,3,0,3,0,0,0,0,0,
2023-11-11T11:22:47.950,9a9b8b15-99e6-11eb-a1a9-005056ad4f31,Computer Systems,,05 - Arduino Stopwatch,arduino-gcc,en,1,1,0,2,0,2,0,0,0,0,0,
2023-11-11T11:23:04.137,8aa7a10e-a9d9-11ec-8d84-d310d4f96200,Programming I and II,,A Linked List,python3,en,1,1,0.67,3,2,0,1,0,0,0,0,
2023-11-11T11:23:13.529,82f8a733-1cdc-11ea-9ce9-00505601122b,Programming I and II,Introduction to Algorithms,(title in AnonLang),python3,al,2,0,0,20,0,0,20,0,0,0,0,
2023-11-11T11:23:30.806,0e8f2089-af9c-11ec-8d84-d310d4f96200,Programming I and II,,A Linked List Vol. 2,python3,en,1,1,0.4,3,1,0,2,0,0,0,0,
2023-11-11T11:23:43.497,14882779-1d7c-11eb-8e81-005056ad4f31,Programming I and II,,(title in AnonLang),python3,al,1,1,0.4,5,2,0,0,3,0,0,0,
2023-11-11T11:24:21.395,dc7eb1ab-fc09-11e8-b0fd-00505601122b,Web Applications,,PHP - Processing Structured Config,php-linux,en,4,4,0,1,0,0,0,0,0,0,1,no solution id
2023-11-11T11:25:29.157,0d80e912-5f2f-4aab-b076-306e5e6ffd3f,Programming in C++,,Phonebook,cxx-gcc-linux,en,4,4,0,1,0,0,0,0,0,0,1,duplicate filename sum.cpp
2023-11-11T11:25:41.613,6c12d54f-fb2a-11e9-9ce9-00505601122b,Programming I and II,,English or AnonLang?,python3,en,0,0,0,6,0,0,6,0,0,0,0,
2023-11-11T11:26:08.615,1cf84d48-2221-11eb-8e81-005056ad4f31,Web Applications,,PHP - Smart Table,php-linux,en,3,3,0,1,0,0,0,0,0,0,1,no solution id
2023-11-11T11:26:24.322,6b3ed45a-b41e-11e7-a937-00505601122b,C# Language and .NET Framework,,SPath,cs-dotnet-core,en,1,0,0.2,10,2,0,0,8,0,0,0,
2023-11-11T11:26:43.635,599bda7f-06fd-11e9-b0fd-00505601122b,Web Applications,,PHP - Form Processing [mandatory],php-linux,en,4,3,0,1,0,0,0,0,0,0,1,Exercise submission error - File 'recodex_lib.php' is already defined by author of the exercise
2023-11-11T11:26:49.652,c706ed63-30d1-11ea-9ce9-00505601122b,Programming I and II,,(title in AnonLang),python3,al,0,0,0,15,0,0,15,0,0,0,0,
2023-11-11T11:27:00.521,2fb88edc-10d3-11e9-b0fd-00505601122b,Web Applications,,PHP - REST API Router,php-linux,en,8,7,0.25,13,5,0,0,8,0,0,0,
2023-11-11T11:27:34.949,a765fae9-84e8-11ea-a595-00505601122b,Web Applications,,(title in AnonLang),node-linux,al,7,5,0,1,0,0,0,0,0,0,1,no solution id
2023-11-11T11:28:04.793,970fb684-672b-11ec-986f-f39926f24a9c,Introduction to Algorithms,,(title in AnonLang),python3,al,6,3,0,1,0,0,0,0,0,0,1,no solution id
2023-11-11T11:28:20.008,59af829f-aba5-11e7-a937-00505601122b,C# Language and .NET Framework,,Huffman III,cs-dotnet-core,en,0,0,0.33,18,8,0,0,10,0,0,0,
2023-11-11T11:28:38.004,adb43c13-923f-11ec-986f-f39926f24a9c,Programming I and II,,Frequency Table,python3,en,1,1,0.71,7,5,0,2,0,0,0,0,
2023-11-11T11:29:33.569,f77e653f-892b-4fa4-b5d8-c1e56fcaa6a3,C# Language and .NET Framework,,Practical Test: Prolog Unification Algorithm,cs-dotnet-core,en,13,7,0,1,0,0,0,0,0,0,1,duplicate filename Program.cs
2023-11-11T11:30:46.731,ba535882-6a38-11ea-a595-00505601122b,Web Applications,,PHP - NIM,php-linux,en,5,3,0,1,0,0,0,0,0,0,1,no solution id
2023-11-11T11:31:16.385,7e984230-aba3-11e7-a937-00505601122b,Java,,STEST,java,en,2,2,0,4,0,0,4,0,0,0,0,
2023-11-11T11:31:24.196,971b5846-947d-11ea-befc-00505601122b,Non-Procedural Programming,,(title in AnonLang),haskell,al,2,1,0,11,0,11,0,0,0,0,0,
2023-11-11T11:31:28.934,279390b5-0b90-11ea-9ce9-00505601122b,Programming I and II,,Typesetting,cs-dotnet-core,en,0,0,0.17,6,1,0,0,5,0,0,0,
2023-11-11T11:31:54.040,7a6122b2-7bc8-11ec-986f-f39926f24a9c,Programming in C++,,(title in AnonLang),cxx-gcc-linux,al,2,2,0,9,0,0,9,0,0,0,0,
2023-11-11T11:32:00.003,648d0592-29b4-11eb-8e81-005056ad4f31,Introduction to Algorithms,,Circular queue,python3,en,0,0,0.1,10,1,0,2,7,0,0,0,
2023-11-11T11:32:07.565,dd58c127-7412-11ea-a595-00505601122b,Programming I and II,,Heavy snowfall,python3,en,0,0,0,8,0,0,8,0,0,0,0,
2023-11-11T11:32:17.054,0b3ced27-4053-11ea-9c53-00505601122b,Programming I and II,,(title in AnonLang),python3,al,0,0,0,10,0,0,10,0,0,0,0,
2023-11-11T11:32:52.218,3238e0f8-aba6-11e7-a937-00505601122b,C# Language and .NET Framework,,Expression Evaluation III,cs-dotnet-core,en,14,14,0,18,0,0,18,0,0,0,0,
2023-11-11T11:33:06.922,6fc31ba9-aba3-11e7-a937-00505601122b,Java,,BRAINF***,java,en,6,6,0,8,0,0,0,8,0,0,0,
2023-11-11T11:33:07.474,ed9f9abc-aba8-11e7-a937-00505601122b,C# Language and .NET Framework,,Text Justification,cs-dotnet-core,en,4,4,0,1,0,0,0,0,0,0,1,no filename provided
2023-11-11T11:33:14.420,6ee2c79f-bd74-11eb-a1a9-005056ad4f31,Web Applications,,JS - Uploading Large Files,node-linux,en,2,0,0,7,0,0,7,0,0,0,0,
2023-11-11T11:33:59.335,96e82843-03da-4aaf-8de5-176f3d71e260,Non-Procedural Programming,,(title in AnonLang),prolog,al,2,0,0,12,0,0,0,12,0,0,0,
2023-11-11T11:34:03.551,28b19308-f745-11e8-b0fd-00505601122b,Web Applications,,JS - Asynchronous HTTP [mandatory],node-linux,en,12,10,0,4,0,0,4,0,0,0,0,
2023-11-11T11:34:15.968,e6742fc0-f763-4fd9-8f7f-42112b3d2df9,Introduction to Language Technologies,,hw_python,python3,en,0,0,0.53,17,9,0,0,8,0,0,0,
2023-11-11T11:35:15.603,d8d0b0a6-8bc0-11ea-befc-00505601122b,Web Applications,,(title in AnonLang),node-linux,al,9,4,0,1,0,0,0,0,0,0,1,no solution id
2023-11-11T11:36:19.202,cad09703-0f8f-11ea-9ce9-00505601122b,Programming I and II,,(title in AnonLang),python3,al,1,1,0.09,11,1,0,1,0,9,0,0,
2023-11-11T11:37:27.809,b4a82233-ed1c-11e8-b0fd-00505601122b,Web Applications,,JS - Form Processing,node-linux,en,8,7,0,1,0,0,0,0,0,0,1,no solution id
2023-11-11T11:38:11.671,d6f2d70e-a41c-11eb-a1a9-005056ad4f31,Programming in Python,,PY WEATHER,python3,en,3,2,0,5,0,0,5,0,0,0,0,
2023-11-11T11:38:40.026,2eafda0e-fa40-11e8-b0fd-00505601122b,Programming in C++,,(title in AnonLang),cxx-gcc-linux,al,0,0,0,4,0,4,0,0,0,0,0,
2023-11-11T11:38:57.422,b6a85fe0-7a0e-11ec-986f-f39926f24a9c,C# Language and .NET Framework,,(title in AnonLang),cs-dotnet-core,al,33,32,0,1,0,0,0,0,0,0,1,duplicate filename sum.cs
2023-11-11T11:39:17.404,b3b9e3be-ec87-4d5f-89f6-a8c006520305,Programming in C++,,Dynamically-sized array container,cxx-gcc-linux,en,0,0,0.2,5,1,1,1,2,0,0,0,
2023-11-11T11:39:32.577,fff46a44-2f4c-11eb-a1a9-005056ad4f31,Introduction to Algorithms,,Tree set,python3,en,0,0,0.33,7,3,0,3,0,1,0,0,
2023-11-11T11:39:36.596,460914b6-8064-11eb-a1a9-005056ad4f31,Web Applications,,PHP - Dependency Injection [mandatory],php-linux,en,3,3,0,11,0,0,0,11,0,0,0,
2023-11-11T11:39:59.476,6dea68e6-f696-11e8-b0fd-00505601122b,Programming in C++,,Data aggregation,cxx-gcc-linux,en,2,2,0,33,0,33,0,0,0,0,0,
2023-11-11T11:40:27.153,e4b01416-aba7-11e7-a937-00505601122b,C# Language and .NET Framework,,"HW01 Deque 2.1 OMG, why so complex?",cs-dotnet-core,en,1,0,0,33,0,0,25,8,0,0,0,
2023-11-11T11:41:05.232,91359813-b38c-11e7-a937-00505601122b,C# Language and .NET Framework,,(title in AnonLang),cs-dotnet-core,al,5,5,0.04,23,1,0,1,21,0,0,0,
2023-11-11T11:42:03.513,c7c9735c-0073-11e9-b0fd-00505601122b,Web Applications,,PHP - Front Controller [mandatory],php-linux,en,9,9,0,1,0,0,0,0,0,0,1,duplicate filename index.php
2023-11-11T11:42:21.411,d97da5e2-aba9-11e7-a937-00505601122b,C# Language and .NET Framework,,Huffman II,cs-dotnet-core,en,10,4,0.1,12,3,0,0,9,0,0,0,
2023-11-11T11:42:28.503,b3495120-9e02-11eb-a1a9-005056ad4f31,Programming I and II,,Repeated letters,cs-dotnet-core,en,0,0,0,5,0,0,0,5,0,0,0,
2023-11-11T11:42:57.549,4593a41c-b562-11ec-8d84-d310d4f96200,Advanced C++ Programming,,Type system for physical units,cxx-gcc-linux,en,10,10,0,4,0,4,0,0,0,0,0,
2023-11-11T11:43:12.870,7a146dae-11c6-11ea-9ce9-00505601122b,Programming I and II,Introduction to Algorithms,Hash table,python3,en,0,0,0.1,9,1,0,0,8,0,0,0,
2023-11-11T11:43:18.421,01cab853-b84f-4703-8864-dd013dd4ea1b,C# Language and .NET Framework,,Practical Test: Extended C# Preprocessor,cs-dotnet-core,en,42,42,0,17,0,0,17,0,0,0,0,
2023-11-11T11:43:41.859,a4b24a1d-78fa-11ec-986f-f39926f24a9c,Programming in C++,,Simplified Intermediate Code Interpreter,cxx-gcc-linux,en,26,26,0,1,0,0,0,0,0,0,1,duplicate filename add.cpp
2023-11-11T11:44:10.524,a0f6fa51-3f82-40c0-ba9a-9cb9d9d27a62,Advanced C++ Programming,,Cache with smart ptr,cxx-gcc-linux,en,2,2,0,5,0,5,0,0,0,0,0,
2023-11-11T11:44:18.199,560850b9-9882-11eb-a1a9-005056ad4f31,Programming I and II,,Elementary cellular automaton,cs-dotnet-core,en,0,0,0,5,0,0,0,5,0,0,0,
2023-11-11T11:45:13.730,a0676165-92df-4970-91c1-aee6f8bda447,Programming in C++,,Algorithmic Trading,cxx-gcc-linux,en,6,4,0,1,0,0,0,0,0,0,1,no solution id
2023-11-11T11:45:25.408,99a7cd0b-aba7-11e7-a937-00505601122b,C# Language and .NET Framework,,Bookstore eShop,cs-dotnet-core,en,21,20,0,19,0,0,19,0,0,0,0,
2023-11-11T11:46:51.294,c2f10c48-938a-4768-9be1-4a6e14741c8e,Advanced C++ Programming,,Interval locker,cxx-gcc-linux,en,13,12,0,1,0,0,0,0,0,0,1,Exercise submission error - File 'test_1.cpp' is already defined by author of the exercise
2023-11-11T11:47:59.793,04531bce-5775-4d1a-945a-b38b12c1fee2,Advanced C++ Programming,,Tagged vectors,cxx-gcc-linux,en,4,4,0,1,0,0,0,0,0,0,1,Exercise submission error - File 'test_01.cpp' is already defined by author of the exercise
2023-11-11T11:49:24.955,aaed4ccc-aba6-11e7-a937-00505601122b,C# Language and .NET Framework,,(title in AnonLang),cs-dotnet-core,al,26,22,0,1,0,0,0,0,0,0,1,duplicate filename hradla.in
2023-11-11T11:49:35.400,e873ce53-aba6-11e7-a937-00505601122b,C# Language and .NET Framework,,(title in AnonLang),cs-dotnet-core,al,50,46,0,1,0,0,0,0,0,0,1,text is too long
2023-11-11T11:51:01.392,d6c1148c-be54-11ec-8da3-d412db16db0b,Advanced C++ Programming,,Static ranges,cxx-gcc-linux,en,25,25,0,1,0,0,0,0,0,0,1,no solution id
2023-11-11T11:51:16.754,c3749e72-aba6-11e7-a937-00505601122b,C# Language and .NET Framework,,(title in AnonLang),cs-dotnet-core,al,40,34,0,1,0,0,0,0,0,0,1,no solution id
2023-11-11T11:51:32.531,02f46f2a-4144-11ec-986f-f39926f24a9c,Large scale optimization,,general_assignment_lagrange,python3,en,2,2,0,1,0,0,0,0,0,0,1,Exercise submission error - File 'assignment_tests.py' is already defined by author of the exercise
2023-11-11T11:51:39.654,0403015f-66ac-11e9-b0fd-00505601122b,Data Structures I,,cuckoo_hash,python3,en,0,0,0,5,0,0,5,0,0,0,0,
2023-11-11T11:51:48.067,0ba17a29-458c-11e9-b0fd-00505601122b,Data Structures I,,ab_tree,python3,en,0,0,0,7,0,0,7,0,0,0,0,
2023-11-11T11:52:56.755,263ca6f9-9894-11eb-a1a9-005056ad4f31,Introduction to Artificial Intelligence,,probability_minesweeper,python3,en,4,4,0,1,0,0,0,0,0,0,1,Exercise submission error - File 'minesweeper_test.py' is already defined by author of the exercise
2023-11-11T11:53:31.545,4fc7e8f1-2824-11ec-986f-f39926f24a9c,Large scale optimization,,matching_gurobi,python3,en,2,2,0,1,0,0,0,0,0,0,1,Exercise submission error - File 'matching_tests.py' is already defined by author of the exercise
2023-11-11T11:53:35.175,5d822d17-1dd6-11ea-9ce9-00505601122b,Data Structures I,,find_duplicates,python3,en,0,0,0.4,5,2,0,0,3,0,0,0,
2023-11-11T11:53:58.722,5f021643-865b-11ec-986f-f39926f24a9c,Introduction to Artificial Intelligence,,bellman_robot,python3,en,3,1,0,6,0,0,1,5,0,0,0,
2023-11-11T11:54:07.684,605e4f3e-3a71-11e9-b0fd-00505601122b,Data Structures I,,splay_operation,python3,en,0,0,0,4,0,0,4,0,0,0,0,
2023-11-11T11:54:18.677,6c2ecfef-3bea-11ec-986f-f39926f24a9c,Large scale optimization,,vehicle_routing_cut,python3,en,12,9,0,10,0,0,10,0,0,0,0,
2023-11-11T11:55:05.288,7ea6d36c-8de0-11ea-befc-00505601122b,Introduction to Artificial Intelligence,,games_multiple_divisor,python3,en,2,2,0,1,0,0,0,0,0,0,1,Exercise submission error - File 'multiple_divisor_tests.py' is already defined by author of the exercise
2023-11-11T11:55:09.650,87f76214-2fc2-11e9-b0fd-00505601122b,Data Structures I,,tree_successor,python3,en,0,0,0,3,0,0,3,0,0,0,0,
2023-11-11T11:55:14.170,8d594c1f-812a-11e9-b0fd-00505601122b,Data Structures I,,kgrams,python3,en,0,0,0,15,0,0,15,0,0,0,0,
2023-11-11T11:55:45.279,95e03d17-59bc-11ec-986f-f39926f24a9c,Large scale optimization,,cutting_stock_column_generation,python3,en,12,12,0,1,0,0,0,0,0,0,1,Exercise submission error - File 'cutting_stock_tests.py' is already defined by author of the exercise
2023-11-11T11:56:06.917,b34e2c96-7738-11e9-b0fd-00505601122b,Data Structures I,,range_tree,cxx-gcc-linux,en,0,0,0,12,0,12,0,0,0,0,0,
2023-11-11T11:56:28.773,d322308d-4a2f-11ec-986f-f39926f24a9c,Large scale optimization,,knapsack_branch_bound,python3,en,2,2,0,1,0,0,0,0,0,0,1,Exercise submission error - File 'knapsack_tests.py' is already defined by author of the exercise
2023-11-13T17:21:31.864,0eb51f5c-ea64-11e8-b0fd-00505601122b,Programming in C++,,(title in AnonLang),cxx-gcc-linux,al,3,3,0,6,0,6,0,0,0,0,0,
2023-11-23T11:03:35.898566,ef25e6f8-a7b1-11e7-a937-00505601122b,Programming I and II,,(title in AnonLang),cs-dotnet-core,al,0,0,0.00,4,0,0,4,0,0,0,0,
2023-11-23T11:03:44.184522,db992a4a-9b83-11eb-a1a9-005056ad4f31,Programming I and II,,Post office counters,cs-dotnet-core,en,0,0,0.10,10,1,0,1,8,0,0,0,
2023-11-23T11:03:52.145296,ec7227dc-a810-11e7-a937-00505601122b,Programming I and II,,(title in AnonLang),cs-dotnet-core,al,0,0,1.00,7,7,0,0,0,0,0,0,
2023-11-23T11:04:06.165696,e16cdedf-2e3f-4352-ab83-a0d4624234aa,Programming I and II,,(title in AnonLang),cs-dotnet-core,al,0,0,0.00,4,0,0,4,0,0,0,0,
2023-11-23T11:04:23.968918,04917ab2-a7b2-11e7-a937-00505601122b,Programming I and II,,Sokoban (storekeeper),cs-dotnet-core,en,0,0,0.00,5,0,0,0,5,0,0,0,
2023-11-23T11:04:30.822369,96d57cae-5326-11ea-a595-00505601122b,Programming I and II,,Monotonicity of rational numbers,cs-dotnet-core,en,0,0,0.00,7,0,0,7,0,0,0,0,
2023-11-23T11:04:40.298752,97e4e2a4-5ee8-11ea-a595-00505601122b,Programming I and II,,Shortest path,cs-dotnet-core,en,0,0,0.00,7,0,7,0,0,0,0,0,
2023-11-23T11:04:46.380062,45a90981-9e07-11eb-a1a9-005056ad4f31,Programming I and II,,Ant on an infinite grid,cs-dotnet-core,en,0,0,0.00,5,0,5,0,0,0,0,0,
2023-11-23T11:05:04.151689,d184e4aa-bc32-11ec-8da3-d412db16db0b,Programming I and II,,(title in AnonLang),cs-dotnet-core,al,2,2,0.0,1,0,0,0,0,0,0,1,no filename provided
2023-11-23T11:05:13.180059,c3555e94-e92d-49f3-88dd-c442eaf3d0d0,Programming I and II,,(title in AnonLang),cs-dotnet-core,al,0,0,0.00,3,0,0,3,0,0,0,0,
2023-11-23T11:05:25.654860,569d7c1b-7411-11ea-a595-00505601122b,Programming I and II,,Conditions,cs-dotnet-core,en,0,0,1.00,4,4,0,0,0,0,0,0,
2023-11-23T11:05:37.808342,959ada66-69a4-11ea-a595-00505601122b,Programming I and II,,Strongly connected components,cs-dotnet-core,en,0,0,0.00,6,0,6,0,0,0,0,0,
2023-11-23T11:05:45.137869,1defc0fa-a88d-11e7-a937-00505601122b,Programming I and II,,(title in AnonLang),cs-dotnet-core,al,0,0,0.00,6,0,0,4,2,0,0,0,
2023-11-23T11:05:55.218346,e5ea3608-9f05-11ec-986f-f39926f24a9c,Programming I and II,,Rectangle class,cs-dotnet-core,en,0,0,0.00,7,0,7,0,0,0,0,0,
2023-11-23T11:06:04.881500,05f56284-af86-11ec-8d84-d310d4f96200,Programming I and II,,Robot walk,cs-dotnet-core,en,0,0,0.00,8,0,0,7,1,0,0,0,
2023-11-23T11:06:25.398982,ddaea72b-4fcb-11e9-b0fd-00505601122b,Programming I and II,,Binary search tree,cs-dotnet-core,en,0,0,0.00,5,0,5,0,0,0,0,0,
2023-11-23T11:06:36.436972,5aa5236b-8d85-11eb-a1a9-005056ad4f31,Programming I and II,,Cycle in a graph,cs-dotnet-core,en,0,0,0.00,10,0,0,3,7,0,0,0,
2023-11-23T11:06:48.562426,06da4636-6ea1-11ea-a595-00505601122b,Programming I and II,,Coffee room,cs-dotnet-core,en,0,0,0.00,7,0,7,0,0,0,0,0,
2023-11-23T11:07:04.222520,7e3bd6f4-885b-11eb-a1a9-005056ad4f31,Programming I and II,,Hands of cards,cs-dotnet-core,en,0,0,0.31,13,4,0,9,0,0,0,0,
2023-11-23T11:07:15.802284,4ea56a13-6d9e-11e9-b0fd-00505601122b,Programming I and II,,Two Beast in a Labyrinth,cs-dotnet-core,en,0,0,0.00,4,0,0,4,0,0,0,0,
2023-11-23T11:07:24.262819,d197fa48-a80f-11e7-a937-00505601122b,Programming I and II,,(title in AnonLang),cs-dotnet-core,al,0,0,0.00,5,0,0,5,0,0,0,0,
2023-11-23T11:07:43.823432,0998647d-aba6-11e7-a937-00505601122b,C# Language and .NET Framework,,Expression Evaluation II,cs-dotnet-core,en,10,10,0.00,12,0,12,0,0,0,0,0,
2023-11-23T11:07:59.415366,e5173500-c000-11ec-8da3-d412db16db0b,Programming I and II,,Heliskiing,cs-dotnet-core,en,1,0,0.00,8,0,8,0,0,0,0,0,
2023-11-23T11:09:00.608132,673300db-b5bc-11ec-8d84-d310d4f96200,Programming I and II,,(title in AnonLang),cs-dotnet-core,al,5,4,0.00,2,0,2,0,0,0,0,0,
2023-11-23T11:09:16.662401,858d61ed-a7b1-11e7-a937-00505601122b,C# Language and .NET Framework,,Deque,cs-dotnet-core,en,0,0,0.00,27,0,27,0,0,0,0,0,
2023-11-23T11:09:34.541471,445d30b1-b422-11e7-a937-00505601122b,C# Language and .NET Framework,,Excel,cs-dotnet-core,en,0,0,0.25,11,4,0,0,3,4,0,0,
2023-11-23T11:10:05.268169,f86abb94-aba7-11e7-a937-00505601122b,C# Language and .NET Framework,,"HW01 Deque 2.2 Cool, I love C#",cs-dotnet-core,en,1,0,0.00,33,0,33,0,0,0,0,0,
2023-11-23T11:10:27.554270,eea4db4d-9f2f-40f6-bf00-10b223128d2d,C# Language and .NET Framework,,Practical Test: SQL Database,cs-dotnet-core,en,0,0,0.50,7,4,0,0,3,0,0,0,
