time,fprint,seed,id,group1,group2,name,runtime,lang,num_atts,sub_atts,in_tokens,out_tokens,total_tokens,score,tests,passed,comp_err,rt_err,wrong_output,time_limit,mem_limit,other_err,error_msg,
2023-11-08T12:08:19.696,fp_eeff13170a,1,e5acd5e5-9ce7-11ec-986f-f39926f24a9c,Programming I and II,,(title in AnonLang),cs-dotnet-core,al,0,0,330,70,400,1,1,1,0,0,0,0,0,0,,
2023-11-08T12:09:19.498,fp_eeff13170a,1,6d76ace8-9d58-11ec-986f-f39926f24a9c,Programming I and II,,(title in AnonLang),cs-dotnet-core,al,0,0,370,78,448,1,3,3,0,0,0,0,0,0,,
2023-11-08T12:09:22.657,fp_eeff13170a,1,aaada71f-f359-11e9-9ce9-00505601122b,Programming I and II,,(title in AnonLang),python3,al,0,0,316,84,400,1,4,4,0,0,0,0,0,0,,
2023-11-08T12:09:25.663,fp_eeff13170a,1,c2ef29b9-2059-11ec-986f-f39926f24a9c,Programming I and II,,Sum of two integers,cs-dotnet-core,en,0,0,332,50,382,1,3,3,0,0,0,0,0,0,,
2023-11-08T12:09:29.044,fp_eeff13170a,1,b3550c17-f366-11e9-9ce9-00505601122b,Programming I and II,,(title in AnonLang),python3,al,0,0,329,92,421,1,5,5,0,0,0,0,0,0,,
2023-11-08T12:09:32.459,fp_eeff13170a,1,97e6a026-a7b3-11e7-a937-00505601122b,Programming I and II,,5P 3.1 Rozklad na prvoƒçinitele,cs-dotnet-core,en,0,0,329,102,431,0,4,0,0,0,4,0,0,0,,
2023-11-08T12:09:35.437,fp_eeff13170a,1,b53b9a0d-e054-11e9-9ce9-00505601122b,Programming I and II,,(title in AnonLang),python3,al,0,0,335,52,387,1,5,5,0,0,0,0,0,0,,
2023-11-08T12:09:49.024,fp_eeff13170a,1,5342433c-f7bf-11e9-9ce9-00505601122b,Programming I and II,,(title in AnonLang),python3,al,0,0,332,64,396,0.8,5,4,0,0,0,1,0,0,,
2023-11-08T12:15:54.031,fp_eeff13170a,1,5a661077-3302-11ec-986f-f39926f24a9c,Programming I and II,Algoritmizace,(title in AnonLang),python3,al,0,0,336,61,397,1,5,5,0,0,0,0,0,0,,
2023-11-08T12:16:04.738,fp_eeff13170a,1,7b549a71-8d20-11e9-b0fd-00505601122b,Programming I and II,,(title in AnonLang),python3,al,0,0,354,43,397,1,8,8,0,0,0,0,0,0,,
2023-11-08T12:16:08.064,fp_eeff13170a,1,39350fd0-a814-11e7-a937-00505601122b,Programming I and II,,Copy machine for numbers,c-gcc-linux,en,0,0,298,81,379,1,4,4,0,0,0,0,0,0,,
2023-11-08T12:16:11.168,fp_eeff13170a,1,61022673-e889-11e9-9ce9-00505601122b,Programming I and II,,(title in AnonLang),python3,al,0,0,359,51,410,1,10,10,0,0,0,0,0,0,,
2023-11-08T12:16:16.703,fp_eeff13170a,1,ce2f6db1-3e13-11ec-986f-f39926f24a9c,Algoritmizace,,(title in AnonLang),python3,al,0,0,346,262,608,1,6,6,0,0,0,0,0,0,,
2023-11-08T12:16:19.587,fp_eeff13170a,1,7cb23ad4-e051-11e9-9ce9-00505601122b,Programming I and II,,(title in AnonLang),python3,al,0,0,373,23,396,1,4,4,0,0,0,0,0,0,,
2023-11-08T12:16:22.322,fp_eeff13170a,1,da2692cd-a7b1-11e7-a937-00505601122b,Programming I and II,,(title in AnonLang),python3,al,0,0,354,20,374,1,5,5,0,0,0,0,0,0,,
2023-11-08T13:20:38.729,fp_eeff13170a,1,3a353dbe-38c3-11ec-986f-f39926f24a9c,Algoritmizace,,(title in AnonLang),python3,al,0,0,378,166,544,1,6,6,0,0,0,0,0,0,,
2023-11-08T13:20:43.167,fp_eeff13170a,1,0acd614b-5276-11ea-a595-00505601122b,Non-Procedural Programming,,Rotate a list,prolog,en,0,0,251,26,277,0.8,5,4,0,0,0,1,0,0,,
2023-11-08T13:20:46.006,fp_eeff13170a,1,1fe85de9-25b3-11ec-986f-f39926f24a9c,Programming I and II,,(title in AnonLang),python3,al,0,0,376,27,403,1,3,3,0,0,0,0,0,0,,
2023-11-08T13:20:49.614,fp_eeff13170a,1,8e13813d-e880-11e9-9ce9-00505601122b,Programming I and II,,(title in AnonLang),python3,al,0,0,390,106,496,1,5,5,0,0,0,0,0,0,,
2023-11-08T13:20:50.104,fp_eeff13170a,1,8330de2c-4dd1-11ec-986f-f39926f24a9c,Algoritmizace,,Sorted linked lists,python3,en,1,1,637,15,652,0,1,0,0,0,0,0,0,1,no filename provided,
2023-11-08T13:20:53.367,fp_eeff13170a,1,24b97e78-2036-11ec-986f-f39926f24a9c,Programming I and II,,(title in AnonLang),python3,al,0,0,377,87,464,1,3,3,0,0,0,0,0,0,,
2023-11-08T13:20:56.682,fp_eeff13170a,1,69716b0c-a88d-11e7-a937-00505601122b,Programming I and II,,All correct bracketings,python3,en,0,0,328,79,407,1,5,5,0,0,0,0,0,0,,
2023-11-08T13:21:07.290,fp_eeff13170a,1,0d347e1e-a814-11e7-a937-00505601122b,Programming I and II,,(title in AnonLang),c-gcc-linux,al,0,0,422,132,554,1,4,4,0,0,0,0,0,0,,
2023-11-08T13:21:10.062,fp_eeff13170a,1,81b2eec0-a7b3-11e7-a937-00505601122b,Programming I and II,,(title in AnonLang),python3,al,0,0,401,22,423,0,6,0,0,0,6,0,0,0,,
2023-11-08T13:21:16.054,fp_eeff13170a,1,64a9972c-ea9f-11e9-9ce9-00505601122b,Programming I and II,,(title in AnonLang),python3,al,0,0,421,419,840,1,15,15,0,0,0,0,0,0,,
2023-11-08T13:21:19.378,fp_eeff13170a,1,00c64bbc-28de-11ec-986f-f39926f24a9c,Programming I and II,,(title in AnonLang),python3,al,0,0,413,99,512,1,6,6,0,0,0,0,0,0,,
2023-11-08T13:21:22.359,fp_eeff13170a,1,08deab74-85f8-11eb-a1a9-005056ad4f31,Programming I and II,,(title in AnonLang),python3,al,0,0,429,40,469,1,5,5,0,0,0,0,0,0,,
2023-11-08T13:21:25.353,fp_eeff13170a,1,e5ce30fb-3c22-11ec-986f-f39926f24a9c,Programming I and II,,(title in AnonLang),python3,al,0,0,425,34,459,0.54,11,6,0,0,5,0,0,0,,
2023-11-08T13:21:28.393,fp_eeff13170a,1,91e0cb16-34ad-42b0-b17c-39a8e0747a47,Programming I and II,,Fibonacci numbers,python3,en,0,0,340,54,394,0.1,10,1,0,0,9,0,0,0,,
2023-11-08T13:21:31.573,fp_eeff13170a,1,0f783909-2eb1-11ec-986f-f39926f24a9c,Programming I and II,,(title in AnonLang),python3,al,0,0,404,44,448,1,3,3,0,0,0,0,0,0,,
2023-11-08T13:21:35.360,fp_eeff13170a,1,3485ea4f-7205-11ec-986f-f39926f24a9c,Algoritmizace,,(title in AnonLang),python3,al,0,0,421,183,604,0,4,0,0,3,1,0,0,0,,
2023-11-08T13:21:41.642,fp_eeff13170a,1,62597d41-5272-11ea-a595-00505601122b,Non-Procedural Programming,,Disjoint split,prolog,en,0,0,315,53,368,0.25,4,1,0,0,3,0,0,0,,
2023-11-08T13:21:46.905,fp_eeff13170a,1,1076ec35-90b8-11ec-986f-f39926f24a9c,Non-Procedural Programming,,(title in AnonLang),prolog,al,0,0,378,89,467,0.14,7,1,0,5,1,0,0,0,,
2023-11-08T13:21:50.104,fp_eeff13170a,1,bb1a0d53-f366-11e9-9ce9-00505601122b,Programming I and II,,(title in AnonLang),python3,al,0,0,430,54,484,1,4,4,0,0,0,0,0,0,,
2023-11-08T13:21:58.090,fp_eeff13170a,1,0753f090-a88c-11e7-a937-00505601122b,Programming I and II,,Prime factorization,cs-dotnet-core,en,0,0,396,77,473,1,10,10,0,0,0,0,0,0,,
2023-11-08T13:22:01.043,fp_eeff13170a,1,bd877440-85fa-11eb-a1a9-005056ad4f31,Programming I and II,,(title in AnonLang),python3,al,0,0,457,46,503,1,5,5,0,0,0,0,0,0,,
2023-11-08T13:22:04.554,fp_eeff13170a,1,85eb2866-a7b3-11e7-a937-00505601122b,Programming I and II,,(title in AnonLang),python3,al,0,0,422,95,517,0,6,0,0,6,0,0,0,0,,
2023-11-08T13:22:08.080,fp_eeff13170a,1,76a7adc9-a88f-11e7-a937-00505601122b,Programming I and II,,Decomposition into sums,python3,en,0,0,369,115,484,0,5,0,0,0,5,0,0,0,,
2023-11-08T13:22:11.197,fp_eeff13170a,1,dce3b48b-2858-11ec-986f-f39926f24a9c,Programming I and II,,(title in AnonLang),python3,al,0,0,443,44,487,1,4,4,0,0,0,0,0,0,,
2023-11-08T13:22:14.679,fp_eeff13170a,1,27f84afa-30da-11ea-9ce9-00505601122b,Programming I and II,,(title in AnonLang),python3,al,0,0,446,102,548,0.2,5,1,0,0,4,0,0,0,,
2023-11-08T13:22:18.062,fp_eeff13170a,1,f2db7c11-a88f-11e7-a937-00505601122b,Programming I and II,,(title in AnonLang),cs-dotnet-core,al,0,0,493,73,566,0.8,5,4,0,0,0,0,1,0,,
2023-11-08T13:22:25.211,fp_eeff13170a,1,ae449043-96fa-11eb-a1a9-005056ad4f31,Non-Procedural Programming,,Googolplex,haskell,en,0,0,416,35,451,0,5,0,0,0,0,5,0,0,,
2023-11-09T10:19:43.185,fp_eeff13170a,1,b45aa570-15f7-11eb-8e81-005056ad4f31,Programming I and II,,(title in AnonLang),python3,al,0,0,458,79,537,0,3,0,0,3,0,0,0,0,,
2023-11-09T10:19:47.083,fp_eeff13170a,1,4c965b5e-3443-11ec-986f-f39926f24a9c,Programming I and II,,Most frequent element in a sequence,python3,en,0,0,375,64,439,1,3,3,0,0,0,0,0,0,,
2023-11-09T10:19:52.443,fp_eeff13170a,1,ebd60ef2-ce02-11e8-a4be-00505601122b,Programming in C++,,(title in AnonLang),cxx-gcc-linux,al,0,0,506,213,719,0.83,6,5,0,0,1,0,0,0,,
2023-11-09T10:19:57.310,fp_eeff13170a,1,f267dc1a-a810-11e7-a937-00505601122b,Programming I and II,,Second largest number,c-gcc-linux,en,0,0,354,121,475,0.45,11,5,0,0,6,0,0,0,,
2023-11-09T10:20:02.973,fp_eeff13170a,1,49420b9a-026a-11eb-9574-ea7484399335,Programming I and II,,A Tie in Noughts and Crosses II,python3,en,0,0,363,82,445,0.11,9,1,0,0,8,0,0,0,,
2023-11-09T10:20:06.976,fp_eeff13170a,1,2a3ac276-85f4-11eb-a1a9-005056ad4f31,Programming I and II,,(title in AnonLang),python3,al,0,0,448,70,518,1,5,5,0,0,0,0,0,0,,
2023-11-09T10:30:11.968,fp_eeff13170a,1,8bf543e9-328f-11ec-986f-f39926f24a9c,Algoritmizace,,(title in AnonLang),python3,al,0,0,439,119,558,0,7,0,0,7,0,0,0,0,,
2023-11-09T10:30:15.470,fp_eeff13170a,1,4db997b3-458a-11ec-986f-f39926f24a9c,Programming I and II,,(title in AnonLang),python3,al,0,0,459,62,521,0,3,0,0,3,0,0,0,0,,
2023-11-09T10:30:40.321,fp_eeff13170a,1,82fc7c34-7c3c-11ea-a595-00505601122b,Programming I and II,,(title in AnonLang),python3,al,0,0,472,56,528,0.4,10,4,0,0,0,6,0,0,,
2023-11-09T10:40:44.457,fp_eeff13170a,1,2948002b-9817-11ec-986f-f39926f24a9c,Non-Procedural Programming,,(title in AnonLang),prolog,al,0,0,389,26,415,0.8,5,4,0,0,0,0,1,0,,
2023-11-09T10:40:48.505,fp_eeff13170a,1,f42b809e-9ee7-11ec-986f-f39926f24a9c,Programming I and II,,FACTORIAL,python3,en,0,0,375,35,410,0,5,0,0,0,5,0,0,0,,
2023-11-09T10:40:52.659,fp_eeff13170a,1,db4160dc-a811-11e7-a937-00505601122b,Programming I and II,,All parenthesizations,python3,en,0,0,328,130,458,1,6,6,0,0,0,0,0,0,,
2023-11-09T10:40:56.710,fp_eeff13170a,1,523b4b10-ce05-11e8-a4be-00505601122b,Programming in C++,,(title in AnonLang),cxx-gcc-linux,al,0,0,490,104,594,1,1,1,0,0,0,0,0,0,,
2023-11-09T10:41:00.325,fp_eeff13170a,1,c240887e-3384-11ec-986f-f39926f24a9c,Programming I and II,,Squares in a triangle,python3,en,0,0,415,46,461,1,3,3,0,0,0,0,0,0,,
2023-11-09T10:41:04.090,fp_eeff13170a,1,ed23d4a7-85fc-11eb-a1a9-005056ad4f31,Programming I and II,,(title in AnonLang),python3,al,0,0,497,69,566,0,5,0,0,0,5,0,0,0,,
2023-11-09T10:41:12.480,fp_eeff13170a,1,964ca5ca-a88f-11e7-a937-00505601122b,Programming I and II,,Adjusting a matrix to zero,python3,en,0,0,386,81,467,0.75,4,3,0,1,0,0,0,0,,
2023-11-09T10:41:15.987,fp_eeff13170a,1,947ce196-a7b3-11e7-a937-00505601122b,Programming I and II,,(title in AnonLang),python3,al,0,0,483,72,555,0,4,0,0,4,0,0,0,0,,
2023-11-09T10:41:20.143,fp_eeff13170a,1,0dd06ca4-44c0-11ec-986f-f39926f24a9c,Algoritmizace,,(title in AnonLang),python3,al,0,0,503,132,635,0,5,0,0,0,5,0,0,0,,
2023-11-09T10:41:23.550,fp_eeff13170a,1,e768f5a8-401b-11ec-986f-f39926f24a9c,Algoritmizace,,All permutations of a string,python3,en,0,0,358,43,401,0.8,5,4,0,0,1,0,0,0,,
2023-11-09T10:41:27.991,fp_eeff13170a,1,28c2a5b5-a88d-11e7-a937-00505601122b,Programming I and II,,(title in AnonLang),cs-dotnet-core,al,0,0,569,112,681,1,4,4,0,0,0,0,0,0,,
2023-11-09T10:41:33.076,fp_eeff13170a,1,855e23af-a8e2-11e7-a937-00505601122b,Programming I and II,,Maximum value in a sequence (with occurrences),c-gcc-linux,en,0,0,368,186,554,1,3,3,0,0,0,0,0,0,,
2023-11-09T10:41:38.480,fp_eeff13170a,1,f1276714-2ea0-11ec-986f-f39926f24a9c,Programming I and II,,(title in AnonLang),python3,al,0,0,511,119,630,1,2,2,0,0,0,0,0,0,,
2023-11-09T10:41:41.975,fp_eeff13170a,1,e872c79b-e68a-11e9-9ce9-00505601122b,Data Structures I,,Red-black trees,cxx-gcc-linux,en,0,0,482,84,566,0,7,0,0,0,7,0,0,0,,
2023-11-09T10:41:46.202,fp_eeff13170a,1,86450a4d-95af-11ec-986f-f39926f24a9c,Non-Procedural Programming,,Run-lenght encoding,prolog,en,0,0,388,91,479,1,4,4,0,0,0,0,0,0,,
2023-11-09T10:41:52.428,fp_eeff13170a,1,6c0a2776-a814-11e7-a937-00505601122b,Programming I and II,,(title in AnonLang),c-gcc-linux,al,0,0,468,138,606,0.27,11,3,0,0,5,3,0,0,,
2023-11-09T10:41:59.315,fp_eeff13170a,1,254496bf-93e4-11ec-986f-f39926f24a9c,Programming I and II,,Multiplication of large numbers,cs-dotnet-core,en,0,0,427,208,635,1,8,8,0,0,0,0,0,0,,
2023-11-09T10:42:17.795,fp_eeff13170a,1,2fe122ad-f02f-11e9-9ce9-00505601122b,Algoritmizace,,Prime factorization II,python3,en,0,0,405,193,598,0.71,14,10,0,0,0,4,0,0,,
2023-11-09T10:42:23.746,fp_eeff13170a,1,e5f69567-a813-11e7-a937-00505601122b,Programming I and II,,(title in AnonLang),python3,al,0,0,519,151,670,1,7,7,0,0,0,0,0,0,,
2023-11-09T10:42:27.853,fp_eeff13170a,1,9e9b946e-2c31-11ec-986f-f39926f24a9c,Programming I and II,,"Perfect number, square and cube",python3,en,0,0,427,134,561,0.7,7,5,0,0,2,0,0,0,,
2023-11-09T10:42:32.922,fp_eeff13170a,1,1601b407-c884-11e8-a4be-00505601122b,Programming in C++,,(title in AnonLang),cxx-gcc-linux,al,0,0,668,124,792,1,4,4,0,0,0,0,0,0,,
2023-11-09T10:42:37.103,fp_eeff13170a,1,efa010e8-a811-11e7-a937-00505601122b,Programming I and II,,Find a permutation,cs-dotnet-core,en,0,0,496,110,606,0.15,8,1,0,6,1,0,0,0,,
2023-11-09T10:42:45.036,fp_eeff13170a,1,06a200d4-7d48-11eb-a1a9-005056ad4f31,Programming I and II,,(title in AnonLang),cxx-gcc-linux,al,0,0,582,392,974,0,10,0,10,0,0,0,0,0,,
2023-11-09T10:42:51.065,fp_eeff13170a,1,2d2eaa54-a88c-11e7-a937-00505601122b,Programming I and II,,(title in AnonLang),cs-dotnet-core,al,0,0,574,133,707,1,10,10,0,0,0,0,0,0,,
2023-11-09T10:42:55.908,fp_eeff13170a,1,02c10843-2238-11ec-986f-f39926f24a9c,Programming I and II,,(title in AnonLang),python3,al,0,0,497,110,607,1,10,10,0,0,0,0,0,0,,
2023-11-09T11:23:11.040,fp_eeff13170a,1,99581db8-343f-11ec-986f-f39926f24a9c,Programming I and II,,Minimum and maximum sums,python3,en,0,0,444,66,510,1,3,3,0,0,0,0,0,0,,
2023-11-09T11:23:15.811,fp_eeff13170a,1,47e52b91-a88d-11e7-a937-00505601122b,Programming I and II,,(title in AnonLang),python3,al,0,0,519,216,735,0,10,0,0,10,0,0,0,0,,
2023-11-09T11:23:19.394,fp_eeff13170a,1,9cf80424-0cf5-11eb-98c0-005056ad4f31,Programming I and II,,(title in AnonLang),python3,al,0,0,518,113,631,1,5,5,0,0,0,0,0,0,,
2023-11-09T11:33:23.728,fp_eeff13170a,1,fd87c76a-ec64-11e9-9ce9-00505601122b,Programming I and II,,(title in AnonLang),python3,al,0,0,533,57,590,1,5,5,0,0,0,0,0,0,,
2023-11-09T11:33:29.759,fp_eeff13170a,1,0018a241-31ed-11ec-986f-f39926f24a9c,Java,,QUICK-SORT,java,en,0,0,461,310,771,1,3,3,0,0,0,0,0,0,,
2023-11-09T11:33:34.046,fp_eeff13170a,1,1ad5c2a6-a88c-11e7-a937-00505601122b,Programming I and II,,(title in AnonLang),python3,al,0,0,533,50,583,0,5,0,0,0,5,0,0,0,,
2023-11-09T11:33:38.469,fp_eeff13170a,1,20f681d4-eaa7-11e9-9ce9-00505601122b,Programming I and II,,Good numbers,python3,en,0,0,441,107,548,1,5,5,0,0,0,0,0,0,,
2023-11-09T11:33:42.687,fp_eeff13170a,1,007a8871-2c62-4740-9615-613663a20e42,Programming I and II,,(title in AnonLang),python3,al,0,0,547,161,708,1,1,1,0,0,0,0,0,0,,
2023-11-09T11:33:46.321,fp_eeff13170a,1,aea0d783-4b99-11ec-986f-f39926f24a9c,Programming I and II,,(title in AnonLang),python3,al,0,0,541,115,656,0.25,4,1,0,0,3,0,0,0,,
2023-11-09T11:33:50.275,fp_eeff13170a,1,c9d9150f-d905-11e8-a4be-00505601122b,Programming in C++,,(title in AnonLang),cxx-gcc-linux,al,0,0,527,93,620,0,2,0,0,0,2,0,0,0,,
2023-11-09T11:33:55.392,fp_eeff13170a,1,b8027a86-fc08-11e8-b0fd-00505601122b,Web Applications,,PHP - Sieve of Eratosthenes,php-linux,en,5,5,1053,148,1201,0.67,3,2,0,1,0,0,0,0,,
2023-11-09T11:34:03.503,fp_eeff13170a,1,c079d101-827c-11eb-a1a9-005056ad4f31,Programming I and II,,Permutations in the columns of a matrix,cs-dotnet-core,en,0,0,526,297,823,1,8,8,0,0,0,0,0,0,,
2023-11-09T11:34:07.262,fp_eeff13170a,1,ae5acb61-5ac6-11e9-b0fd-00505601122b,Programming I and II,,Young tableaux R,python3,en,0,0,407,89,496,0.29,7,2,0,0,5,0,0,0,,
2023-11-09T11:34:12.131,fp_eeff13170a,1,e70fa3b0-28ad-11e8-9de3-00505601122b,Programming I and II,,Queue,python3,en,0,0,400,172,572,1,5,5,0,0,0,0,0,0,,
2023-11-09T12:19:36.742,fp_eeff13170a,1,350d5208-a88d-11e7-a937-00505601122b,Programming I and II,,(title in AnonLang),cs-dotnet-core,al,0,0,602,77,679,0.5,10,5,0,2,3,0,0,0,,
2023-11-09T12:19:49.409,fp_eeff13170a,1,bdb8d1b4-6dbb-11ea-a595-00505601122b,Non-Procedural Programming,,Lists,haskell,en,0,0,516,109,625,0.57,7,4,0,0,0,3,0,0,,
2023-11-09T12:19:53.457,fp_eeff13170a,1,3deef23c-8eff-11ec-986f-f39926f24a9c,Programming I and II,,Odd Fib Sum,python3,en,0,0,453,102,555,1,5,5,0,0,0,0,0,0,,
2023-11-09T12:19:56.370,fp_eeff13170a,1,fd9fb352-c2fc-4ac1-88d2-145e40a583d8,Programming I and II,,(title in AnonLang),python3,al,1,1,561,105,666,0,1,0,0,0,0,0,0,1,no solution id,
2023-11-09T12:20:11.126,fp_eeff13170a,1,e5d6ac79-0a4a-11ea-9ce9-00505601122b,Programming I and II,,(title in AnonLang),python3,al,0,0,544,161,705,0,5,0,0,0,5,0,0,0,,
2023-11-09T12:20:16.454,fp_eeff13170a,1,593de6bb-c567-11ec-8da3-d412db16db0b,Programming I and II,,Cycles,python3,en,0,0,408,248,656,0,5,0,0,5,0,0,0,0,,
2023-11-09T12:20:21.058,fp_eeff13170a,1,43ee850b-ca08-11e7-a937-00505601122b,Programming I and II,,(title in AnonLang),cs-dotnet-core,al,0,0,578,152,730,1,4,4,0,0,0,0,0,0,,
2023-11-09T12:20:24.952,fp_eeff13170a,1,4baf3bb9-a7bb-11e7-a937-00505601122b,Programming I and II,,(title in AnonLang),python3,al,0,0,547,107,654,1,5,5,0,0,0,0,0,0,,
2023-11-09T12:20:28.737,fp_eeff13170a,1,4b5b4f9d-e65e-11e7-9ef6-00505601122b,Programming I and II,,Carrots and Parsley,cs-dotnet-core,en,0,0,451,107,558,1,3,3,0,0,0,0,0,0,,
2023-11-09T12:30:36.502,fp_eeff13170a,1,f39ba7b1-a7b1-11e7-a937-00505601122b,Programming I and II,,King's path on a chessboard (length),python3,en,0,0,406,415,821,0,4,0,0,0,4,0,0,0,,
2023-11-09T12:30:39.998,fp_eeff13170a,1,deaaff6f-28ad-11e8-9de3-00505601122b,Programming I and II,,Evaluation of prefix notation,python3,en,0,0,394,95,489,0.2,5,1,0,4,0,0,0,0,,
2023-11-09T12:30:43.641,fp_eeff13170a,1,2c1df1fa-fe8a-11e9-9ce9-00505601122b,Programming I and II,,(title in AnonLang),python3,al,0,0,559,89,648,1,5,5,0,0,0,0,0,0,,
2023-11-09T12:30:47.370,fp_eeff13170a,1,a5b391fc-d5af-11ec-8da3-d412db16db0b,Programming I and II,,Ordered N-tuples,python3,en,0,0,472,111,583,1,5,5,0,0,0,0,0,0,,
2023-11-09T12:30:52.595,fp_eeff13170a,1,d07507f7-1046-490f-ab38-8867bbf47416,Programming I and II,,Dice,cs-dotnet-core,en,0,0,503,173,676,1,10,10,0,0,0,0,0,0,,
2023-11-09T12:30:56.610,fp_eeff13170a,1,b98b1f22-cb42-11ec-8da3-d412db16db0b,Programming I and II,,(title in AnonLang),python3,al,0,0,543,148,691,1,4,4,0,0,0,0,0,0,,
2023-11-09T12:31:01.042,fp_eeff13170a,1,023a640f-a811-11e7-a937-00505601122b,Programming I and II,,(title in AnonLang),python3,al,0,0,545,180,725,0.5,4,2,0,0,2,0,0,0,,
2023-11-09T12:31:06.787,fp_eeff13170a,1,6e7c41f3-f488-11e8-b0fd-00505601122b,Programming in C++,,(title in AnonLang),cxx-gcc-linux,al,0,0,629,310,939,0,2,0,0,0,2,0,0,0,,
2023-11-09T12:31:11.696,fp_eeff13170a,1,5a251e33-a88c-11e7-a937-00505601122b,Programming I and II,,(title in AnonLang),python3,al,0,0,559,117,676,1,5,5,0,0,0,0,0,0,,
2023-11-09T12:31:15.894,fp_eeff13170a,1,72502276-519e-11ea-a595-00505601122b,Programming I and II,,(title in AnonLang),python3,al,0,0,572,135,707,0,3,0,0,0,3,0,0,0,,
2023-11-09T12:31:20.825,fp_eeff13170a,1,ff308921-a7b1-11e7-a937-00505601122b,Programming I and II,,(title in AnonLang),python3,al,0,0,558,159,717,0.1,10,1,0,9,0,0,0,0,,
2023-11-09T12:31:26.053,fp_eeff13170a,1,e1ab5360-28ad-11e8-9de3-00505601122b,Programming I and II,,Stack,python3,en,10,10,875,185,1060,0.4,5,2,0,0,3,0,0,0,,
2023-11-09T12:31:29.246,fp_eeff13170a,1,8bdf764a-f025-11e9-9ce9-00505601122b,Programming I and II,,Is a number symmetric in Python?,python3,en,0,0,417,67,484,1,3,3,0,0,0,0,0,0,,
2023-11-09T12:31:32.313,fp_eeff13170a,1,b2b9630f-8e91-11ec-986f-f39926f24a9c,Programming I and II,,Third Highest Score,python3,en,0,0,446,45,491,1,5,5,0,0,0,0,0,0,,
2023-11-09T12:31:44.413,fp_eeff13170a,1,714cf5f4-9950-11ec-986f-f39926f24a9c,Programming I and II,,Margit the Prime Lover,python3,en,0,0,442,138,580,0,5,0,0,0,2,3,0,0,,
2023-11-09T12:31:48.935,fp_eeff13170a,1,97f2d540-4004-11ec-986f-f39926f24a9c,Programming I and II,,(title in AnonLang),python3,al,0,0,580,109,689,1,4,4,0,0,0,0,0,0,,
2023-11-09T12:31:53.134,fp_eeff13170a,1,e60f4aa9-8285-11eb-a1a9-005056ad4f31,Programming I and II,,Common permutation,cs-dotnet-core,en,0,0,514,170,684,0.62,8,5,0,0,3,0,0,0,,
2023-11-09T12:31:56.929,fp_eeff13170a,1,fd2bf517-567b-11ea-a595-00505601122b,Programming I and II,,(title in AnonLang),python3,al,0,0,611,104,715,0,5,0,0,5,0,0,0,0,,
2023-11-09T12:32:17.704,fp_eeff13170a,1,d03c30e7-8ef8-11ec-986f-f39926f24a9c,Programming I and II,,Love Constant,python3,en,0,0,476,96,572,0.4,5,2,0,0,0,3,0,0,,
2023-11-09T12:32:21.300,fp_eeff13170a,1,747a88d9-542a-11ec-986f-f39926f24a9c,Algoritmizace,,(title in AnonLang),python3,al,1,1,542,90,632,0,5,0,0,1,4,0,0,0,,
2023-11-09T12:32:26.188,fp_eeff13170a,1,c35954e6-a88c-11e7-a937-00505601122b,Programming I and II,,(title in AnonLang),cs-dotnet-core,al,0,0,629,194,823,0,10,0,0,0,10,0,0,0,,
2023-11-09T12:32:30.487,fp_eeff13170a,1,c774fba0-a4bc-11ec-986f-f39926f24a9c,Programming I and II,,Merge two sorted sequences,python3,en,0,0,432,114,546,1,4,4,0,0,0,0,0,0,,
2023-11-09T12:32:35.097,fp_eeff13170a,1,889efd76-9a9f-11ec-986f-f39926f24a9c,Programming I and II,,(title in AnonLang),python3,al,0,0,621,152,773,0.25,4,1,0,0,3,0,0,0,,
2023-11-09T12:32:38.881,fp_eeff13170a,1,dd72607b-2e00-11ec-986f-f39926f24a9c,Programming I and II,,Emulate the list.insert() function,python3,en,0,0,428,55,483,1,3,3,0,0,0,0,0,0,,
2023-11-09T12:32:48.005,fp_eeff13170a,1,de52476e-5d58-11ea-a595-00505601122b,Non-Procedural Programming,,Goldbach sums,prolog,en,0,0,456,164,620,0,7,0,0,7,0,0,0,0,,
2023-11-09T12:33:33.596,fp_eeff13170a,1,e30c5b28-0412-11ea-9ce9-00505601122b,Programming I and II,,(title in AnonLang),python3,al,0,0,615,200,815,0.75,4,3,0,1,0,0,0,0,,
2023-11-09T12:33:37.195,fp_eeff13170a,1,1e5d58df-8efd-11ec-986f-f39926f24a9c,Programming I and II,,Opposite Capitalization,python3,en,0,0,442,81,523,1,4,4,0,0,0,0,0,0,,
2023-11-09T12:33:42.605,fp_eeff13170a,1,ce12cda1-ca0a-11e7-a937-00505601122b,Programming I and II,,Infix evaluator,python3,en,0,0,424,255,679,1,5,5,0,0,0,0,0,0,,
2023-11-09T12:33:50.380,fp_eeff13170a,1,f837d118-a7b1-11e7-a937-00505601122b,Programming I and II,,King's path on a chessboard,cs-dotnet-core,en,0,0,495,469,964,0.5,4,2,0,0,2,0,0,0,,
2023-11-09T12:33:53.401,fp_eeff13170a,1,4c31698f-1a07-11ea-9ce9-00505601122b,Programming I and II,,(title in AnonLang),python3,al,0,0,573,35,608,0,2,0,0,0,2,0,0,0,,
2023-11-09T12:33:59.776,fp_eeff13170a,1,f8b033c6-b9cd-11e7-a937-00505601122b,Programming I and II,,Number of inversions in a permutation,cxx-gcc-linux,en,0,0,524,189,713,0.8,8,7,0,0,0,1,0,0,,
2023-11-09T12:34:06.858,fp_eeff13170a,1,d6494627-2675-4b89-9f02-d2def9ae8bd2,Programming I and II,,(title in AnonLang),python3,al,1,1,785,307,1092,0.25,4,1,0,0,3,0,0,0,,
2023-11-09T12:34:10.246,fp_eeff13170a,1,8e0af49f-01de-11eb-9574-ea7484399335,Programming I and II,,(title in AnonLang),python3,al,0,0,585,52,637,1,5,5,0,0,0,0,0,0,,
2023-11-09T12:34:16.947,fp_eeff13170a,1,82d3a2cd-1fc4-11ec-986f-f39926f24a9c,Java,,DYN-ARRAY,java,en,0,0,493,385,878,0,2,0,2,0,0,0,0,0,,
2023-11-09T12:36:42.341,fp_eeff13170a,1,e70f0680-362c-11eb-a1a9-005056ad4f31,Programming I and II,,Young tableaux DP,python3,en,0,0,443,44,487,0,10,0,0,0,10,0,0,0,,
2023-11-09T12:36:51.999,fp_eeff13170a,1,e071106a-cd50-11e8-a4be-00505601122b,Programming in C++,,(title in AnonLang),cxx-gcc-linux,al,0,0,687,789,1476,0,1,0,0,0,1,0,0,0,,
2023-11-09T12:36:56.297,fp_eeff13170a,1,30498f7c-a88d-11e7-a937-00505601122b,Programming I and II,,Number of words,python3,en,0,0,419,51,470,1,5,5,0,0,0,0,0,0,,
2023-11-09T12:37:02.577,fp_eeff13170a,1,dd44dd78-5130-11ec-986f-f39926f24a9c,Algoritmizace,,(title in AnonLang),python3,al,0,0,607,285,892,0.4,5,2,0,0,3,0,0,0,,
2023-11-09T12:37:07.150,fp_eeff13170a,1,1fefc4e2-44b7-11e9-b0fd-00505601122b,Programming I and II,,King in a file,c-gcc-linux,en,0,0,423,170,593,0.14,7,1,0,0,6,0,0,0,,
2023-11-09T12:37:11.225,fp_eeff13170a,1,566e4d24-561e-11ec-986f-f39926f24a9c,Algoritmizace,,(title in AnonLang),python3,al,0,0,607,132,739,1,8,8,0,0,0,0,0,0,,
2023-11-09T12:37:15.059,fp_eeff13170a,1,443b5b01-a88d-11e7-a937-00505601122b,Programming I and II,,Copying a file by sentences,python3,en,0,0,423,73,496,0.4,5,2,0,0,3,0,0,0,,
2023-11-09T12:37:18.973,fp_eeff13170a,1,8bea7cb7-c1bc-4bb6-9bfd-382c50748ee1,Programming I and II,,Maximum product,cs-dotnet-core,en,0,0,572,142,714,1,10,10,0,0,0,0,0,0,,
2023-11-09T12:37:25.051,fp_eeff13170a,1,dfc2a156-7203-11ec-986f-f39926f24a9c,Algoritmizace,,(title in AnonLang),python3,al,0,0,601,236,837,0,5,0,0,0,5,0,0,0,,
2023-11-09T12:37:33.206,fp_eeff13170a,1,c9d5e0b3-1124-11ea-9ce9-00505601122b,Programming I and II,,(title in AnonLang),python3,al,1,1,1022,481,1503,1,10,10,0,0,0,0,0,0,,
2023-11-09T12:37:36.358,fp_eeff13170a,1,5af1ca0d-cb28-11ec-8da3-d412db16db0b,Programming I and II,,Cliques,python3,en,0,0,450,23,473,0,5,0,0,0,5,0,0,0,,
2023-11-09T12:37:40.355,fp_eeff13170a,1,12aee9c1-f64c-11e9-9ce9-00505601122b,Programming I and II,,(title in AnonLang),python3,al,0,0,604,54,658,1,6,6,0,0,0,0,0,0,,
2023-11-09T12:37:45.553,fp_eeff13170a,1,f1d6aec6-e409-11e8-a4be-00505601122b,Programming in C++,,(title in AnonLang),cxx-gcc-linux,al,0,0,654,224,878,1,1,1,0,0,0,0,0,0,,
2023-11-09T12:37:48.788,fp_eeff13170a,1,e786ad5e-3e61-11ec-986f-f39926f24a9c,Programming I and II,,Pyramid fill,python3,en,0,0,606,62,668,0,3,0,0,0,3,0,0,0,,
2023-11-09T12:37:52.258,fp_eeff13170a,1,b13589df-9eee-11ec-986f-f39926f24a9c,Programming I and II,,Number of Elements,python3,en,0,0,508,81,589,1,5,5,0,0,0,0,0,0,,
2023-11-09T12:37:56.588,fp_eeff13170a,1,3eaa2aa5-f364-11e9-9ce9-00505601122b,Programming I and II,,(title in AnonLang),python3,al,0,0,675,181,856,0.2,5,1,0,0,4,0,0,0,,
2023-11-09T12:38:51.818,fp_eeff13170a,1,395dc39c-b5d2-11ec-8d84-d310d4f96200,Programming I and II,,Over the Median v2,python3,en,0,0,535,159,694,0,5,0,0,0,3,2,0,0,,
2023-11-09T12:38:55.592,fp_eeff13170a,1,81a692a6-0efb-11eb-98c0-005056ad4f31,Programming I and II,,(title in AnonLang),python3,al,0,0,624,114,738,0,4,0,0,0,4,0,0,0,,
2023-11-09T12:39:03.617,fp_eeff13170a,1,9067a388-0c60-11ea-9ce9-00505601122b,Programming I and II,,(title in AnonLang),python3,al,1,1,1003,449,1452,0.92,12,11,0,1,0,0,0,0,,
2023-11-09T12:39:21.359,fp_eeff13170a,1,f6083437-2f8d-11ec-986f-f39926f24a9c,Algoritmizace,,(title in AnonLang),python3,al,0,0,698,152,850,0.67,7,5,0,0,0,2,0,0,,
2023-11-09T12:39:27.778,fp_eeff13170a,1,86585739-0e49-11eb-98c0-005056ad4f31,Programming in C++,,(title in AnonLang),cxx-gcc-linux,al,0,0,550,314,864,0,1,0,0,0,1,0,0,0,,
2023-11-09T12:39:43.990,fp_eeff13170a,1,58e74dd3-0427-11ea-9ce9-00505601122b,Programming I and II,,(title in AnonLang),python3,al,0,0,633,298,931,0.8,5,4,0,0,1,0,0,0,,
2023-11-09T12:39:48.807,fp_eeff13170a,1,56053a97-4009-11ec-986f-f39926f24a9c,Programming I and II,,(title in AnonLang),python3,al,0,0,627,197,824,0.25,4,1,0,0,3,0,0,0,,
2023-11-09T12:39:53.877,fp_eeff13170a,1,2e3fae5a-08a7-11eb-98c0-005056ad4f31,Algoritmizace,,(title in AnonLang),python3,al,0,0,677,52,729,1,10,10,0,0,0,0,0,0,,
2023-11-09T12:39:58.876,fp_eeff13170a,1,09e72fe9-a811-11e7-a937-00505601122b,Programming I and II,,Wavy subsequence,cs-dotnet-core,en,0,0,522,225,747,0.1,10,1,0,0,9,0,0,0,,
2023-11-09T12:40:03.239,fp_eeff13170a,1,71cc6cac-ba77-11ec-8d84-d310d4f96200,Programming I and II,,POWERset,python3,en,0,0,489,92,581,1,5,5,0,0,0,0,0,0,,
2023-11-09T12:40:09.042,fp_eeff13170a,1,1f12e94b-8472-11ec-986f-f39926f24a9c,Programming I and II,,(title in AnonLang),python3,al,0,0,671,202,873,0.4,10,4,0,0,6,0,0,0,,
2023-11-09T12:48:34.353,fp_eeff13170a,1,0eddafab-80cb-11eb-a1a9-005056ad4f31,Programming I and II,,(title in AnonLang),python3,al,0,0,634,191,825,0.8,5,4,0,0,1,0,0,0,,
2023-11-09T12:48:42.445,fp_eeff13170a,1,0aa0986a-6208-11ea-a595-00505601122b,Programming I and II,,(title in AnonLang),python3,al,0,0,690,94,784,1,10,10,0,0,0,0,0,0,,
2023-11-09T12:48:48.720,fp_eeff13170a,1,ba528806-794b-11ec-986f-f39926f24a9c,Programming I and II,,(title in AnonLang),python3,al,0,0,596,341,937,1,8,8,0,0,0,0,0,0,,
2023-11-09T12:48:57.315,fp_eeff13170a,1,9bae1512-7203-11ec-986f-f39926f24a9c,Algoritmizace,,(title in AnonLang),python3,al,0,0,694,130,824,0,4,0,0,0,3,1,0,0,,
2023-11-09T12:49:01.523,fp_eeff13170a,1,af82b7ac-96f5-11eb-a1a9-005056ad4f31,Non-Procedural Programming,,Lists and strings,haskell,en,0,0,575,124,699,0,9,0,9,0,0,0,0,0,,
2023-11-09T12:49:09.685,fp_eeff13170a,1,470b2f63-8fc7-11eb-a1a9-005056ad4f31,Programming I and II,,(title in AnonLang),cs-dotnet-core,al,0,0,580,108,688,0.1,20,2,0,0,17,1,0,0,,
2023-11-09T12:49:21.376,fp_eeff13170a,1,ef25e6f8-a7b1-11e7-a937-00505601122b,Programming I and II,,(title in AnonLang),cs-dotnet-core,al,0,0,736,859,1595,0,4,0,0,4,0,0,0,0,,
2023-11-09T12:49:25.419,fp_eeff13170a,1,cd3d53d0-a7b1-11e7-a937-00505601122b,Programming I and II,,(title in AnonLang),python3,al,0,0,652,105,757,0,5,0,0,0,5,0,0,0,,
2023-11-09T12:49:31.123,fp_eeff13170a,1,d5984dab-a88b-11e7-a937-00505601122b,Programming I and II,,(title in AnonLang),python3,al,0,0,639,205,844,0.1,10,1,0,0,9,0,0,0,,
2023-11-09T12:49:35.046,fp_eeff13170a,1,a1617916-26c8-11ec-986f-f39926f24a9c,Programming I and II,,(title in AnonLang),python3,al,0,0,653,75,728,1,9,9,0,0,0,0,0,0,,
2023-11-09T12:49:46.017,fp_eeff13170a,1,611dabb7-2154-11e8-9de3-00505601122b,Web Applications,,Sieve of Eratosthenes (Advanced),php-linux,en,0,0,452,374,826,0,4,0,0,0,4,0,0,0,,
2023-11-09T12:49:49.600,fp_eeff13170a,1,d74652e6-540f-11eb-a1a9-005056ad4f31,Programming I and II,Algoritmizace,Linear equations,python3,en,0,0,524,76,600,0,4,0,0,4,0,0,0,0,,
2023-11-09T12:49:56.163,fp_eeff13170a,1,ed7bc2b3-4b8f-11ec-986f-f39926f24a9c,Programming I and II,,(title in AnonLang),python3,al,0,0,647,82,729,0,3,0,0,0,3,0,0,0,,
2023-11-09T12:49:59.845,fp_eeff13170a,1,17bb952b-503d-11ec-986f-f39926f24a9c,Programming I and II,,(title in AnonLang),python3,al,0,0,684,99,783,0,2,0,0,0,2,0,0,0,,
2023-11-09T12:50:05.063,fp_eeff13170a,1,dc185afd-c561-11ec-8da3-d412db16db0b,Programming I and II,,Distances,python3,en,0,0,495,220,715,0,5,0,0,0,5,0,0,0,,
2023-11-09T12:50:12.781,fp_eeff13170a,1,9d0294e8-8770-11ec-986f-f39926f24a9c,Programming I and II,,(title in AnonLang),python3,al,0,0,663,528,1191,1,7,7,0,0,0,0,0,0,,
2023-11-09T12:50:17.349,fp_eeff13170a,1,fda9fffa-9bbe-11ec-986f-f39926f24a9c,Non-Procedural Programming,,(title in AnonLang),prolog,al,0,0,663,170,833,0,4,0,0,0,4,0,0,0,,
2023-11-09T12:50:24.515,fp_eeff13170a,1,e950bba6-9bf7-47ec-804b-1a8a2ba47dbc,Programming I and II,,(title in AnonLang),cs-dotnet-core,al,0,0,740,123,863,0.5,10,5,0,0,5,0,0,0,,
2023-11-09T12:50:28.107,fp_eeff13170a,1,38a9efa1-7204-11ec-986f-f39926f24a9c,Algoritmizace,,(title in AnonLang),python3,al,0,0,674,84,758,0,6,0,0,0,6,0,0,0,,
2023-11-09T12:50:34.778,fp_eeff13170a,1,db992a4a-9b83-11eb-a1a9-005056ad4f31,Programming I and II,,Post office counters,cs-dotnet-core,en,0,0,525,181,706,0,10,0,0,0,10,0,0,0,,
2023-11-09T12:50:41.585,fp_eeff13170a,1,1f65ed86-13e0-490a-9fc4-4182f7f4184a,Non-Procedural Programming,,Base conversion,prolog,en,0,0,622,230,852,0.2,10,2,0,8,0,0,0,0,,
2023-11-09T12:50:46.230,fp_eeff13170a,1,9534a7d2-5412-11eb-a1a9-005056ad4f31,Programming I and II,,N over M,cs-dotnet-core,en,0,0,572,186,758,0,10,0,10,0,0,0,0,0,,
2023-11-09T12:50:55.687,fp_eeff13170a,1,a4cd3c9f-d6ba-11ec-8da3-d412db16db0b,Programming I and II,,(title in AnonLang),python3,al,0,0,711,293,1004,0.4,5,2,0,0,3,0,0,0,,
2023-11-09T12:51:07.827,fp_eeff13170a,1,65a2302b-d531-11ec-8da3-d412db16db0b,Programming I and II,,Arithmetic,python3,en,0,0,530,99,629,0,11,0,0,8,1,2,0,0,,
2023-11-09T13:02:05.445,fp_eeff13170a,1,54a533d7-7316-11ea-a595-00505601122b,Non-Procedural Programming,,Queens on a chessboard,haskell,en,1,0,590,78,668,0,10,0,10,0,0,0,0,0,,
2023-11-09T13:02:13.070,fp_eeff13170a,1,872a1c5b-6e51-11e9-b0fd-00505601122b,Non-Procedural Programming,,Arithmetic expressions,haskell,en,0,0,625,319,944,0,5,0,5,0,0,0,0,0,,
2023-11-09T13:02:18.738,fp_eeff13170a,1,ec7227dc-a810-11e7-a937-00505601122b,Programming I and II,,(title in AnonLang),cs-dotnet-core,al,0,0,684,246,930,1,7,7,0,0,0,0,0,0,,
2023-11-09T13:02:23.615,fp_eeff13170a,1,6e572d11-023a-4e11-91ae-834542df6c8f,Programming I and II,,(title in AnonLang),python3,al,0,0,648,206,854,0,3,0,0,3,0,0,0,0,,
2023-11-09T13:02:27.125,fp_eeff13170a,1,c69f9d2c-3386-11ec-986f-f39926f24a9c,Programming I and II,,Median,python3,en,0,0,563,85,648,1,3,3,0,0,0,0,0,0,,
2023-11-09T13:02:36.550,fp_eeff13170a,1,8753d555-25da-11ec-986f-f39926f24a9c,Java,,BIN-TREE,java,en,0,0,555,577,1132,1,2,2,0,0,0,0,0,0,,
2023-11-09T13:02:45.758,fp_eeff13170a,1,ea09d7c4-28ad-11e8-9de3-00505601122b,Programming I and II,,MZ - Binary Search Tree,python3,en,0,0,489,604,1093,0,5,0,0,0,5,0,0,0,,
2023-11-09T13:02:52.240,fp_eeff13170a,1,8dcdf177-a88f-11e7-a937-00505601122b,Programming I and II,,(title in AnonLang),cs-dotnet-core,al,0,0,756,367,1123,1,9,9,0,0,0,0,0,0,,
2023-11-09T13:02:56.813,fp_eeff13170a,1,cc98f2c7-088e-11ea-9ce9-00505601122b,Programming I and II,,(title in AnonLang),python3,al,0,0,766,118,884,1,5,5,0,0,0,0,0,0,,
2023-11-09T13:03:01.430,fp_eeff13170a,1,52a6c3ad-a88d-11e7-a937-00505601122b,Programming I and II,,(title in AnonLang),python3,al,0,0,726,176,902,1,7,7,0,0,0,0,0,0,,
2023-11-09T13:03:11.543,fp_eeff13170a,1,495f69c4-e434-40ff-ba8e-9d6c00940613,Non-Procedural Programming,,(title in AnonLang),prolog,al,0,0,640,546,1186,0.14,7,1,0,0,6,0,0,0,,
2023-11-09T13:17:09.838,fp_eeff13170a,1,d2f12188-aba7-11e7-a937-00505601122b,C# Language and .NET Framework,,(title in AnonLang),cs-dotnet-core,al,0,0,596,191,787,0.28,12,4,0,0,8,0,0,0,,
2023-11-09T13:17:20.264,fp_eeff13170a,1,9f313454-5264-11ea-a595-00505601122b,Non-Procedural Programming,,Restaurant,prolog,en,0,0,443,308,751,0,1,0,1,0,0,0,0,0,,
2023-11-09T13:17:28.733,fp_eeff13170a,1,c8ff391a-a811-11e7-a937-00505601122b,Programming I and II,,For a free time,cs-dotnet-core,en,0,0,569,470,1039,0,4,0,0,0,4,0,0,0,,
2023-11-09T13:17:33.250,fp_eeff13170a,1,67f9b971-7204-11ec-986f-f39926f24a9c,Algoritmizace,,(title in AnonLang),python3,al,0,0,693,145,838,0,8,0,0,0,8,0,0,0,,
2023-11-09T13:17:49.938,fp_eeff13170a,1,cca7252b-fb4e-11e9-9ce9-00505601122b,Programming I and II,,(title in AnonLang),python3,al,0,0,714,82,796,0.44,8,6,0,0,0,2,0,0,,
2023-11-09T13:17:53.806,fp_eeff13170a,1,739ea587-685e-11ea-a595-00505601122b,Non-Procedural Programming,,Regular expressions,prolog,en,0,0,516,119,635,0,4,0,0,0,4,0,0,0,,
2023-11-09T13:18:00.873,fp_eeff13170a,1,7e9f5c43-3813-11ec-986f-f39926f24a9c,Programming I and II,,(title in AnonLang),python3,al,0,0,650,118,768,0,3,0,0,3,0,0,0,0,,
2023-11-09T13:18:18.152,fp_eeff13170a,1,976eae33-0eb4-492e-8384-5124ffde952b,Programming I and II,,Searching in an ordered array,python3,en,0,0,535,77,612,0.3,9,5,0,0,0,4,0,0,,
2023-11-09T13:18:23.085,fp_eeff13170a,1,477c3772-cc87-4cc9-aa98-32d2bad9c074,Programming I and II,,Sorting of the training attendance,python3,en,0,0,487,184,671,1,5,5,0,0,0,0,0,0,,
2023-11-09T13:18:28.372,fp_eeff13170a,1,87101236-6c7a-11ec-986f-f39926f24a9c,Programming I and II,,(title in AnonLang),python3,al,0,0,740,206,946,1,10,10,0,0,0,0,0,0,,
2023-11-09T13:18:32.554,fp_eeff13170a,1,b4e13957-0a47-11eb-98c0-005056ad4f31,Programming I and II,,Integer solutions,python3,en,0,0,691,126,817,0.3,10,3,0,0,7,0,0,0,,
2023-11-09T13:18:38.143,fp_eeff13170a,1,0c965a56-8e65-11ec-986f-f39926f24a9c,Programming I and II,,Primality claim,cs-dotnet-core,en,0,0,646,274,920,0.33,6,2,0,0,4,0,0,0,,
2023-11-09T13:18:46.040,fp_eeff13170a,1,12a5e40b-a890-11e7-a937-00505601122b,Programming I and II,,Optimal matrix product,cs-dotnet-core,en,0,0,591,437,1028,0,7,0,0,7,0,0,0,0,,
2023-11-09T13:18:50.805,fp_eeff13170a,1,0bfa1156-57e9-11ea-a595-00505601122b,Non-Procedural Programming,,Duplicates,prolog,en,0,0,568,178,746,0.67,9,6,0,0,2,0,1,0,,
2023-11-09T13:18:58.343,fp_eeff13170a,1,207a8c8b-d13d-417f-94ce-13d0d502fa9a,Programming I and II,,(title in AnonLang),python3,al,0,0,648,256,904,1,2,2,0,0,0,0,0,0,,
2023-11-09T13:19:08.544,fp_eeff13170a,1,70762cbe-791d-11eb-a1a9-005056ad4f31,Programming I and II,,Closest pair of points,cxx-gcc-linux,en,0,0,603,576,1179,0,7,0,0,0,7,0,0,0,,
2023-11-09T13:24:41.240,fp_eeff13170a,1,838edb9e-b5de-11ec-8d84-d310d4f96200,Non-Procedural Programming,,(title in AnonLang),haskell,al,0,0,764,148,912,0,9,0,9,0,0,0,0,0,,
2023-11-09T13:24:45.367,fp_eeff13170a,1,7bcb7a2d-3e56-11ec-986f-f39926f24a9c,Programming I and II,,(title in AnonLang),python3,al,0,0,778,81,859,1,4,4,0,0,0,0,0,0,,
2023-11-09T13:24:58.351,fp_eeff13170a,1,e603b29a-9503-11ec-986f-f39926f24a9c,Programming I and II,,Partition point of a sequence,python3,en,0,0,568,180,748,0.29,7,2,0,0,5,0,0,0,,
2023-11-09T13:25:04.553,fp_eeff13170a,1,73ac55ab-62ed-11ea-a595-00505601122b,Non-Procedural Programming,,Dates,prolog,en,0,0,555,318,873,0,10,0,0,7,3,0,0,0,,
2023-11-09T13:25:08.758,fp_eeff13170a,1,a16d4cf5-2f49-11ec-986f-f39926f24a9c,Programming I and II,,(title in AnonLang),python3,al,20,20,1668,130,1798,0,10,0,0,0,10,0,0,0,,
2023-11-09T13:25:12.232,fp_eeff13170a,1,f3eb0826-cd9a-11e8-a4be-00505601122b,Java,,MULTIPLICATION TABLE,java,en,1,1,692,78,770,0.1,10,1,0,0,9,0,0,0,,
2023-11-09T13:25:42.165,fp_eeff13170a,1,b40d62c1-7b79-11ea-a595-00505601122b,Web Applications,,JS - ES6 warm up,node-linux,en,2,2,2947,2603,5550,0,1,0,0,0,0,0,0,1,Exercise submission error - File 'tests.js' is already defined by author of the exercise,
2023-11-09T13:25:45.449,fp_eeff13170a,1,1b4d8c05-2f7f-11ec-986f-f39926f24a9c,Programming I and II,,(title in AnonLang),python3,al,0,0,598,53,651,1,4,4,0,0,0,0,0,0,,
2023-11-09T13:25:49.677,fp_eeff13170a,1,f45d7452-994a-11ec-986f-f39926f24a9c,Programming I and II,,Godrick the Grafter,python3,en,0,0,583,97,680,1,5,5,0,0,0,0,0,0,,
2023-11-09T13:25:54.472,fp_eeff13170a,1,835eada2-491f-11ec-986f-f39926f24a9c,Algoritmizace,,(title in AnonLang),python3,al,1,1,770,106,876,0,2,0,0,2,0,0,0,0,,
2023-11-09T13:26:00.553,fp_eeff13170a,1,afd1e168-d535-11ec-8da3-d412db16db0b,Programming I and II,,Party,python3,en,0,0,537,222,759,1,11,11,0,0,0,0,0,0,,
2023-11-09T13:26:03.983,fp_eeff13170a,1,0d72cea2-a88c-11e7-a937-00505601122b,Programming I and II,,Pallets,python3,en,0,0,529,47,576,0.1,10,1,0,0,9,0,0,0,,
2023-11-09T13:26:14.904,fp_eeff13170a,1,2cf05181-2f4c-11ec-986f-f39926f24a9c,Algoritmizace,,(title in AnonLang),python3,al,0,0,778,192,970,1,5,5,0,0,0,0,0,0,,
2023-11-09T13:26:32.705,fp_eeff13170a,1,5abf8e3a-996c-11ec-986f-f39926f24a9c,Programming I and II,,3D Tic-Tac-Toe,cs-dotnet-core,en,0,0,665,1145,1810,0.08,12,1,0,0,11,0,0,0,,
2023-11-09T13:26:37.431,fp_eeff13170a,1,43378d5e-b115-11ec-8d84-d310d4f96200,Programming I and II,,The Same,python3,en,0,0,595,103,698,0.25,5,2,0,3,0,0,0,0,,
2023-11-09T13:26:41.496,fp_eeff13170a,1,e6adf47d-0a45-11eb-98c0-005056ad4f31,Programming I and II,,Range of years,python3,en,0,0,623,80,703,1,6,6,0,0,0,0,0,0,,
2023-11-09T13:26:49.179,fp_eeff13170a,1,0f790301-a88d-11e7-a937-00505601122b,Programming I and II,,Missing parentheses,cs-dotnet-core,en,0,0,606,281,887,0,6,0,0,0,6,0,0,0,,
2023-11-09T13:26:54.235,fp_eeff13170a,1,2c7852fa-a814-11e7-a937-00505601122b,Programming I and II,,(title in AnonLang),python3,al,0,0,774,105,879,0,5,0,0,0,5,0,0,0,,
2023-11-09T13:27:02.811,fp_eeff13170a,1,8f94e018-84e1-11ea-a595-00505601122b,Programming I and II,,(title in AnonLang),python3,al,0,0,776,458,1234,0,5,0,0,0,5,0,0,0,,
2023-11-09T13:27:07.842,fp_eeff13170a,1,d3ef2949-d532-11ec-8da3-d412db16db0b,Programming I and II,,Tree,python3,en,0,0,533,218,751,0.18,11,2,0,4,0,0,5,0,,
2023-11-09T13:27:13.441,fp_eeff13170a,1,21e1fddf-a88c-11e7-a937-00505601122b,Programming I and II,,(title in AnonLang),cs-dotnet-core,al,0,0,849,215,1064,0.4,5,2,0,0,3,0,0,0,,
2023-11-09T13:27:19.603,fp_eeff13170a,1,8315e065-6e5e-11e9-b0fd-00505601122b,Non-Procedural Programming,,Dividing polynomials,haskell,en,0,0,727,174,901,0.14,7,1,0,0,6,0,0,0,,
2023-11-09T13:27:28.543,fp_eeff13170a,1,8921f3ec-6334-11ec-986f-f39926f24a9c,Programming I and II,,Integer sums,python3,en,0,0,631,80,711,1,5,5,0,0,0,0,0,0,,
2023-11-09T13:27:32.987,fp_eeff13170a,1,79de96bf-1685-11ea-9ce9-00505601122b,Programming I and II,,Permutation lookup,python3,en,1,0,549,168,717,1,8,8,0,0,0,0,0,0,,
2023-11-09T13:27:40.418,fp_eeff13170a,1,e16cdedf-2e3f-4352-ab83-a0d4624234aa,Programming I and II,,(title in AnonLang),cs-dotnet-core,al,0,0,863,377,1240,0,4,0,0,4,0,0,0,0,,
2023-11-09T13:27:51.391,fp_eeff13170a,1,04917ab2-a7b2-11e7-a937-00505601122b,Programming I and II,,Sokoban (storekeeper),cs-dotnet-core,en,0,0,595,763,1358,0.2,5,1,0,0,4,0,0,0,,
2023-11-09T13:28:09.498,fp_eeff13170a,1,b547c6c0-a88f-11e7-a937-00505601122b,Programming I and II,,(title in AnonLang),cs-dotnet-core,al,0,0,885,175,1060,0.4,5,2,0,0,1,2,0,0,,
2023-11-09T13:28:16.040,fp_eeff13170a,1,96d57cae-5326-11ea-a595-00505601122b,Programming I and II,,Monotonicity of rational numbers,cs-dotnet-core,en,0,0,670,381,1051,0.57,7,4,0,0,3,0,0,0,,
2023-11-09T13:28:21.262,fp_eeff13170a,1,fe9af127-af25-11ec-8d84-d310d4f96200,Non-Procedural Programming,,Words,haskell,en,0,0,596,183,779,0,13,0,13,0,0,0,0,0,,
2023-11-09T13:28:24.582,fp_eeff13170a,1,f00ed3b9-8fab-11ea-befc-00505601122b,Programming I and II,,(title in AnonLang),python3,al,2,0,794,76,870,0.4,10,4,0,0,6,0,0,0,,
2023-11-09T13:28:29.086,fp_eeff13170a,1,6d55721b-a88d-11e7-a937-00505601122b,Programming I and II,,(title in AnonLang),python3,al,0,0,827,94,921,0.2,10,2,0,0,8,0,0,0,,
2023-11-09T13:28:33.539,fp_eeff13170a,1,4e50997e-3e74-11ec-986f-f39926f24a9c,Programming I and II,,(title in AnonLang),python3,al,0,0,835,160,995,1,4,4,0,0,0,0,0,0,,
2023-11-09T13:28:41.912,fp_eeff13170a,1,7747827e-6ca2-11e9-b0fd-00505601122b,Non-Procedural Programming,,Tautologies,haskell,en,0,0,628,334,962,1,10,10,0,0,0,0,0,0,,
2023-11-09T13:28:48.018,fp_eeff13170a,1,f6450f96-7dd7-11eb-a1a9-005056ad4f31,Programming I and II,,(title in AnonLang),cxx-gcc-linux,al,1,0,884,153,1037,0,3,0,0,0,3,0,0,0,,
2023-11-09T13:28:55.724,fp_eeff13170a,1,97e4e2a4-5ee8-11ea-a595-00505601122b,Programming I and II,,Shortest path,cs-dotnet-core,en,0,0,775,467,1242,0.43,7,3,0,0,4,0,0,0,,
2023-11-09T13:29:04.230,fp_eeff13170a,1,ea0180d1-3a83-11ec-986f-f39926f24a9c,Algoritmizace,,(title in AnonLang),python3,al,0,0,828,351,1179,0,5,0,0,4,1,0,0,0,,
2023-11-09T13:29:12.602,fp_eeff13170a,1,ac59ca75-c00a-11ec-8da3-d412db16db0b,Programming I and II,,Orientation,cs-dotnet-core,en,0,0,666,563,1229,0,5,0,0,5,0,0,0,0,,
2023-11-09T13:29:16.419,fp_eeff13170a,1,19085c88-b5f5-11ec-8d84-d310d4f96200,Programming I and II,,(title in AnonLang),python3,al,0,0,779,130,909,0,4,0,0,4,0,0,0,0,,
2023-11-09T13:29:58.603,fp_eeff13170a,1,59d8b8ed-7843-11eb-a1a9-005056ad4f31,Programming I and II,,Square,cxx-gcc-linux,en,1,0,629,452,1081,0,6,0,0,0,2,4,0,0,,
2023-11-09T13:39:23.030,fp_eeff13170a,1,8048afc4-a3e7-11ec-986f-f39926f24a9c,Programming I and II,,(title in AnonLang),python3,al,0,0,798,98,896,0,3,0,0,3,0,0,0,0,,
2023-11-09T13:39:26.603,fp_eeff13170a,1,4e612a12-3562-11eb-a1a9-005056ad4f31,Programming I and II,,P1M-JA: Wrapper function,python3,en,0,0,641,64,705,1,5,5,0,0,0,0,0,0,,
2023-11-09T13:39:31.658,fp_eeff13170a,1,71b1df7d-a88c-11e7-a937-00505601122b,Programming I and II,,(title in AnonLang),python3,al,0,0,822,139,961,1,5,5,0,0,0,0,0,0,,
2023-11-09T13:39:41.297,fp_eeff13170a,1,66cdd8a4-c1d4-48e8-b389-5c7fc65bb171,Programming I and II,,Beautiful fractions,python3,en,0,0,579,136,715,0,5,0,0,0,5,0,0,0,,
2023-11-09T13:39:46.589,fp_eeff13170a,1,b440aaf1-60e2-11e9-b0fd-00505601122b,Programming I and II,,Longest ascending subsequence,cs-dotnet-core,en,0,0,678,262,940,0,5,0,0,0,5,0,0,0,,
2023-11-09T13:39:53.949,fp_eeff13170a,1,072da0cd-6ad9-11eb-a1a9-005056ad4f31,Computer Systems,,(title in AnonLang),arduino-gcc,al,2,2,1206,240,1446,1,1,1,0,0,0,0,0,0,,
2023-11-09T13:39:59.898,fp_eeff13170a,1,9073155a-b5f3-11ec-8d84-d310d4f96200,Programming I and II,,Josephus problem - simulation,python3,en,0,0,566,161,727,1,4,4,0,0,0,0,0,0,,
2023-11-09T13:40:05.516,fp_eeff13170a,1,45a90981-9e07-11eb-a1a9-005056ad4f31,Programming I and II,,Ant on an infinite grid,cs-dotnet-core,en,0,0,721,287,1008,0,5,0,0,0,5,0,0,0,,
2023-11-09T13:40:11.998,fp_eeff13170a,1,27538c91-4167-11ec-986f-f39926f24a9c,Java,,USER-STAT,java,en,2,2,813,286,1099,0.67,3,2,0,1,0,0,0,0,,
2023-11-09T13:40:17.559,fp_eeff13170a,1,34ee3ca7-a205-11ec-986f-f39926f24a9c,Programming I and II,,(title in AnonLang),python3,al,0,0,781,284,1065,0,5,0,0,5,0,0,0,0,,
2023-11-09T13:50:27.767,fp_eeff13170a,1,d0abb5e2-a811-11e7-a937-00505601122b,Programming I and II,,(title in AnonLang),python3,al,0,0,863,64,927,0.2,5,1,0,0,2,2,0,0,,
2023-11-09T13:56:54.820,fp_eeff13170a,1,c99cc4c2-b0fd-11ec-8d84-d310d4f96200,Non-Procedural Programming,,(title in AnonLang),haskell,al,0,0,831,222,1053,1,3,3,0,0,0,0,0,0,,
2023-11-09T13:56:59.765,fp_eeff13170a,1,922ff917-7a8e-11eb-a1a9-005056ad4f31,Programming I and II,,Longest arithmetic subsequence,cs-dotnet-core,en,0,0,635,216,851,0,8,0,0,0,8,0,0,0,,
2023-11-09T13:57:04.229,fp_eeff13170a,1,61807005-4d7a-4a0e-9301-319ece0e027c,Non-Procedural Programming,,Expression reduction,prolog,en,0,0,658,185,843,0.1,10,1,0,9,0,0,0,0,,
2023-11-09T13:57:08.760,fp_eeff13170a,1,8f3f6757-e611-4ba4-8a66-1e20c4af2863,Programming I and II,,(title in AnonLang),python3,al,0,0,888,167,1055,1,1,1,0,0,0,0,0,0,,
2023-11-09T13:57:12.917,fp_eeff13170a,1,14214dea-a88c-11e7-a937-00505601122b,Programming I and II,,(title in AnonLang),python3,al,0,0,877,127,1004,0.1,10,1,0,0,9,0,0,0,,
2023-11-09T13:57:28.165,fp_eeff13170a,1,73c4c14d-85da-11eb-a1a9-005056ad4f31,Web Applications,,PHP - NotORM,php-linux,en,15,14,8766,558,9324,0.4,5,2,0,3,0,0,0,0,,
2023-11-09T13:57:32.944,fp_eeff13170a,1,d184e4aa-bc32-11ec-8da3-d412db16db0b,Programming I and II,,(title in AnonLang),cs-dotnet-core,al,2,2,1052,365,1417,0,1,0,0,0,0,0,0,1,Exercise submission error - File 'Program.cs' is already defined by author of the exercise,
2023-11-09T13:57:38.753,fp_eeff13170a,1,56a15740-a88d-11e7-a937-00505601122b,Programming I and II,,(title in AnonLang),python3,al,0,0,844,242,1086,0.7,10,7,0,0,3,0,0,0,,
2023-11-09T13:57:44.744,fp_eeff13170a,1,5d844e59-c46a-47e2-b7ce-1a055bc6f9e5,Non-Procedural Programming,,Mini-Sudoku,haskell,en,1,0,605,289,894,0,10,0,10,0,0,0,0,0,,
2023-11-09T14:07:54.173,fp_eeff13170a,1,54eed52b-ca08-11e7-a937-00505601122b,Programming I and II,,(title in AnonLang),python3,al,0,0,892,452,1344,0,5,0,0,5,0,0,0,0,,
2023-11-09T14:07:59.339,fp_eeff13170a,1,1b4dd6b9-a814-11e7-a937-00505601122b,Programming I and II,,Phonebook for Integers,python3,en,0,0,591,118,709,1,4,4,0,0,0,0,0,0,,
2023-11-09T14:08:19.090,fp_eeff13170a,1,422330d3-2c41-11ed-8d67-d30fcedff11b,Programming I and II,,(title in AnonLang),cxx-gcc-linux,al,0,0,931,276,1207,0,10,1,0,0,5,0,4,0,,
2023-11-09T14:08:25.278,fp_eeff13170a,1,b2d32aac-a88c-11e7-a937-00505601122b,Programming I and II,,Number of days,python3,en,0,0,635,253,888,1,10,10,0,0,0,0,0,0,,
2023-11-09T14:08:32.665,fp_eeff13170a,1,b6a2c6b1-d9d1-4314-9569-9f565160c5e7,Programming in C++,,Expression Evaluator,cxx-gcc-linux,en,0,0,667,472,1139,0,1,0,1,0,0,0,0,0,,
2023-11-09T14:08:40.121,fp_eeff13170a,1,c2e6735c-1ab4-11eb-8e81-005056ad4f31,Programming I and II,,Magic square,python3,en,0,0,780,308,1088,0,11,0,0,11,0,0,0,0,,
2023-11-09T14:08:55.181,fp_eeff13170a,1,0bcd1c1f-62f3-11ea-a595-00505601122b,Non-Procedural Programming,,Matrix multiplication,prolog,en,0,0,664,288,952,0,6,0,0,6,0,0,0,0,,
2023-11-09T14:09:03.564,fp_eeff13170a,1,44346588-1f11-44aa-8412-b770e6712e1d,Programming I and II,,(title in AnonLang),python3,al,0,0,785,453,1238,1,3,3,0,0,0,0,0,0,,
2023-11-09T14:09:09.753,fp_eeff13170a,1,86084f83-915a-11ea-befc-00505601122b,Programming I and II,,One against one hundred,cs-dotnet-core,en,0,0,684,220,904,0.2,5,1,0,0,4,0,0,0,,
2023-11-09T14:19:15.437,fp_eeff13170a,1,b60f5865-f366-11e9-9ce9-00505601122b,Programming I and II,,(title in AnonLang),python3,al,0,0,850,113,963,1,5,5,0,0,0,0,0,0,,
2023-11-09T14:19:25.043,fp_eeff13170a,1,83c38482-89e4-11eb-a1a9-005056ad4f31,Programming I and II,,Fractional arithmetic,cs-dotnet-core,en,0,0,729,679,1408,0,8,0,8,0,0,0,0,0,,
2023-11-09T14:19:32.741,fp_eeff13170a,1,bc925e56-7b7e-11eb-a1a9-005056ad4f31,Non-Procedural Programming,,Binary addition,prolog,en,0,0,716,233,949,0.38,8,3,0,0,5,0,0,0,,
2023-11-09T14:19:42.739,fp_eeff13170a,1,5bb189d2-8a5a-11ea-befc-00505601122b,Programming I and II,,P2M: Bipartite graph,python3,en,0,0,629,241,870,0.2,10,2,0,2,5,1,0,0,,
2023-11-09T14:19:50.465,fp_eeff13170a,1,dea5515d-a88b-11e7-a937-00505601122b,Programming I and II,,(title in AnonLang),cs-dotnet-core,al,0,0,957,233,1190,0,6,0,0,0,6,0,0,0,,
2023-11-09T14:19:51.059,fp_eeff13170a,1,045919bc-a51c-11ec-986f-f39926f24a9c,Parallel Programming,,Levenshtein's edit distance (OpenMP),cxx-gcc-linux,en,0,0,598,16,614,0,1,0,0,0,0,0,0,1,no filename provided,
2023-11-09T14:19:55.608,fp_eeff13170a,1,695d4536-4624-11ea-9c53-00505601122b,Programming I and II,,(title in AnonLang),python3,al,0,0,867,164,1031,0.5,10,5,0,0,5,0,0,0,,
2023-11-09T14:20:02.220,fp_eeff13170a,1,4d1a85a7-595c-11ec-986f-f39926f24a9c,Programming I and II,,Longest common substring,python3,en,0,0,766,244,1010,0,3,0,0,3,0,0,0,0,,
2023-11-09T14:20:07.011,fp_eeff13170a,1,6604135e-cb29-11ec-8da3-d412db16db0b,Programming I and II,,Garden,python3,en,0,0,679,195,874,0.2,5,1,0,0,4,0,0,0,,
2023-11-09T14:20:11.514,fp_eeff13170a,1,f42afd22-ba88-11ec-8d84-d310d4f96200,Programming I and II,,Grow a Tree,python3,en,0,0,651,170,821,1,5,5,0,0,0,0,0,0,,
2023-11-09T14:20:30.636,fp_eeff13170a,1,1970aed1-7f42-11ea-a595-00505601122b,Programming I and II,,(title in AnonLang),python3,al,0,0,889,322,1211,0,10,0,0,0,6,4,0,0,,
2023-11-09T14:20:35.076,fp_eeff13170a,1,0f2a9635-92ff-11eb-a1a9-005056ad4f31,Programming I and II,,Two digits,cs-dotnet-core,en,0,0,693,113,806,0,11,0,0,11,0,0,0,0,,
2023-11-09T14:20:41.177,fp_eeff13170a,1,7c914b1c-959a-11ec-986f-f39926f24a9c,Non-Procedural Programming,,Vectors,prolog,en,0,0,872,225,1097,0.08,13,1,0,7,5,0,0,0,,
2023-11-09T14:20:48.338,fp_eeff13170a,1,d0d85dfd-ab98-11ec-8d84-d310d4f96200,Non-Procedural Programming,,Integers,haskell,en,0,0,756,251,1007,0,19,0,19,0,0,0,0,0,,
2023-11-09T14:20:59.498,fp_eeff13170a,1,d020ef26-70bd-11e9-b0fd-00505601122b,Programming in Python,,PY MAZE,python3,en,2,2,734,432,1166,0,5,0,0,1,4,0,0,0,,
2023-11-09T14:21:10.764,fp_eeff13170a,1,3ed0431c-62f1-11ea-a595-00505601122b,Non-Procedural Programming,,Dates with years,prolog,en,0,0,725,564,1289,0,10,0,0,7,3,0,0,0,,
2023-11-09T14:21:19.266,fp_eeff13170a,1,b26fb39c-52b5-11ec-986f-f39926f24a9c,Algoritmizace,,"Tree set, extended",python3,en,0,0,781,385,1166,0,3,0,0,3,0,0,0,0,,
2023-11-09T14:21:23.586,fp_eeff13170a,1,7955e261-09b1-11ea-9ce9-00505601122b,Programming I and II,,(title in AnonLang),python3,al,0,0,932,155,1087,0,5,0,0,0,5,0,0,0,,
2023-11-09T14:21:28.057,fp_eeff13170a,1,a04214ef-a4a7-11ec-986f-f39926f24a9c,Programming I and II,,An Actual Queue,python3,en,0,0,682,96,778,0,5,0,0,0,5,0,0,0,,
2023-11-09T14:21:34.870,fp_eeff13170a,1,cfee4ccb-502f-11eb-a1a9-005056ad4f31,Programming I and II,Algoritmizace,Path of a rook,python3,en,0,0,709,321,1030,1,12,12,0,0,0,0,0,0,,
2023-11-09T14:21:39.735,fp_eeff13170a,1,df4da275-f027-11e9-9ce9-00505601122b,Programming I and II,,Caesar cipher,python3,en,0,0,662,116,778,0.2,5,1,0,0,4,0,0,0,,
2023-11-09T14:22:09.023,fp_eeff13170a,1,d22efabf-5c10-11ea-a595-00505601122b,Programming I and II,,(title in AnonLang),python3,al,0,0,1017,496,1513,0.67,15,10,0,0,0,5,0,0,,
2023-11-09T14:22:13.446,fp_eeff13170a,1,815b9eeb-a7ab-11e7-a937-00505601122b,C# Language and .NET Framework,,Word Counting,cs-dotnet-core,en,1,1,660,107,767,0.92,12,11,0,0,0,0,1,0,,
2023-11-09T14:22:19.765,fp_eeff13170a,1,ec16a616-9112-11ea-befc-00505601122b,Non-Procedural Programming,,Post's correspondence problem,haskell,en,0,0,726,266,992,0,5,0,5,0,0,0,0,0,,
2023-11-09T14:22:26.253,fp_eeff13170a,1,c3555e94-e92d-49f3-88dd-c442eaf3d0d0,Programming I and II,,(title in AnonLang),cs-dotnet-core,al,0,0,980,310,1290,0,3,0,0,0,3,0,0,0,,
2023-11-09T14:22:31.883,fp_eeff13170a,1,ca380800-a88b-11e7-a937-00505601122b,Programming I and II,,(title in AnonLang),python3,al,0,0,974,262,1236,0,7,0,0,7,0,0,0,0,,
2023-11-09T14:22:38.883,fp_eeff13170a,1,ec7783c9-31ce-11ec-986f-f39926f24a9c,Algoritmizace,,(title in AnonLang),python3,al,1,1,976,309,1285,0.5,14,7,0,0,7,0,0,0,,
2023-11-09T14:22:44.207,fp_eeff13170a,1,8f99ccae-78a9-11ea-a595-00505601122b,Non-Procedural Programming,,Relations,haskell,en,0,0,799,266,1065,0,10,0,10,0,0,0,0,0,,
2023-11-09T14:22:47.895,fp_eeff13170a,1,f3368cef-9a8d-11ec-986f-f39926f24a9c,Programming I and II,,Fibonacci algorithm for fraction decomposition,python3,en,0,0,836,93,929,0,4,0,0,2,2,0,0,0,,
2023-11-09T14:22:55.026,fp_eeff13170a,1,030ffc52-e588-11e7-9ef6-00505601122b,Programming I and II,,Student's schedule,cxx-gcc-linux,en,0,0,733,256,989,0,5,0,0,0,5,0,0,0,,
2023-11-09T14:23:02.116,fp_eeff13170a,1,30491b17-376b-11ec-986f-f39926f24a9c,Java,,POST-CALC,java,en,2,2,681,410,1091,0.75,4,3,0,0,1,0,0,0,,
2023-11-09T14:23:10.075,fp_eeff13170a,1,ecf41dea-c54d-11eb-a1a9-005056ad4f31,Non-Procedural Programming,,Largest square submatrix,haskell,en,0,0,755,477,1232,0,8,0,8,0,0,0,0,0,,
2023-11-09T14:23:14.664,fp_eeff13170a,1,44c3ae04-380c-11ec-986f-f39926f24a9c,Programming I and II,,Radix sort,python3,en,0,0,684,130,814,0.2,10,2,0,0,8,0,0,0,,
2023-11-09T14:23:35.125,fp_eeff13170a,1,7359f204-9b13-11ec-986f-f39926f24a9c,Non-Procedural Programming,,Clique,prolog,en,1,0,741,257,998,0,8,0,0,0,4,4,0,0,,
2023-11-09T14:23:39.129,fp_eeff13170a,1,2a4cdd91-0ef1-11eb-98c0-005056ad4f31,Programming I and II,,(title in AnonLang),python3,al,0,0,709,105,814,1,4,4,0,0,0,0,0,0,,
2023-11-09T14:23:53.495,fp_eeff13170a,1,c7eeb228-4583-11ec-986f-f39926f24a9c,Programming I and II,,(title in AnonLang),python3,al,0,0,978,1011,1989,0,9,0,0,9,0,0,0,0,,
2023-11-09T14:24:02.268,fp_eeff13170a,1,2a53e267-3e6e-11eb-a1a9-005056ad4f31,Programming I and II,,(title in AnonLang),python3,al,0,0,962,269,1231,0.4,10,4,0,0,3,3,0,0,,
2023-11-09T14:24:08.471,fp_eeff13170a,1,1fa83b4a-2458-11eb-8e81-005056ad4f31,Programming I and II,,(title in AnonLang),python3,al,0,0,1064,166,1230,0,3,0,0,3,0,0,0,0,,
2023-11-09T14:24:22.601,fp_eeff13170a,1,16796159-0fab-11eb-98c0-005056ad4f31,Programming I and II,Algoritmizace,Converting between bases,python3,en,0,0,753,171,924,0.22,9,2,0,7,0,0,0,0,,
2023-11-09T14:24:29.622,fp_eeff13170a,1,57cf87f5-0fa6-11ea-9ce9-00505601122b,Programming I and II,,(title in AnonLang),python3,al,0,0,796,355,1151,1,6,6,0,0,0,0,0,0,,
2023-11-09T14:24:35.682,fp_eeff13170a,1,4d99ef6b-8f59-11ec-986f-f39926f24a9c,Non-Procedural Programming,,(title in AnonLang),prolog,al,0,0,935,237,1172,0.25,4,1,0,0,3,0,0,0,,
2023-11-09T14:24:40.533,fp_eeff13170a,1,8358bdb7-e22e-4b03-b550-8c65ce50eea5,Programming I and II,,(title in AnonLang),python3,al,0,0,944,207,1151,0.5,4,2,0,0,2,0,0,0,,
2023-11-09T14:24:48.657,fp_eeff13170a,1,8fcf7db0-427a-11ec-986f-f39926f24a9c,Programming in C++,,Simple people database,cxx-gcc-linux,en,0,0,834,391,1225,1,8,8,0,0,0,0,0,0,,
2023-11-09T14:24:52.205,fp_eeff13170a,1,efbf504e-1ad3-11eb-8e81-005056ad4f31,Programming I and II,,Copying by sentences,python3,en,0,0,680,68,748,0,5,0,0,0,5,0,0,0,,
2023-11-09T14:25:06.904,fp_eeff13170a,1,d922be97-18e4-11eb-8e81-005056ad4f31,Algoritmizace,,Goldbach sums,python3,en,0,0,875,205,1080,0,10,0,0,0,5,5,0,0,,
2023-11-09T14:25:12.277,fp_eeff13170a,1,1cbd52ae-7b88-11eb-a1a9-005056ad4f31,Non-Procedural Programming,,Family tree,prolog,en,0,0,717,232,949,0.83,12,10,0,0,2,0,0,0,,
2023-11-09T14:25:15.900,fp_eeff13170a,1,3b9cc7cc-4fe3-11ec-986f-f39926f24a9c,Programming I and II,,Average word length,python3,en,0,0,701,81,782,0.25,4,1,0,0,3,0,0,0,,
2023-11-09T14:25:24.008,fp_eeff13170a,1,a134a740-457a-480a-b322-8b9cb9377328,Programming I and II,,Position of elements in merged sequence,python3,en,0,0,1023,88,1111,0.8,5,4,0,0,0,1,0,0,,
2023-11-09T14:25:30.976,fp_eeff13170a,1,cb00260e-b284-11eb-a1a9-005056ad4f31,Non-Procedural Programming,,Hangman,haskell,en,0,0,688,316,1004,0,3,0,3,0,0,0,0,0,,
2023-11-09T14:25:36.010,fp_eeff13170a,1,9d25dd86-69b6-11ea-a595-00505601122b,Programming I and II,,Most frequent words by length,python3,en,0,0,683,160,843,0,5,0,0,0,5,0,0,0,,
2023-11-09T14:25:40.904,fp_eeff13170a,1,69bb9d97-205d-11ec-986f-f39926f24a9c,Algoritmizace,,(title in AnonLang),python3,al,1,1,1050,170,1220,0,8,0,0,8,0,0,0,0,,
2023-11-09T14:25:47.840,fp_eeff13170a,1,78b5b028-5955-11ea-a595-00505601122b,Java,,ANNOTATIONS,java,en,3,3,749,400,1149,0.38,8,3,0,0,5,0,0,0,,
2023-11-09T14:25:55.942,fp_eeff13170a,1,f117c070-94ef-11ec-986f-f39926f24a9c,Java,,DIR-SERVICELOADER,java,en,4,1,660,490,1150,1,3,3,0,0,0,0,0,0,,
2023-11-09T14:26:00.210,fp_eeff13170a,1,677e0505-57f0-11ea-a595-00505601122b,Non-Procedural Programming,,Subsequences,prolog,en,0,0,854,126,980,0.5,10,5,0,0,4,0,1,0,,
2023-11-09T14:26:04.077,fp_eeff13170a,1,42f04cc6-bff5-11ec-8da3-d412db16db0b,Programming I and II,,Family Tree,python3,en,0,0,733,133,866,0,5,0,0,5,0,0,0,0,,
2023-11-09T14:26:11.144,fp_eeff13170a,1,a4fbdd3f-34a0-11ec-986f-f39926f24a9c,Programming I and II,,(title in AnonLang),python3,al,0,0,1055,286,1341,0,10,0,0,10,0,0,0,0,,
2023-11-09T14:26:22.955,fp_eeff13170a,1,070c19cd-bbff-11ec-8da3-d412db16db0b,Non-Procedural Programming,,Infinite combinations,haskell,en,0,0,917,131,1048,0.47,15,7,0,0,0,0,8,0,,
2023-11-09T14:26:28.849,fp_eeff13170a,1,ce97d2ba-45f0-11ec-986f-f39926f24a9c,Algoritmizace,,Coffee machine queue,python3,en,0,0,669,129,798,0.05,10,1,0,0,9,0,0,0,,
2023-11-09T14:26:35.704,fp_eeff13170a,1,93b71ca2-245b-11eb-8e81-005056ad4f31,Programming I and II,,(title in AnonLang),python3,al,0,0,1153,312,1465,0,3,0,0,3,0,0,0,0,,
2023-11-09T14:26:37.368,fp_eeff13170a,1,72df90c5-8acb-11ea-befc-00505601122b,Programming I and II,,Dominoes,python3,en,1,0,724,61,785,0,1,0,0,0,0,0,0,1,no filename provided,
2023-11-09T14:26:41.900,fp_eeff13170a,1,c107aa96-f8d7-48e5-b331-628f902dc9f7,Non-Procedural Programming,,(title in AnonLang),prolog,al,0,0,1013,124,1137,0.29,7,2,0,0,5,0,0,0,,
2023-11-09T14:36:54.665,fp_eeff13170a,1,9751d2f7-8e3f-11eb-a1a9-005056ad4f31,Computer Systems,,03 - Arduino Buttons,arduino-gcc,en,2,2,1184,395,1579,0,3,0,3,0,0,0,0,0,,
2023-11-09T14:36:58.498,fp_eeff13170a,1,83a4954c-579d-11ec-986f-f39926f24a9c,Programming I and II,,(title in AnonLang),python3,al,0,0,1085,103,1188,0.33,3,1,0,0,2,0,0,0,,
2023-11-09T14:37:05.160,fp_eeff13170a,1,bef207d3-5639-42ad-9f7d-fd80f0b18aa9,Non-Procedural Programming,,(title in AnonLang),prolog,al,0,0,1121,185,1306,0.1,10,1,0,0,0,0,9,0,,
2023-11-09T14:37:11.427,fp_eeff13170a,1,c8cb7a3a-7576-11eb-a1a9-005056ad4f31,Computer Systems,,01 - Celmomether,cxx-gcc-linux,en,2,2,886,224,1110,0,1,0,0,0,0,0,0,1,Exercise submission error - File 'temps.h' is already defined by author of the exercise,
2023-11-09T14:37:16.641,fp_eeff13170a,1,7999837a-0044-4dcc-845b-a74fc371e368,Programming I and II,,(title in AnonLang),python3,al,0,0,1065,220,1285,0.75,8,6,0,0,2,0,0,0,,
2023-11-09T14:37:26.697,fp_eeff13170a,1,aaa7155c-737c-4f22-a87a-621c89757e27,Programming in C++,,CSV file reader,cxx-gcc-linux,en,0,0,739,536,1275,0.25,7,3,0,0,4,0,0,0,,
2023-11-09T14:37:31.359,fp_eeff13170a,1,fd7595f4-a88f-11e7-a937-00505601122b,Programming I and II,,(title in AnonLang),python3,al,1,0,1057,192,1249,0,5,0,0,5,0,0,0,0,,
2023-11-09T14:37:37.019,fp_eeff13170a,1,105725b0-756e-4374-8171-a82c8d56e227,Non-Procedural Programming,,(title in AnonLang),prolog,al,0,0,1095,146,1241,0.33,6,2,0,0,4,0,0,0,,
2023-11-09T14:37:45.403,fp_eeff13170a,1,569d7c1b-7411-11ea-a595-00505601122b,Programming I and II,,Conditions,cs-dotnet-core,en,0,0,894,510,1404,1,4,4,0,0,0,0,0,0,,
2023-11-09T14:37:53.718,fp_eeff13170a,1,aed750c6-78b1-11ea-a595-00505601122b,Non-Procedural Programming,,Poker hands,haskell,en,0,0,1071,77,1148,0.8,10,8,0,0,2,0,0,0,,
2023-11-09T14:38:06.156,fp_eeff13170a,1,95ed2f45-2ea3-11eb-8e81-005056ad4f31,Programming I and II,,Packing boxes,cxx-gcc-linux,en,0,0,861,411,1272,0,9,0,0,0,9,0,0,0,,
2023-11-09T14:38:13.116,fp_eeff13170a,1,f22cf424-208c-11e9-b0fd-00505601122b,Programming in C++,,Remove superfluous parentheses,cxx-gcc-linux,en,0,0,919,343,1262,0,4,0,4,0,0,0,0,0,,
2023-11-09T14:38:19.348,fp_eeff13170a,1,06bdcce2-503a-11ec-986f-f39926f24a9c,Algoritmizace,,(title in AnonLang),python3,al,1,1,1082,260,1342,0,3,0,0,0,3,0,0,0,,
2023-11-09T14:38:45.894,fp_eeff13170a,1,6cada2ad-9c81-11eb-a1a9-005056ad4f31,Non-Procedural Programming,,(title in AnonLang),haskell,al,0,0,1177,83,1260,0,6,0,0,0,0,6,0,0,,
2023-11-09T14:38:51.585,fp_eeff13170a,1,4bc5c00c-38c1-11ec-986f-f39926f24a9c,Programming I and II,,Find the longest continuous increasing subsequence,python3,en,0,0,912,119,1031,1,4,4,0,0,0,0,0,0,,
2023-11-09T14:39:01.096,fp_eeff13170a,1,959ada66-69a4-11ea-a595-00505601122b,Programming I and II,,Strongly connected components,cs-dotnet-core,en,0,0,912,555,1467,1,6,6,0,0,0,0,0,0,,
2023-11-09T14:39:06.908,fp_eeff13170a,1,0d2f4f6f-7cfa-11eb-a1a9-005056ad4f31,Programming I and II,,Number wheel,cs-dotnet-core,en,1,0,836,151,987,0.4,10,4,0,0,6,0,0,0,,
2023-11-09T14:39:14.799,fp_eeff13170a,1,075f24de-a88d-11e7-a937-00505601122b,Programming I and II,,(title in AnonLang),cs-dotnet-core,al,0,0,1250,245,1495,0,5,0,0,0,5,0,0,0,,
2023-11-09T14:39:21.565,fp_eeff13170a,1,85564133-f491-11e8-b0fd-00505601122b,Programming in C++,,(title in AnonLang),cxx-gcc-linux,al,4,4,1488,455,1943,0,1,0,0,0,0,0,0,1,Exercise submission error - File 'main.cpp' is already defined by author of the exercise,
2023-11-09T14:39:27.932,fp_eeff13170a,1,37e4591f-d9b8-11ec-8da3-d412db16db0b,Programming I and II,,(title in AnonLang),cs-dotnet-core,al,0,0,1247,167,1414,0,8,0,0,8,0,0,0,0,,
2023-11-09T14:39:34.704,fp_eeff13170a,1,9d0d51e5-e118-11e8-a4be-00505601122b,Programming I and II,Algoritmizace,Number of occurrences in an ordered array,python3,en,0,0,887,303,1190,0.7,10,7,0,0,3,0,0,0,,
2023-11-09T14:49:49.785,fp_eeff13170a,1,87d19e6c-3331-4496-9918-459cd4169930,Programming in C++,,Directed Graph Distances,cxx-gcc-linux,en,1,0,989,643,1632,0,4,0,0,0,4,0,0,0,,
2023-11-09T14:49:53.917,fp_eeff13170a,1,1eaea366-5079-11ec-986f-f39926f24a9c,Programming I and II,,(title in AnonLang),python3,al,0,0,1135,140,1275,0.4,5,2,0,0,3,0,0,0,,
2023-11-09T14:49:57.656,fp_eeff13170a,1,33adc61e-1532-11eb-8e81-005056ad4f31,Programming I and II,,Inverse permutation,python3,en,0,0,928,69,997,1,9,9,0,0,0,0,0,0,,
2023-11-09T14:50:06.784,fp_eeff13170a,1,1e5cc3df-a50e-45a7-be7e-357753e644e1,Non-Procedural Programming,,(title in AnonLang),prolog,al,0,0,1146,615,1761,0,7,0,0,7,0,0,0,0,,
2023-11-09T14:50:12.264,fp_eeff13170a,1,25c90f2a-e50a-11e7-9ef6-00505601122b,Programming I and II,,Meeting place,cxx-gcc-linux,en,1,0,849,131,980,0,9,0,0,0,9,0,0,0,,
2023-11-09T14:50:15.937,fp_eeff13170a,1,4ee8695d-867f-11eb-a1a9-005056ad4f31,Non-Procedural Programming,,Broken rods,prolog,en,0,0,812,75,887,0.29,7,2,0,0,5,0,0,0,,
2023-11-09T14:50:21.460,fp_eeff13170a,1,afae513d-1a3c-4b2a-b5f4-661bedb19bfc,Non-Procedural Programming,,(title in AnonLang),prolog,al,0,0,1089,237,1326,0,7,0,0,7,0,0,0,0,,
2023-11-09T14:50:30.292,fp_eeff13170a,1,105b720d-245e-11eb-8e81-005056ad4f31,Programming I and II,,(title in AnonLang),python3,al,0,0,1283,278,1561,0,3,0,0,0,3,0,0,0,,
2023-11-09T14:50:39.999,fp_eeff13170a,1,5974de72-aba3-11e7-a937-00505601122b,Java,,JUSTIFY,java,en,2,2,972,662,1634,0.17,6,1,0,0,5,0,0,0,,
2023-11-09T15:02:12.493,fp_eeff13170a,1,de8737bd-b803-11eb-a1a9-005056ad4f31,Non-Procedural Programming,,(title in AnonLang),haskell,al,1,0,1121,431,1552,0,5,0,5,0,0,0,0,0,,
2023-11-09T15:02:21.204,fp_eeff13170a,1,36fa1f86-60ef-11e9-b0fd-00505601122b,Programming I and II,,Dragon's den,cs-dotnet-core,en,0,0,990,393,1383,0,5,0,5,0,0,0,0,0,,
2023-11-09T15:02:26.352,fp_eeff13170a,1,d9d1ad8a-6ce2-11e9-b0fd-00505601122b,Non-Procedural Programming,,All balanced binary trees,haskell,en,0,0,954,85,1039,0,4,0,0,0,4,0,0,0,,
2023-11-09T15:02:44.659,fp_eeff13170a,1,e1006a22-b9cd-11e7-a937-00505601122b,Programming I and II,,(title in AnonLang),cxx-gcc-linux,al,0,0,1261,198,1459,0.5,10,5,0,0,0,5,0,0,,
2023-11-09T15:02:49.430,fp_eeff13170a,1,6ef8ba2a-a04a-11e9-b0fd-00505601122b,Programming I and II,,Largest connected area,cs-dotnet-core,en,0,0,862,102,964,0,8,0,8,0,0,0,0,0,,
2023-11-10T07:28:06.722,fp_eeff13170a,1,c0eaaab6-958b-11ec-986f-f39926f24a9c,Non-Procedural Programming,,"Lists, lists, lists",prolog,en,0,0,1165,451,1616,0.87,23,20,0,2,0,0,1,0,,
2023-11-10T07:28:16.112,fp_eeff13170a,1,addc7884-b123-11ec-8d84-d310d4f96200,Non-Procedural Programming,,(title in AnonLang),prolog,al,0,0,1193,129,1322,0,7,0,0,0,0,2,5,0,,
2023-11-10T07:28:17.849,fp_eeff13170a,1,3cab6a5a-af7e-11ec-8d84-d310d4f96200,Programming I and II,,Chromatic number,cs-dotnet-core,en,0,0,984,84,1068,0,1,0,0,0,0,0,0,1,no filename provided,
2023-11-10T07:28:23.110,fp_eeff13170a,1,13e636e3-08ba-11eb-98c0-005056ad4f31,Algoritmizace,,Primes in a range,python3,en,0,0,918,210,1128,1,10,10,0,0,0,0,0,0,,
2023-11-10T07:28:28.624,fp_eeff13170a,1,cdfe2dad-54f6-4d9a-a54f-d76cacf1721a,Programming I and II,,(title in AnonLang),python3,al,0,0,1185,234,1419,0.3,10,3,0,0,7,0,0,0,,
2023-11-10T07:28:40.810,fp_eeff13170a,1,6b3dbca1-c188-11ec-8da3-d412db16db0b,Non-Procedural Programming,,"Polynomials, redux",haskell,en,0,0,1069,639,1708,0,15,0,15,0,0,0,0,0,,
2023-11-10T07:29:14.601,fp_eeff13170a,1,af04bec0-10fe-47db-9a4e-b72880b09462,Programming I and II,,(title in AnonLang),python3,al,1,1,1820,635,2455,0.4,10,4,0,0,0,6,0,0,,
2023-11-10T07:29:15.130,fp_eeff13170a,1,18c4a30f-325c-11ec-986f-f39926f24a9c,Programming I and II,,(title in AnonLang),python3,al,0,0,1179,10,1189,0,1,0,0,0,0,0,0,1,no filename provided,
2023-11-10T07:29:21.783,fp_eeff13170a,1,602b4cb4-57f2-4cb4-8abe-5af19aac39c1,Non-Procedural Programming,,"Lists, lists, lists...",prolog,en,0,0,1044,327,1371,0,23,0,23,0,0,0,0,0,,
2023-11-10T07:29:27.651,fp_eeff13170a,1,bff31cb4-b9cd-11e7-a937-00505601122b,Programming I and II,,(title in AnonLang),cxx-gcc-linux,al,0,0,1242,193,1435,0,8,0,8,0,0,0,0,0,,
2023-11-10T07:29:36.448,fp_eeff13170a,1,b5b79b78-f8b0-4010-994f-8f47fc9a4479,Programming in C++,,(title in AnonLang),cxx-gcc-linux,al,0,0,1245,517,1762,0,1,0,0,0,1,0,0,0,,
2023-11-10T07:29:40.840,fp_eeff13170a,1,82e0c6e3-8005-407c-8680-15db949332e6,Non-Procedural Programming,,Pisemka,haskell,en,0,0,890,172,1062,0,5,0,5,0,0,0,0,0,,
2023-11-10T07:29:46.545,fp_eeff13170a,1,1defc0fa-a88d-11e7-a937-00505601122b,Programming I and II,,(title in AnonLang),cs-dotnet-core,al,0,0,1189,264,1453,0,6,0,0,3,3,0,0,0,,
2023-11-10T07:29:51.669,fp_eeff13170a,1,0102902c-aba6-11e7-a937-00505601122b,C# Language and .NET Framework,,Expression Evaluation,cs-dotnet-core,en,0,0,851,260,1111,0,10,0,0,10,0,0,0,0,,
2023-11-10T07:29:57.845,fp_eeff13170a,1,878e1e11-0080-11ea-9ce9-00505601122b,Programming I and II,,Sailor on a raft,python3,en,0,0,1064,350,1414,0,6,0,0,0,6,0,0,0,,
2023-11-10T07:30:07.874,fp_eeff13170a,1,c57f6e29-95f0-11eb-a1a9-005056ad4f31,Computer Systems,,04 - Arduino 7seg Display,arduino-gcc,en,1,1,1166,477,1643,0,2,0,2,0,0,0,0,0,,
2023-11-10T07:30:13.230,fp_eeff13170a,1,3f320165-9c74-11eb-a1a9-005056ad4f31,Non-Procedural Programming,,(title in AnonLang),haskell,al,0,0,1185,232,1417,0,5,0,5,0,0,0,0,0,,
2023-11-10T07:30:20.732,fp_eeff13170a,1,e7ed6800-531e-11ea-a595-00505601122b,Programming I and II,,Satellite-mapping mountain peaks,cs-dotnet-core,en,0,0,1050,185,1235,0.09,11,1,0,0,10,0,0,0,,
2023-11-10T07:30:32.703,fp_eeff13170a,1,d61fdb32-c7ba-11ec-8da3-d412db16db0b,Non-Procedural Programming,,(title in AnonLang),haskell,al,0,0,1398,517,1915,0,15,0,15,0,0,0,0,0,,
2023-11-10T07:30:38.513,fp_eeff13170a,1,14ed7b78-8c0a-11eb-a1a9-005056ad4f31,Non-Procedural Programming,,Polynomials,prolog,en,0,0,1018,265,1283,0.11,9,1,0,5,3,0,0,0,,
2023-11-10T07:30:50.672,fp_eeff13170a,1,3f21abe7-4e37-11ec-986f-f39926f24a9c,Java,,FIND,java,en,1,1,892,830,1722,0,6,0,0,3,3,0,0,0,,
2023-11-10T07:31:00.120,fp_eeff13170a,1,8453a552-dde8-11e8-a4be-00505601122b,Programming in C++,,(title in AnonLang),cxx-gcc-linux,al,0,0,1323,467,1790,0,4,0,0,0,4,0,0,0,,
2023-11-10T07:31:08.571,fp_eeff13170a,1,889fedce-2b56-11eb-8e81-005056ad4f31,Programming I and II,,Matrix class,python3,en,0,0,1119,429,1548,0,9,0,0,9,0,0,0,0,,
2023-11-10T07:31:13.819,fp_eeff13170a,1,3735bf80-0087-11ea-9ce9-00505601122b,Programming I and II,,Tile on a chessboard,python3,en,0,0,1205,121,1326,0.12,7,1,0,2,4,0,0,0,,
2023-11-10T07:31:25.958,fp_eeff13170a,1,1cb742b0-7bd6-49cf-b4ea-70acd81bca04,Programming in C++,,String Expressions Evaluator,cxx-gcc-linux,en,0,0,842,808,1650,0,5,0,5,0,0,0,0,0,,
2023-11-10T07:31:34.872,fp_eeff13170a,1,b751096d-a946-4968-9a16-fccec25c3a12,Programming I and II,,(title in AnonLang),python3,al,0,0,1301,481,1782,0.3,10,3,0,0,7,0,0,0,,
2023-11-10T07:31:40.252,fp_eeff13170a,1,4bd8785f-79c4-11ea-a595-00505601122b,Programming I and II,,(title in AnonLang),python3,al,0,0,1310,206,1516,0,10,0,0,0,10,0,0,0,,
2023-11-10T07:31:46.930,fp_eeff13170a,1,e2710409-4f1f-11ec-986f-f39926f24a9c,Programming I and II,,(title in AnonLang),python3,al,0,0,1411,194,1605,1,3,3,0,0,0,0,0,0,,
2023-11-10T07:31:56.589,fp_eeff13170a,1,e5ea3608-9f05-11ec-986f-f39926f24a9c,Programming I and II,,Rectangle class,cs-dotnet-core,en,0,0,972,514,1486,0,7,0,7,0,0,0,0,0,,
2023-11-10T07:32:11.906,fp_eeff13170a,1,4c4fadf5-7ee7-11ec-986f-f39926f24a9c,Programming in C++,,Smart calculator,cxx-gcc-linux,en,0,0,989,955,1944,0.12,12,3,0,5,4,0,0,0,,
2023-11-10T07:32:19.669,fp_eeff13170a,1,b24fef50-5aa2-11ec-986f-f39926f24a9c,Programming I and II,,(title in AnonLang),python3,al,0,0,1139,213,1352,1,5,5,0,0,0,0,0,0,,
2023-11-10T07:32:26.002,fp_eeff13170a,1,ccab6041-a811-11e7-a937-00505601122b,Programming I and II,,Drunks and Darts,c-gcc-linux,en,0,0,851,306,1157,0.2,5,1,0,0,4,0,0,0,,
2023-11-10T07:32:38.673,fp_eeff13170a,1,d472667d-fa2d-11e8-b0fd-00505601122b,Programming in C++,,(title in AnonLang),cxx-gcc-linux,al,0,0,1326,749,2075,0,4,0,0,4,0,0,0,0,,
2023-11-10T07:32:45.837,fp_eeff13170a,1,b36d885b-8bfd-11eb-a1a9-005056ad4f31,Non-Procedural Programming,,Cryptogram,prolog,en,0,0,945,276,1221,0,5,0,0,5,0,0,0,0,,
2023-11-10T07:33:03.303,fp_eeff13170a,1,45f56386-5a07-46fe-a3a3-75c672a84f34,Programming I and II,,(title in AnonLang),cs-dotnet-core,al,0,0,1335,302,1637,0,8,0,0,0,8,0,0,0,,
2023-11-10T07:33:15.012,fp_eeff13170a,1,e46c2dc7-e617-11e8-a4be-00505601122b,Web Applications,,JS - Gallery Metadata,node-linux,en,3,3,1515,932,2447,0,1,0,0,0,0,0,0,1,no solution id,
2023-11-10T07:33:20.045,fp_eeff13170a,1,f9f51767-43a7-11eb-a1a9-005056ad4f31,Algoritmizace,,Bureaucratic apparatus,python3,en,0,0,952,183,1135,0.62,8,5,0,3,0,0,0,0,,
2023-11-10T07:33:32.396,fp_eeff13170a,1,fd0420ca-ef04-11e8-b0fd-00505601122b,Programming in C++,,(title in AnonLang),cxx-gcc-linux,al,2,2,1406,668,2074,0,3,0,0,0,3,0,0,0,,
2023-11-10T07:33:40.607,fp_eeff13170a,1,a81410b9-2e73-11eb-8e81-005056ad4f31,Programming I and II,,Supply centers,cxx-gcc-linux,en,2,0,945,466,1411,0,4,0,4,0,0,0,0,0,,
2023-11-10T07:33:49.379,fp_eeff13170a,1,05f56284-af86-11ec-8d84-d310d4f96200,Programming I and II,,Robot walk,cs-dotnet-core,en,0,0,993,493,1486,0.25,8,2,0,0,6,0,0,0,,
2023-11-10T07:33:54.568,fp_eeff13170a,1,53135ed2-0b88-11ea-9ce9-00505601122b,Programming I and II,Algoritmizace,Train on a bridge,python3,en,0,0,1126,201,1327,0.1,15,2,0,8,3,0,2,0,,
2023-11-10T07:33:58.115,fp_eeff13170a,1,93d77751-2460-11eb-8e81-005056ad4f31,Programming I and II,,(title in AnonLang),python3,al,0,0,1537,97,1634,0,3,0,0,0,3,0,0,0,,
2023-11-10T07:34:01.803,fp_eeff13170a,1,dccd88ad-e046-11e8-a4be-00505601122b,Web Applications,,JS - Rectangles,node-linux,en,9,7,1917,96,2013,0,6,0,0,0,6,0,0,0,,
2023-11-10T07:34:09.902,fp_eeff13170a,1,25b7a6e4-a0d0-11e9-b0fd-00505601122b,Programming I and II,,Quadrant compression,cxx-gcc-linux,en,0,0,1083,391,1474,0,4,0,0,0,4,0,0,0,,
2023-11-10T07:34:19.106,fp_eeff13170a,1,ef819de6-2f8a-11ec-986f-f39926f24a9c,Programming I and II,,(title in AnonLang),python3,al,0,0,1488,528,2016,0.91,11,10,0,0,1,0,0,0,,
2023-11-10T07:34:24.517,fp_eeff13170a,1,abcb7719-5679-11ec-986f-f39926f24a9c,Programming I and II,,(title in AnonLang),python3,al,0,0,1545,224,1769,0,3,0,0,3,0,0,0,0,,
2023-11-10T07:34:29.508,fp_eeff13170a,1,df3a8405-783e-11eb-a1a9-005056ad4f31,Programming I and II,,Diff,cxx-gcc-linux,en,0,0,1004,103,1107,0,4,0,0,0,4,0,0,0,,
2023-11-10T07:34:39.415,fp_eeff13170a,1,8a784468-45ed-11e9-b0fd-00505601122b,Web Applications,,PHP - CLI Arguments (Reflection),php-linux,en,3,3,3384,471,3855,0,6,0,0,6,0,0,0,0,,
2023-11-10T07:34:44.934,fp_eeff13170a,1,04f22585-2b49-11eb-8e81-005056ad4f31,Programming I and II,Algoritmizace,Merging sorted files,python3,en,0,0,1010,245,1255,0.64,9,6,0,0,3,0,0,0,,
2023-11-10T07:34:55.455,fp_eeff13170a,1,e26be6c7-495b-11ec-986f-f39926f24a9c,Programming I and II,,(title in AnonLang),python3,al,1,1,2564,541,3105,0,10,0,0,0,10,0,0,0,,
2023-11-10T07:34:55.844,fp_eeff13170a,1,7ff85d4f-ab36-11ea-a038-00505601122b,Programming I and II,,Lakes,python3,en,0,0,1252,6,1258,0,1,0,0,0,0,0,0,1,no filename provided,
2023-11-10T07:35:10.080,fp_eeff13170a,1,42e6d34b-a460-11ec-986f-f39926f24a9c,Parallel Programming,,K-means (TBB),cxx-gcc-linux,en,0,0,891,695,1586,0,3,0,3,0,0,0,0,0,,
2023-11-10T07:45:21.718,fp_eeff13170a,1,7b40b5f4-aba3-11e7-a937-00505601122b,Java,,CALC-VARS,java,en,2,2,1049,382,1431,0,4,0,4,0,0,0,0,0,,
2023-11-10T07:45:33.981,fp_eeff13170a,1,e3298dc8-5ee9-11ea-a595-00505601122b,Programming I and II,,Matrix expression,cs-dotnet-core,en,0,0,1143,760,1903,1,4,4,0,0,0,0,0,0,,
2023-11-10T07:45:40.489,fp_eeff13170a,1,ecbf8f93-b9cd-11e7-a937-00505601122b,Programming I and II,,Typesetting,cxx-gcc-linux,en,0,0,1116,313,1429,0,7,0,0,0,7,0,0,0,,
2023-11-10T07:45:47.564,fp_eeff13170a,1,c319cff7-0635-11ea-9ce9-00505601122b,Programming I and II,,Twenty most frequent words,python3,en,0,0,1186,166,1352,0,5,0,0,0,5,0,0,0,,
2023-11-10T07:45:55.783,fp_eeff13170a,1,6865eafc-1098-11eb-98c0-005056ad4f31,Programming I and II,,(title in AnonLang),python3,al,0,0,1416,347,1763,0,4,0,0,0,4,0,0,0,,
2023-11-10T07:46:20.198,fp_eeff13170a,1,35615060-50c1-11e9-b0fd-00505601122b,Web Applications,,ACL Security Model,php-linux,en,6,6,6352,1224,7576,0,2,0,0,2,0,0,0,0,,
2023-11-10T07:46:40.005,fp_eeff13170a,1,9db2256d-67c0-11eb-a1a9-005056ad4f31,Programming in C++,,XXP Interpreter,cxx-gcc-linux,en,4,3,1415,1357,2772,0,12,0,12,0,0,0,0,0,,
2023-11-10T07:46:48.645,fp_eeff13170a,1,5ab8c81c-916d-11eb-a1a9-005056ad4f31,Non-Procedural Programming,,Minesweeper in one dimension,prolog,en,2,0,1143,228,1371,0,10,0,0,10,0,0,0,0,,
2023-11-10T07:46:52.328,fp_eeff13170a,1,95aed953-e2e2-11e8-a4be-00505601122b,Web Applications,,JS - Rectangles (efficiently),node-linux,en,9,7,1982,96,2078,0,11,0,0,0,11,0,0,0,,
2023-11-10T07:56:58.424,fp_eeff13170a,1,77a4a9de-a7aa-11e7-a937-00505601122b,C# Language and .NET Framework,,Word Frequency,cs-dotnet-core,en,2,2,1054,181,1235,0.99,11,10,0,0,0,0,1,0,,
2023-11-10T08:07:16.772,fp_eeff13170a,1,ddaea72b-4fcb-11e9-b0fd-00505601122b,Programming I and II,,Binary search tree,cs-dotnet-core,en,0,0,1244,704,1948,0,5,0,0,5,0,0,0,0,,
2023-11-10T08:07:25.323,fp_eeff13170a,1,9543bc4a-2798-11eb-8e81-005056ad4f31,Web Applications,,PHP - Templator,php-linux,en,5,5,3070,336,3406,0,6,0,0,0,6,0,0,0,,
2023-11-10T08:07:35.988,fp_eeff13170a,1,5aa5236b-8d85-11eb-a1a9-005056ad4f31,Programming I and II,,Cycle in a graph,cs-dotnet-core,en,0,0,1264,503,1767,0.36,10,4,0,0,6,0,0,0,,
2023-11-10T08:07:48.752,fp_eeff13170a,1,f320f831-0625-11ea-9ce9-00505601122b,Programming I and II,,Fractions,python3,en,0,0,1234,619,1853,0,5,0,0,0,5,0,0,0,,
2023-11-10T08:07:55.749,fp_eeff13170a,1,7ae19573-5ee3-4df6-8e6d-0db00b08df64,Programming I and II,,(title in AnonLang),cs-dotnet-core,al,0,0,1346,220,1566,0,5,0,0,0,5,0,0,0,,
2023-11-10T08:18:13.146,fp_eeff13170a,1,05f667db-f0c2-11e8-b0fd-00505601122b,Java,,LIFE,java,en,2,2,1162,882,2044,0,6,0,0,6,0,0,0,0,,
2023-11-10T08:18:18.093,fp_eeff13170a,1,fcac6156-57b4-11ec-986f-f39926f24a9c,Programming I and II,,Equifrequent numbers,python3,en,0,0,1043,91,1134,0.5,4,2,0,0,2,0,0,0,,
2023-11-10T08:18:31.612,fp_eeff13170a,1,1c374b9a-f577-11e9-9ce9-00505601122b,Programming I and II,,Hot dogs,python3,en,0,0,1149,100,1249,0.43,7,3,0,0,4,0,0,0,,
2023-11-10T08:18:42.321,fp_eeff13170a,1,2c2c4736-13b7-4464-825d-d724a295917c,Non-Procedural Programming,,Monkey and bananas,prolog,en,0,0,1254,453,1707,0,8,0,0,8,0,0,0,0,,
2023-11-10T08:18:59.615,fp_eeff13170a,1,eb50e3aa-abf6-11eb-a1a9-005056ad4f31,Computer Systems,,06 - Arduino Running Message,arduino-gcc,en,3,3,2267,549,2816,0,1,0,0,0,1,0,0,0,,
2023-11-10T08:19:13.044,fp_eeff13170a,1,ef7d7fa5-6ebd-11ea-a595-00505601122b,Programming I and II,,Weighted paths,cs-dotnet-core,en,0,0,1396,521,1917,0,8,0,8,0,0,0,0,0,,
2023-11-10T08:19:44.806,fp_eeff13170a,1,f125ffce-5154-11e9-b0fd-00505601122b,Web Applications,,ACL Security Model (extension),php-linux,en,6,6,6427,1843,8270,0,1,0,0,0,0,0,0,1,no solution id,
2023-11-10T08:19:59.652,fp_eeff13170a,1,13b28da6-5be7-11e9-b0fd-00505601122b,Web Applications,,(title in AnonLang),node-linux,al,2,2,2511,508,3019,0,1,0,0,1,0,0,0,0,,
2023-11-10T08:27:36.070,fp_eeff13170a,1,95fcb0ef-73f9-11ec-986f-f39926f24a9c,Programming in C++,,Market Simulation,cxx-gcc-linux,en,2,2,1388,638,2026,0,10,0,10,0,0,0,0,0,,
2023-11-10T08:37:50.190,fp_eeff13170a,1,ac61442a-e68b-11e7-9ef6-00505601122b,Programming I and II,,Theseus and the Minotaur,cxx-gcc-linux,en,0,0,1206,844,2050,0,6,0,0,6,0,0,0,0,,
2023-11-10T08:38:03.766,fp_eeff13170a,1,b31df8ca-244a-11eb-8e81-005056ad4f31,Algoritmizace,,Linked lists,python3,en,0,0,1244,604,1848,0.89,9,8,0,1,0,0,0,0,,
2023-11-10T08:38:18.143,fp_eeff13170a,1,06da4636-6ea1-11ea-a595-00505601122b,Programming I and II,,Coffee room,cs-dotnet-core,en,0,0,1326,628,1954,0,7,0,0,0,7,0,0,0,,
2023-11-10T08:38:23.631,fp_eeff13170a,1,6e000712-678f-11e9-b0fd-00505601122b,Non-Procedural Programming,,Ranked-choice voting,haskell,en,0,0,1364,244,1608,0,5,0,0,0,5,0,0,0,,
2023-11-10T08:38:34.199,fp_eeff13170a,1,f3319c24-cba5-11ec-8da3-d412db16db0b,Programming in Python,,PY SPREADSHEET,python3,en,2,2,1235,587,1822,0,6,0,0,6,0,0,0,0,,
2023-11-10T08:38:40.318,fp_eeff13170a,1,208afe0f-1f5e-425e-9ebd-3fdcb5143b05,Programming I and II,,(title in AnonLang),python3,al,3,3,1883,293,2176,0,1,0,0,0,0,0,0,1,no solution id,
2023-11-10T08:38:51.446,fp_eeff13170a,1,7e3bd6f4-885b-11eb-a1a9-005056ad4f31,Programming I and II,,Hands of cards,cs-dotnet-core,en,0,0,1477,534,2011,0.62,13,8,0,0,5,0,0,0,,
2023-11-10T08:38:59.028,fp_eeff13170a,1,48e9f686-915b-11ea-befc-00505601122b,Programming I and II,,Alphabet,cs-dotnet-core,en,0,0,1279,212,1491,0.2,5,1,0,0,4,0,0,0,,
2023-11-10T08:39:23.547,fp_eeff13170a,1,8763dd86-9319-11ec-986f-f39926f24a9c,Programming I and II,,(title in AnonLang),cs-dotnet-core,al,17,17,8364,1092,9456,0.14,9,3,0,6,0,0,0,0,,
2023-11-10T08:39:39.128,fp_eeff13170a,1,6924c6d0-42dc-11ea-9c53-00505601122b,Programming in C++,,Macro-processor with parameters,cxx-gcc-linux,en,0,0,1174,788,1962,0.3,5,3,0,0,2,0,0,0,,
2023-11-10T08:43:03.850,fp_eeff13170a,1,689260aa-73c1-11e8-94db-00505601122b,Programming I and II,,Examination,cxx-gcc-linux,en,0,0,1243,30,1273,0,1,0,0,0,0,0,0,1,no filename provided,
2023-11-10T08:43:19.295,fp_eeff13170a,1,a0d750de-cbaa-11ec-8da3-d412db16db0b,Programming I and II,,(title in AnonLang),cs-dotnet-core,al,0,0,1920,249,2169,0,4,0,0,2,2,0,0,0,,
2023-11-10T08:43:31.642,fp_eeff13170a,1,8043239a-aba9-11e7-a937-00505601122b,C# Language and .NET Framework,,Huffman I,cs-dotnet-core,en,10,9,2897,538,3435,0.15,11,3,0,8,0,0,0,0,,
2023-11-10T08:43:40.026,fp_eeff13170a,1,4ea56a13-6d9e-11e9-b0fd-00505601122b,Programming I and II,,Two Beast in a Labyrinth,cs-dotnet-core,en,0,0,1423,365,1788,0,4,0,0,0,4,0,0,0,,
2023-11-10T08:43:40.780,fp_eeff13170a,1,539a85ae-9436-11ec-986f-f39926f24a9c,Parallel Programming,,Asynchronous DNS resolver (C# .NET Core Tasks),cs-dotnet-core,en,0,0,1151,11,1162,0,1,0,0,0,0,0,0,1,no filename provided,
2023-11-10T08:43:49.599,fp_eeff13170a,1,d197fa48-a80f-11e7-a937-00505601122b,Programming I and II,,(title in AnonLang),cs-dotnet-core,al,0,0,1685,420,2105,0,5,0,0,5,0,0,0,0,,
2023-11-10T08:44:05.238,fp_eeff13170a,1,5afeb7b9-8275-11ec-986f-f39926f24a9c,Programming in C++,,Natural join,cxx-gcc-linux,en,3,3,1397,728,2125,0,8,0,0,0,8,0,0,0,,
2023-11-10T08:47:57.454,fp_eeff13170a,1,11038fd3-ade9-11eb-a1a9-005056ad4f31,Web Applications,,JS - Immutable,node-linux,en,2,2,1757,701,2458,0,2,0,0,0,2,0,0,0,,
2023-11-10T08:56:41.891,fp_eeff13170a,1,347316f7-3fcd-11eb-a1a9-005056ad4f31,Programming I and II,Algoritmizace,Bipartite graph,cs-dotnet-core,en,0,0,1426,450,1876,1,8,8,0,0,0,0,0,0,,
2023-11-10T08:56:51.089,fp_eeff13170a,1,15634693-424e-11ec-986f-f39926f24a9c,Algoritmizace,,Visual quicksort,python3,en,0,0,1617,228,1845,0,6,0,0,6,0,0,0,0,,
2023-11-10T08:57:03.878,fp_eeff13170a,1,5374ab48-1c39-11ea-9ce9-00505601122b,Programming I and II,,(title in AnonLang),python3,al,0,0,1819,439,2258,0,7,0,0,7,0,0,0,0,,
2023-11-10T08:57:18.996,fp_eeff13170a,1,0998647d-aba6-11e7-a937-00505601122b,C# Language and .NET Framework,,Expression Evaluation II,cs-dotnet-core,en,10,10,1683,883,2566,0,12,0,12,0,0,0,0,0,,
2023-11-10T09:00:04.413,fp_eeff13170a,1,e5173500-c000-11ec-8da3-d412db16db0b,Programming I and II,,Heliskiing,cs-dotnet-core,en,1,0,1397,1229,2626,0,8,0,8,0,0,0,0,0,,
2023-11-10T09:00:10.130,fp_eeff13170a,1,0432b1a0-884e-11eb-a1a9-005056ad4f31,Programming I and II,,Dynamic array,cs-dotnet-core,en,0,0,1498,205,1703,0,9,0,9,0,0,0,0,0,,
2023-11-10T09:10:22.310,fp_eeff13170a,1,5131ab11-c52d-11ec-8da3-d412db16db0b,Advanced C++ Programming,,Virtual thread scheduler,cxx-gcc-linux,en,2,2,1956,415,2371,0,3,0,3,0,0,0,0,0,,
2023-11-10T09:10:38.707,fp_eeff13170a,1,9a9b8b15-99e6-11eb-a1a9-005056ad4f31,Computer Systems,,05 - Arduino Stopwatch,arduino-gcc,en,1,1,1506,678,2184,0,2,0,2,0,0,0,0,0,,
2023-11-10T09:10:40.143,fp_eeff13170a,1,8aa7a10e-a9d9-11ec-8d84-d310d4f96200,Programming I and II,,A Linked List,python3,en,1,1,1833,6,1839,0,1,0,0,0,0,0,0,1,no filename provided,
2023-11-10T09:22:01.743,fp_eeff13170a,1,82f8a733-1cdc-11ea-9ce9-00505601122b,Programming I and II,Algoritmizace,(title in AnonLang),python3,al,2,0,2019,76,2095,0,20,0,0,0,0,20,0,0,,
2023-11-10T09:22:17.062,fp_eeff13170a,1,0e8f2089-af9c-11ec-8d84-d310d4f96200,Programming I and II,,A Linked List Vol. 2,python3,en,1,1,1932,922,2854,1,3,3,0,0,0,0,0,0,,
2023-11-10T10:10:45.497,fp_eeff13170a,1,14882779-1d7c-11eb-8e81-005056ad4f31,Programming I and II,,(title in AnonLang),python3,al,1,1,2336,477,2813,1,5,5,0,0,0,0,0,0,,
2023-11-10T10:13:59.603,fp_eeff13170a,1,dc7eb1ab-fc09-11e8-b0fd-00505601122b,Web Applications,,PHP - Processing Structured Config,php-linux,en,4,4,2811,1722,4533,0,1,0,0,0,0,0,0,1,no solution id,
2023-11-10T10:14:27.968,fp_eeff13170a,1,0d80e912-5f2f-4aab-b076-306e5e6ffd3f,Programming in C++,,Phonebook,cxx-gcc-linux,en,4,4,4026,1764,5790,0,1,0,0,0,0,0,0,1,Exercise submission error - File 'phonebook_test1.cpp' is already defined by author of the exercise,
2023-11-10T10:14:38.977,fp_eeff13170a,1,6c12d54f-fb2a-11e9-9ce9-00505601122b,Programming I and II,,English or AnonLang?,python3,en,0,0,1926,474,2400,0.17,6,1,0,0,5,0,0,0,,
2023-11-10T10:14:59.512,fp_eeff13170a,1,1cf84d48-2221-11eb-8e81-005056ad4f31,Web Applications,,PHP - Smart Table,php-linux,en,3,3,2503,1292,3795,0.8,15,12,0,0,3,0,0,0,,
2023-11-10T10:15:03.384,fp_eeff13170a,1,6b3ed45a-b41e-11e7-a937-00505601122b,C# Language and .NET Framework,,SPath,cs-dotnet-core,en,1,0,1423,82,1505,0.2,10,2,0,0,8,0,0,0,,
2023-11-10T10:15:13.258,fp_eeff13170a,1,599bda7f-06fd-11e9-b0fd-00505601122b,Web Applications,,PHP - Form Processing [mandatory],php-linux,en,4,3,3228,522,3750,0.12,16,2,0,1,13,0,0,0,,
2023-11-10T10:15:23.404,fp_eeff13170a,1,c706ed63-30d1-11ea-9ce9-00505601122b,Programming I and II,,(title in AnonLang),python3,al,0,0,2111,346,2457,0.2,15,3,0,0,10,1,1,0,,
2023-11-10T10:15:31.696,fp_eeff13170a,1,2fb88edc-10d3-11e9-b0fd-00505601122b,Web Applications,,PHP - REST API Router,php-linux,en,8,7,2492,394,2886,0,13,0,0,13,0,0,0,0,,
2023-11-10T10:15:47.079,fp_eeff13170a,1,a765fae9-84e8-11ea-a595-00505601122b,Web Applications,,(title in AnonLang),node-linux,al,7,5,3634,950,4584,0,1,0,0,0,0,0,0,1,no solution id,
2023-11-10T10:15:52.835,fp_eeff13170a,1,970fb684-672b-11ec-986f-f39926f24a9c,Algoritmizace,,(title in AnonLang),python3,al,6,3,2660,257,2917,0,8,0,0,5,0,0,3,0,,
2023-11-10T10:15:57.374,fp_eeff13170a,1,59af829f-aba5-11e7-a937-00505601122b,C# Language and .NET Framework,,Huffman III,cs-dotnet-core,en,0,0,1447,162,1609,0.08,18,4,0,0,14,0,0,0,,
2023-11-10T10:16:11.016,fp_eeff13170a,1,adb43c13-923f-11ec-986f-f39926f24a9c,Programming I and II,,Frequency Table,python3,en,1,1,1908,867,2775,0,1,0,0,0,0,0,0,1,no filename provided,
2023-11-10T10:16:24.791,fp_eeff13170a,1,f77e653f-892b-4fa4-b5d8-c1e56fcaa6a3,C# Language and .NET Framework,,Practical Test: Prolog Unification Algorithm,cs-dotnet-core,en,13,7,3297,1083,4380,0,1,0,0,0,0,0,0,1,no solution id,
2023-11-10T10:20:52.158,fp_eeff13170a,1,673300db-b5bc-11ec-8d84-d310d4f96200,Programming I and II,,(title in AnonLang),cs-dotnet-core,al,5,4,4884,1701,6585,0,2,0,2,0,0,0,0,0,,
2023-11-10T10:21:02.888,fp_eeff13170a,1,ba535882-6a38-11ea-a595-00505601122b,Web Applications,,PHP - NIM,php-linux,en,5,3,1972,355,2327,0,10,0,0,0,10,0,0,0,,
2023-11-10T10:21:25.165,fp_eeff13170a,1,858d61ed-a7b1-11e7-a937-00505601122b,C# Language and .NET Framework,,Deque,cs-dotnet-core,en,0,0,1595,765,2360,0.69,27,23,0,2,0,2,0,0,,
2023-11-10T10:21:38.387,fp_eeff13170a,1,7e984230-aba3-11e7-a937-00505601122b,Java,,STEST,java,en,2,2,1509,845,2354,0,4,0,4,0,0,0,0,0,,
2023-11-10T10:21:42.457,fp_eeff13170a,1,971b5846-947d-11ea-befc-00505601122b,Non-Procedural Programming,,(title in AnonLang),haskell,al,2,1,2914,134,3048,0,11,0,11,0,0,0,0,0,,
2023-11-10T10:21:47.301,fp_eeff13170a,1,279390b5-0b90-11ea-9ce9-00505601122b,Programming I and II,,Typesetting,cs-dotnet-core,en,0,0,1668,143,1811,0.17,6,1,0,0,5,0,0,0,,
2023-11-10T10:21:53.939,fp_eeff13170a,1,7a6122b2-7bc8-11ec-986f-f39926f24a9c,Programming in C++,,(title in AnonLang),cxx-gcc-linux,al,2,2,2720,110,2830,0.07,9,1,0,0,8,0,0,0,,
2023-11-10T10:22:14.925,fp_eeff13170a,1,648d0592-29b4-11eb-8e81-005056ad4f31,Algoritmizace,,Circular queue,python3,en,0,0,1678,308,1986,0.1,10,1,0,1,4,4,0,0,,
2023-11-10T10:22:22.158,fp_eeff13170a,1,dd58c127-7412-11ea-a595-00505601122b,Programming I and II,,Heavy snowfall,python3,en,0,0,1609,258,1867,0,8,0,0,8,0,0,0,0,,
2023-11-10T10:22:31.006,fp_eeff13170a,1,0b3ced27-4053-11ea-9c53-00505601122b,Programming I and II,,(title in AnonLang),python3,al,0,0,2400,305,2705,0.1,10,1,0,3,5,0,1,0,,
2023-11-10T10:22:55.958,fp_eeff13170a,1,3238e0f8-aba6-11e7-a937-00505601122b,C# Language and .NET Framework,,Expression Evaluation III,cs-dotnet-core,en,14,14,3065,1499,4564,0.05,18,1,0,17,0,0,0,0,,
2023-11-10T10:23:04.448,fp_eeff13170a,1,6fc31ba9-aba3-11e7-a937-00505601122b,Java,,BRAINF***,java,en,6,6,1508,467,1975,0,8,0,8,0,0,0,0,0,,
2023-11-10T10:23:11.174,fp_eeff13170a,1,ed9f9abc-aba8-11e7-a937-00505601122b,C# Language and .NET Framework,,Text Justification,cs-dotnet-core,en,4,4,3500,349,3849,0,14,0,14,0,0,0,0,0,,
2023-11-10T10:23:15.755,fp_eeff13170a,1,6ee2c79f-bd74-11eb-a1a9-005056ad4f31,Web Applications,,JS - Uploading Large Files,node-linux,en,2,0,1236,31,1267,0,7,0,0,7,0,0,0,0,,
2023-11-10T10:23:22.387,fp_eeff13170a,1,445d30b1-b422-11e7-a937-00505601122b,C# Language and .NET Framework,,Excel,cs-dotnet-core,en,0,0,1522,159,1681,0.15,11,3,0,0,8,0,0,0,,
2023-11-10T10:23:31.744,fp_eeff13170a,1,96e82843-03da-4aaf-8de5-176f3d71e260,Non-Procedural Programming,,(title in AnonLang),prolog,al,2,0,2669,449,3118,0,12,0,0,0,12,0,0,0,,
2023-11-10T10:24:07.013,fp_eeff13170a,1,28b19308-f745-11e8-b0fd-00505601122b,Web Applications,,JS - Asynchronous HTTP [mandatory],node-linux,en,12,10,6037,2424,8461,0,1,0,0,0,0,0,0,1,no solution id,
2023-11-10T10:24:21.912,fp_eeff13170a,1,e6742fc0-f763-4fd9-8f7f-42112b3d2df9,Introduction to Language Technologies,,hw_python,python3,en,0,0,1566,816,2382,0.59,17,10,0,0,7,0,0,0,,
2023-11-10T10:25:07.603,fp_eeff13170a,1,d8d0b0a6-8bc0-11ea-befc-00505601122b,Web Applications,,(title in AnonLang),node-linux,al,9,4,5296,3075,8371,0,1,0,0,0,0,0,0,1,no solution id,
2023-11-10T10:25:15.906,fp_eeff13170a,1,cad09703-0f8f-11ea-9ce9-00505601122b,Programming I and II,,(title in AnonLang),python3,al,1,1,3481,330,3811,0.09,11,1,0,0,10,0,0,0,,
2023-11-10T10:25:31.773,fp_eeff13170a,1,b4a82233-ed1c-11e8-b0fd-00505601122b,Web Applications,,JS - Form Processing,node-linux,en,8,7,6589,956,7545,0,8,0,0,0,8,0,0,0,,
2023-11-10T10:25:35.057,fp_eeff13170a,1,d6f2d70e-a41c-11eb-a1a9-005056ad4f31,Programming in Python,,PY WEATHER,python3,en,3,2,1874,36,1910,0,5,0,0,0,5,0,0,0,,
2023-11-10T10:25:59.913,fp_eeff13170a,1,2eafda0e-fa40-11e8-b0fd-00505601122b,Programming in C++,,(title in AnonLang),cxx-gcc-linux,al,0,0,2812,1571,4383,0,4,0,4,0,0,0,0,0,,
2023-11-10T10:27:01.479,fp_eeff13170a,1,b6a85fe0-7a0e-11ec-986f-f39926f24a9c,C# Language and .NET Framework,,(title in AnonLang),cs-dotnet-core,al,33,32,5856,515,6371,0.47,33,9,0,8,14,2,0,0,,
2023-11-10T10:27:17.976,fp_eeff13170a,1,b3b9e3be-ec87-4d5f-89f6-a8c006520305,Programming in C++,,Dynamically-sized array container,cxx-gcc-linux,en,0,0,1660,881,2541,0,5,0,5,0,0,0,0,0,,
2023-11-10T10:27:32.320,fp_eeff13170a,1,fff46a44-2f4c-11eb-a1a9-005056ad4f31,Algoritmizace,,Tree set,python3,en,0,0,1900,599,2499,0.89,7,6,0,1,0,0,0,0,,
2023-11-10T10:27:40.728,fp_eeff13170a,1,460914b6-8064-11eb-a1a9-005056ad4f31,Web Applications,,PHP - Dependency Injection [mandatory],php-linux,en,3,3,2128,445,2573,0,1,0,0,0,0,0,0,1,Exercise submission error - File 'index.php' is already defined by author of the exercise,
2023-11-10T10:27:57.147,fp_eeff13170a,1,6dea68e6-f696-11e8-b0fd-00505601122b,Programming in C++,,Data aggregation,cxx-gcc-linux,en,2,2,2358,826,3184,0,33,0,0,33,0,0,0,0,,
2023-11-10T10:28:18.105,fp_eeff13170a,1,e4b01416-aba7-11e7-a937-00505601122b,C# Language and .NET Framework,,"HW01 Deque 2.1 OMG, why so complex?",cs-dotnet-core,en,1,0,1856,1265,3121,0.05,33,2,0,31,0,0,0,0,,
2023-11-10T10:28:36.026,fp_eeff13170a,1,f86abb94-aba7-11e7-a937-00505601122b,C# Language and .NET Framework,,"HW01 Deque 2.2 Cool, I love C#",cs-dotnet-core,en,1,0,1859,706,2565,0.05,33,2,0,31,0,0,0,0,,
2023-11-10T10:28:47.799,fp_eeff13170a,1,91359813-b38c-11e7-a937-00505601122b,C# Language and .NET Framework,,(title in AnonLang),cs-dotnet-core,al,5,5,2825,456,3281,0.04,23,1,0,1,20,0,1,0,,
2023-11-10T10:29:01.169,fp_eeff13170a,1,eea4db4d-9f2f-40f6-bf00-10b223128d2d,C# Language and .NET Framework,,Practical Test: SQL Database,cs-dotnet-core,en,0,0,1879,868,2747,0,7,0,7,0,0,0,0,0,,
2023-11-10T10:29:34.455,fp_eeff13170a,1,c7c9735c-0073-11e9-b0fd-00505601122b,Web Applications,,PHP - Front Controller [mandatory],php-linux,en,9,9,3351,2096,5447,0,1,0,0,0,0,0,0,1,duplicate filename index.php,
2023-11-10T10:29:39.856,fp_eeff13170a,1,d97da5e2-aba9-11e7-a937-00505601122b,C# Language and .NET Framework,,Huffman II,cs-dotnet-core,en,10,4,1935,107,2042,0.1,12,3,0,0,9,0,0,0,,
2023-11-10T10:29:50.234,fp_eeff13170a,1,b3495120-9e02-11eb-a1a9-005056ad4f31,Programming I and II,,Repeated letters,cs-dotnet-core,en,0,0,2184,483,2667,0,5,0,0,0,5,0,0,0,,
2023-11-10T10:30:06.390,fp_eeff13170a,1,4593a41c-b562-11ec-8d84-d310d4f96200,Advanced C++ Programming,,Type system for physical units,cxx-gcc-linux,en,10,10,4143,1221,5364,0,4,0,4,0,0,0,0,0,,
2023-11-10T10:30:20.491,fp_eeff13170a,1,7a146dae-11c6-11ea-9ce9-00505601122b,Programming I and II,Algoritmizace,Hash table,python3,en,0,0,2261,710,2971,0,9,0,0,9,0,0,0,0,,
2023-11-10T10:30:35.871,fp_eeff13170a,1,01cab853-b84f-4703-8864-dd013dd4ea1b,C# Language and .NET Framework,,Practical Test: Extended C# Preprocessor,cs-dotnet-core,en,42,42,5778,955,6733,0.18,17,3,0,0,14,0,0,0,,
2023-11-10T10:30:58.864,fp_eeff13170a,1,a4b24a1d-78fa-11ec-986f-f39926f24a9c,Programming in C++,,Simplified Intermediate Code Interpreter,cxx-gcc-linux,en,26,26,5090,1678,6768,0,1,0,0,0,0,0,0,1,no solution id,
2023-11-10T10:31:06.602,fp_eeff13170a,1,a0f6fa51-3f82-40c0-ba9a-9cb9d9d27a62,Advanced C++ Programming,,Cache with smart ptr,cxx-gcc-linux,en,2,2,2589,415,3004,0,5,0,5,0,0,0,0,0,,
2023-11-10T10:41:13.567,fp_eeff13170a,1,560850b9-9882-11eb-a1a9-005056ad4f31,Programming I and II,,Elementary cellular automaton,cs-dotnet-core,en,0,0,2378,319,2697,0,5,0,0,0,5,0,0,0,,
2023-11-10T10:41:18.955,fp_eeff13170a,1,a0676165-92df-4970-91c1-aee6f8bda447,Programming in C++,,Algorithmic Trading,cxx-gcc-linux,en,6,4,4596,150,4746,0,13,0,0,0,13,0,0,0,,
2023-11-10T10:41:26.547,fp_eeff13170a,1,99a7cd0b-aba7-11e7-a937-00505601122b,C# Language and .NET Framework,,Bookstore eShop,cs-dotnet-core,en,21,20,10000,505,10505,0,1,0,0,0,0,0,0,1,no solution id,
2023-11-10T10:41:40.452,fp_eeff13170a,1,c2f10c48-938a-4768-9be1-4a6e14741c8e,Advanced C++ Programming,,Interval locker,cxx-gcc-linux,en,13,12,10279,1081,11360,0,1,0,0,0,0,0,0,1,no solution id,
2023-11-10T10:41:51.095,fp_eeff13170a,1,04531bce-5775-4d1a-945a-b38b12c1fee2,Advanced C++ Programming,,Tagged vectors,cxx-gcc-linux,en,4,4,6480,506,6986,0,7,0,7,0,0,0,0,0,,
2023-11-10T10:41:52.581,fp_eeff13170a,1,aaed4ccc-aba6-11e7-a937-00505601122b,C# Language and .NET Framework,,(title in AnonLang),cs-dotnet-core,al,26,22,10142,10,10152,0,1,0,0,0,0,0,0,1,no solution id,
2023-11-10T12:50:21.576,fp_eeff13170a,1,e873ce53-aba6-11e7-a937-00505601122b,C# Language and .NET Framework,,(title in AnonLang),cs-dotnet-core,al,50,30,11708,170,11878,0,56,0,0,0,56,0,0,0,,
2023-11-10T12:50:38.689,fp_eeff13170a,1,d6c1148c-be54-11ec-8da3-d412db16db0b,Advanced C++ Programming,,Static ranges,cxx-gcc-linux,en,25,24,11684,580,12264,0.08,12,1,11,0,0,0,0,0,,
2023-11-10T12:50:42.299,fp_eeff13170a,1,c3749e72-aba6-11e7-a937-00505601122b,C# Language and .NET Framework,,(title in AnonLang),cs-dotnet-core,al,40,20,11719,112,11831,0,1,0,0,0,0,0,0,1,no solution id,
2023-11-10T12:51:13.278,fp_eeff13170a,1,02f46f2a-4144-11ec-986f-f39926f24a9c,Large scale optimization,,general_assignment_lagrange,python3,en,2,2,2359,1825,4184,0,1,0,0,0,0,0,0,1,Exercise submission error - File 'assignment_tests.py' is already defined by author of the exercise,
2023-11-10T12:51:19.406,fp_eeff13170a,1,0403015f-66ac-11e9-b0fd-00505601122b,Data Structures I,,cuckoo_hash,python3,en,0,0,314,136,450,0,5,0,0,5,0,0,0,0,,
2023-11-10T12:51:24.464,fp_eeff13170a,1,0ba17a29-458c-11e9-b0fd-00505601122b,Data Structures I,,ab_tree,python3,en,0,0,330,195,525,0,7,0,0,7,0,0,0,0,,
2023-11-10T12:51:36.344,fp_eeff13170a,1,263ca6f9-9894-11eb-a1a9-005056ad4f31,Introduction to Artificial Intelligence,,probability_minesweeper,python3,en,4,4,5065,758,5823,0,6,0,0,6,0,0,0,0,,
2023-11-10T13:01:41.861,fp_eeff13170a,1,4fc7e8f1-2824-11ec-986f-f39926f24a9c,Large scale optimization,,matching_gurobi,python3,en,2,2,1435,11,1446,0,1,0,0,0,0,0,0,1,no filename provided,
2023-11-10T13:01:46.071,fp_eeff13170a,1,5d822d17-1dd6-11ea-9ce9-00505601122b,Data Structures I,,find_duplicates,python3,en,0,0,501,52,553,0.6,5,3,0,0,0,0,2,0,,
2023-11-10T13:01:55.661,fp_eeff13170a,1,5f021643-865b-11ec-986f-f39926f24a9c,Introduction to Artificial Intelligence,,bellman_robot,python3,en,3,1,1764,523,2287,0,6,0,0,6,0,0,0,0,,
2023-11-10T13:02:04.924,fp_eeff13170a,1,605e4f3e-3a71-11e9-b0fd-00505601122b,Data Structures I,,splay_operation,python3,en,0,0,295,361,656,0,4,0,0,4,0,0,0,0,,
2023-11-10T13:02:11.218,fp_eeff13170a,1,6c2ecfef-3bea-11ec-986f-f39926f24a9c,Large scale optimization,,vehicle_routing_cut,python3,en,12,5,11148,212,11360,0,10,0,0,10,0,0,0,0,,
2023-11-10T13:02:47.948,fp_eeff13170a,1,7ea6d36c-8de0-11ea-befc-00505601122b,Introduction to Artificial Intelligence,,games_multiple_divisor,python3,en,2,2,2086,1345,3431,0,1,0,0,0,0,0,0,1,Exercise submission error - File 'multiple_divisor_tests.py' is already defined by author of the exercise,
2023-11-10T13:02:51.827,fp_eeff13170a,1,87f76214-2fc2-11e9-b0fd-00505601122b,Data Structures I,,tree_successor,python3,en,0,0,362,110,472,0,3,0,0,3,0,0,0,0,,
2023-11-10T13:02:56.345,fp_eeff13170a,1,8d594c1f-812a-11e9-b0fd-00505601122b,Data Structures I,,kgrams,python3,en,0,0,304,52,356,0,15,0,0,15,0,0,0,0,,
2023-11-10T13:03:14.702,fp_eeff13170a,1,95e03d17-59bc-11ec-986f-f39926f24a9c,Large scale optimization,,cutting_stock_column_generation,python3,en,12,12,5658,1146,6804,0,1,0,0,0,0,0,0,1,Exercise submission error - File 'cutting_stock_tests.py' is already defined by author of the exercise,
2023-11-10T13:03:20.142,fp_eeff13170a,1,b34e2c96-7738-11e9-b0fd-00505601122b,Data Structures I,,range_tree,cxx-gcc-linux,en,0,0,492,68,560,0,12,0,12,0,0,0,0,0,,
2023-11-10T13:03:51.740,fp_eeff13170a,1,d322308d-4a2f-11ec-986f-f39926f24a9c,Large scale optimization,,knapsack_branch_bound,python3,en,2,2,2605,2249,4854,0,1,0,0,0,0,0,0,1,Exercise submission error - File 'knapsack_tests.py' is already defined by author of the exercise,
2023-11-13T17:20:39.591197,fp_eeff13170a,1,0eb51f5c-ea64-11e8-b0fd-00505601122b,Programming in C++,,(title in AnonLang),cxx-gcc-linux,al,3,3,4339,925,5264,0.10,6,1,0,5,0,0,0,0,,
