time,fprint,seed,id,group1,group2,name,runtime,lang,num_atts,sub_atts,in_tokens,out_tokens,total_tokens,score,tests,passed,comp_err,rt_err,wrong_output,time_limit,mem_limit,other_err,error_msg
2023-11-08T12:10:26.089,fp_a24b4d720c,1,e5acd5e5-9ce7-11ec-986f-f39926f24a9c,Programming I and II,,(title in AnonLang),cs-dotnet-core,al,0,0,330,71,401,1,1,1,0,0,0,0,0,0,
2023-11-08T12:10:48.541,fp_a24b4d720c,1,6d76ace8-9d58-11ec-986f-f39926f24a9c,Programming I and II,,(title in AnonLang),cs-dotnet-core,al,0,0,370,67,437,1,3,3,0,0,0,0,0,0,
2023-11-08T12:10:52.689,fp_a24b4d720c,1,aaada71f-f359-11e9-9ce9-00505601122b,Programming I and II,,(title in AnonLang),python3,al,0,0,316,81,397,1,4,4,0,0,0,0,0,0,
2023-11-08T12:10:56.472,fp_a24b4d720c,1,c2ef29b9-2059-11ec-986f-f39926f24a9c,Programming I and II,,Sum of two integers,cs-dotnet-core,en,0,0,332,60,392,1,3,3,0,0,0,0,0,0,
2023-11-08T12:11:01.030,fp_a24b4d720c,1,b3550c17-f366-11e9-9ce9-00505601122b,Programming I and II,,(title in AnonLang),python3,al,0,0,329,101,430,1,5,5,0,0,0,0,0,0,
2023-11-08T12:11:05.798,fp_a24b4d720c,1,97e6a026-a7b3-11e7-a937-00505601122b,Programming I and II,,(title in AnonLang),cs-dotnet-core,en,0,0,329,107,436,1,4,4,0,0,0,0,0,0,
2023-11-08T12:11:10.273,fp_a24b4d720c,1,b53b9a0d-e054-11e9-9ce9-00505601122b,Programming I and II,,(title in AnonLang),python3,al,0,0,335,90,425,1,5,5,0,0,0,0,0,0,
2023-11-08T12:11:25.155,fp_a24b4d720c,1,5342433c-f7bf-11e9-9ce9-00505601122b,Programming I and II,,(title in AnonLang),python3,al,0,0,332,93,425,1,5,5,0,0,0,0,0,0,
2023-11-08T12:17:35.173,fp_a24b4d720c,1,5a661077-3302-11ec-986f-f39926f24a9c,Programming I and II,Introduction to Algorithms,(title in AnonLang),python3,al,0,0,336,107,443,1,5,5,0,0,0,0,0,0,
2023-11-08T12:17:46.579,fp_a24b4d720c,1,7b549a71-8d20-11e9-b0fd-00505601122b,Programming I and II,,(title in AnonLang),python3,al,0,0,354,83,437,0.6,8,5,0,0,3,0,0,0,
2023-11-08T12:17:55.118,fp_a24b4d720c,1,39350fd0-a814-11e7-a937-00505601122b,Programming I and II,,Copy machine for numbers,c-gcc-linux,en,0,0,298,226,524,1,4,4,0,0,0,0,0,0,
2023-11-08T12:18:03.715,fp_a24b4d720c,1,61022673-e889-11e9-9ce9-00505601122b,Programming I and II,,(title in AnonLang),python3,al,0,0,359,50,409,1,10,10,0,0,0,0,0,0,
2023-11-08T12:18:12.749,fp_a24b4d720c,1,ce2f6db1-3e13-11ec-986f-f39926f24a9c,Introduction to Algorithms,,(title in AnonLang),python3,al,0,0,346,348,694,1,6,6,0,0,0,0,0,0,
2023-11-08T12:18:16.165,fp_a24b4d720c,1,7cb23ad4-e051-11e9-9ce9-00505601122b,Programming I and II,,(title in AnonLang),python3,al,0,0,373,32,405,1,4,4,0,0,0,0,0,0,
2023-11-08T12:18:20.366,fp_a24b4d720c,1,da2692cd-a7b1-11e7-a937-00505601122b,Programming I and II,,(title in AnonLang),python3,al,0,0,354,59,413,1,5,5,0,0,0,0,0,0,
2023-11-09T11:40:32.172,fp_a24b4d720c,1,3a353dbe-38c3-11ec-986f-f39926f24a9c,Introduction to Algorithms,,(title in AnonLang),python3,al,0,0,378,149,527,1,6,6,0,0,0,0,0,0,
2023-11-09T11:40:48.556,fp_a24b4d720c,1,0acd614b-5276-11ea-a595-00505601122b,Non-Procedural Programming,,Rotate a list,prolog,en,0,0,251,305,556,0.2,5,1,0,0,1,1,2,0,
2023-11-09T11:40:51.991,fp_a24b4d720c,1,1fe85de9-25b3-11ec-986f-f39926f24a9c,Programming I and II,,(title in AnonLang),python3,al,0,0,376,31,407,1,3,3,0,0,0,0,0,0,
2023-11-09T11:40:58.255,fp_a24b4d720c,1,8e13813d-e880-11e9-9ce9-00505601122b,Programming I and II,,(title in AnonLang),python3,al,0,0,390,152,542,1,5,5,0,0,0,0,0,0,
2023-11-09T11:41:33.905,fp_a24b4d720c,1,8330de2c-4dd1-11ec-986f-f39926f24a9c,Introduction to Algorithms,,Sorted linked lists,python3,en,1,1,637,658,1295,1,10,10,0,0,0,0,0,0,
2023-11-09T11:41:39.377,fp_a24b4d720c,1,24b97e78-2036-11ec-986f-f39926f24a9c,Programming I and II,,(title in AnonLang),python3,al,0,0,377,106,483,1,3,3,0,0,0,0,0,0,
2023-11-09T11:41:46.937,fp_a24b4d720c,1,69716b0c-a88d-11e7-a937-00505601122b,Programming I and II,,All correct bracketings,python3,en,0,0,328,123,451,1,5,5,0,0,0,0,0,0,
2023-11-09T11:42:15.301,fp_a24b4d720c,1,0d347e1e-a814-11e7-a937-00505601122b,Programming I and II,,(title in AnonLang),c-gcc-linux,al,0,0,422,437,859,1,4,4,0,0,0,0,0,0,
2023-11-09T11:42:20.256,fp_a24b4d720c,1,81b2eec0-a7b3-11e7-a937-00505601122b,Programming I and II,,(title in AnonLang),python3,al,0,0,401,71,472,1,6,6,0,0,0,0,0,0,
2023-11-09T11:42:28.199,fp_a24b4d720c,1,64a9972c-ea9f-11e9-9ce9-00505601122b,Programming I and II,,(title in AnonLang),python3,al,0,0,421,243,664,0.6,15,9,0,0,6,0,0,0,
2023-11-09T11:42:33.111,fp_a24b4d720c,1,00c64bbc-28de-11ec-986f-f39926f24a9c,Programming I and II,,(title in AnonLang),python3,al,0,0,413,91,504,1,6,6,0,0,0,0,0,0,
2023-11-09T11:42:36.611,fp_a24b4d720c,1,08deab74-85f8-11eb-a1a9-005056ad4f31,Programming I and II,,(title in AnonLang),python3,al,0,0,429,41,470,1,5,5,0,0,0,0,0,0,
2023-11-09T11:42:42.546,fp_a24b4d720c,1,e5ce30fb-3c22-11ec-986f-f39926f24a9c,Programming I and II,,(title in AnonLang),python3,al,0,0,425,128,553,1,11,11,0,0,0,0,0,0,
2023-11-09T11:42:49.806,fp_a24b4d720c,1,91e0cb16-34ad-42b0-b17c-39a8e0747a47,Programming I and II,,Fibonacci numbers,python3,en,0,0,340,113,453,1,10,10,0,0,0,0,0,0,
2023-11-09T11:42:54.768,fp_a24b4d720c,1,0f783909-2eb1-11ec-986f-f39926f24a9c,Programming I and II,,(title in AnonLang),python3,al,0,0,404,55,459,1,3,3,0,0,0,0,0,0,
2023-11-09T11:43:05.642,fp_a24b4d720c,1,3485ea4f-7205-11ec-986f-f39926f24a9c,Introduction to Algorithms,,(title in AnonLang),python3,al,0,0,421,356,777,1,4,4,0,0,0,0,0,0,
2023-11-09T11:43:15.840,fp_a24b4d720c,1,62597d41-5272-11ea-a595-00505601122b,Non-Procedural Programming,,Disjoint split,prolog,en,0,0,315,54,369,1,4,4,0,0,0,0,0,0,
2023-11-09T11:43:34.970,fp_a24b4d720c,1,1076ec35-90b8-11ec-986f-f39926f24a9c,Non-Procedural Programming,,(title in AnonLang),prolog,al,0,0,378,398,776,0.14,7,1,0,6,0,0,0,0,
2023-11-09T11:43:42.106,fp_a24b4d720c,1,bb1a0d53-f366-11e9-9ce9-00505601122b,Programming I and II,,(title in AnonLang),python3,al,0,0,430,91,521,1,4,4,0,0,0,0,0,0,
2023-11-09T11:43:47.009,fp_a24b4d720c,1,0753f090-a88c-11e7-a937-00505601122b,Programming I and II,,Prime factorization,cs-dotnet-core,en,0,0,396,108,504,1,10,10,0,0,0,0,0,0,
2023-11-09T11:43:50.880,fp_a24b4d720c,1,bd877440-85fa-11eb-a1a9-005056ad4f31,Programming I and II,,(title in AnonLang),python3,al,0,0,457,46,503,1,5,5,0,0,0,0,0,0,
2023-11-09T11:44:01.890,fp_a24b4d720c,1,85eb2866-a7b3-11e7-a937-00505601122b,Programming I and II,,(title in AnonLang),python3,al,0,0,422,197,619,0.83,6,5,0,0,0,0,1,0,
2023-11-09T11:44:06.371,fp_a24b4d720c,1,76a7adc9-a88f-11e7-a937-00505601122b,Programming I and II,,Decomposition into sums,python3,en,0,0,369,74,443,1,5,5,0,0,0,0,0,0,
2023-11-09T11:44:10.383,fp_a24b4d720c,1,dce3b48b-2858-11ec-986f-f39926f24a9c,Programming I and II,,(title in AnonLang),python3,al,0,0,443,58,501,1,4,4,0,0,0,0,0,0,
2023-11-09T11:44:28.136,fp_a24b4d720c,1,27f84afa-30da-11ea-9ce9-00505601122b,Programming I and II,,(title in AnonLang),python3,al,0,0,446,403,849,0,5,0,0,0,4,1,0,0,
2023-11-09T11:44:33.242,fp_a24b4d720c,1,f2db7c11-a88f-11e7-a937-00505601122b,Programming I and II,,(title in AnonLang),cs-dotnet-core,al,0,0,493,107,600,0.6,5,3,0,0,1,0,1,0,
2023-11-09T11:44:40.476,fp_a24b4d720c,1,ae449043-96fa-11eb-a1a9-005056ad4f31,Non-Procedural Programming,,Googolplex,haskell,en,0,0,416,191,607,1,5,5,0,0,0,0,0,0,
2023-11-09T11:44:48.285,fp_a24b4d720c,1,b45aa570-15f7-11eb-8e81-005056ad4f31,Programming I and II,,(title in AnonLang),python3,al,0,0,458,167,625,1,3,3,0,0,0,0,0,0,
2023-11-09T11:44:55.967,fp_a24b4d720c,1,4c965b5e-3443-11ec-986f-f39926f24a9c,Programming I and II,,Most frequent element in a sequence,python3,en,0,0,375,184,559,1,3,3,0,0,0,0,0,0,
2023-11-09T11:45:07.146,fp_a24b4d720c,1,ebd60ef2-ce02-11e8-a4be-00505601122b,Programming in C++,,(title in AnonLang),cxx-gcc-linux,al,0,0,506,330,836,0.83,6,5,0,0,1,0,0,0,
2023-11-09T11:45:16.513,fp_a24b4d720c,1,f267dc1a-a810-11e7-a937-00505601122b,Programming I and II,,Second largest number,c-gcc-linux,en,0,0,354,131,485,0.82,11,9,0,0,2,0,0,0,
2023-11-09T11:45:33.025,fp_a24b4d720c,1,49420b9a-026a-11eb-9574-ea7484399335,Programming I and II,,A Tie in Noughts and Crosses II,python3,en,0,0,363,374,737,0.11,9,1,0,0,8,0,0,0,
2023-11-09T11:45:41.216,fp_a24b4d720c,1,2a3ac276-85f4-11eb-a1a9-005056ad4f31,Programming I and II,,(title in AnonLang),python3,al,0,0,448,182,630,0.6,5,3,0,2,0,0,0,0,
2023-11-09T11:45:57.520,fp_a24b4d720c,1,8bf543e9-328f-11ec-986f-f39926f24a9c,Introduction to Algorithms,,(title in AnonLang),python3,al,0,0,439,322,761,0,7,0,0,0,7,0,0,0,
2023-11-09T11:46:03.744,fp_a24b4d720c,1,4db997b3-458a-11ec-986f-f39926f24a9c,Programming I and II,,(title in AnonLang),python3,al,0,0,459,114,573,1,3,3,0,0,0,0,0,0,
2023-11-09T11:46:19.875,fp_a24b4d720c,1,82fc7c34-7c3c-11ea-a595-00505601122b,Programming I and II,,(title in AnonLang),python3,al,0,0,472,286,758,1,10,10,0,0,0,0,0,0,
2023-11-09T11:46:24.639,fp_a24b4d720c,1,2948002b-9817-11ec-986f-f39926f24a9c,Non-Procedural Programming,,(title in AnonLang),prolog,al,0,0,389,52,441,0.4,5,2,0,0,0,1,2,0,
2023-11-09T11:46:43.566,fp_a24b4d720c,1,f42b809e-9ee7-11ec-986f-f39926f24a9c,Programming I and II,,FACTORIAL,python3,en,0,0,375,125,500,0.2,5,1,0,0,0,4,0,0,
2023-11-09T11:46:50.752,fp_a24b4d720c,1,db4160dc-a811-11e7-a937-00505601122b,Programming I and II,,All parenthesizations,python3,en,0,0,328,123,451,1,6,6,0,0,0,0,0,0,
2023-11-09T11:46:57.161,fp_a24b4d720c,1,523b4b10-ce05-11e8-a4be-00505601122b,Programming in C++,,(title in AnonLang),cxx-gcc-linux,al,0,0,490,108,598,1,1,1,0,0,0,0,0,0,
2023-11-09T11:47:03.350,fp_a24b4d720c,1,c240887e-3384-11ec-986f-f39926f24a9c,Programming I and II,,Squares in a triangle,python3,en,0,0,415,129,544,1,3,3,0,0,0,0,0,0,
2023-11-09T11:47:09.624,fp_a24b4d720c,1,ed23d4a7-85fc-11eb-a1a9-005056ad4f31,Programming I and II,,(title in AnonLang),python3,al,0,0,497,154,651,1,5,5,0,0,0,0,0,0,
2023-11-09T11:47:24.241,fp_a24b4d720c,1,964ca5ca-a88f-11e7-a937-00505601122b,Programming I and II,,Adjusting a matrix to zero,python3,en,0,0,386,164,550,0.75,4,3,0,1,0,0,0,0,
2023-11-09T11:47:36.177,fp_a24b4d720c,1,947ce196-a7b3-11e7-a937-00505601122b,Programming I and II,,(title in AnonLang),python3,al,0,0,483,347,830,0,4,0,0,4,0,0,0,0,
2023-11-09T11:47:41.430,fp_a24b4d720c,1,0dd06ca4-44c0-11ec-986f-f39926f24a9c,Introduction to Algorithms,,(title in AnonLang),python3,al,0,0,503,100,603,1,5,5,0,0,0,0,0,0,
2023-11-09T11:47:46.181,fp_a24b4d720c,1,e768f5a8-401b-11ec-986f-f39926f24a9c,Introduction to Algorithms,,All permutations of a string,python3,en,0,0,358,71,429,0.8,5,4,0,0,1,0,0,0,
2023-11-09T11:47:54.169,fp_a24b4d720c,1,28c2a5b5-a88d-11e7-a937-00505601122b,Programming I and II,,(title in AnonLang),cs-dotnet-core,al,0,0,569,239,808,0,4,0,0,0,4,0,0,0,
2023-11-09T11:48:00.033,fp_a24b4d720c,1,855e23af-a8e2-11e7-a937-00505601122b,Programming I and II,,Maximum value in a sequence (with occurrences),c-gcc-linux,en,0,0,368,153,521,1,3,3,0,0,0,0,0,0,
2023-11-09T11:48:06.635,fp_a24b4d720c,1,f1276714-2ea0-11ec-986f-f39926f24a9c,Programming I and II,,(title in AnonLang),python3,al,0,0,511,102,613,1,2,2,0,0,0,0,0,0,
2023-11-09T11:48:20.168,fp_a24b4d720c,1,e872c79b-e68a-11e9-9ce9-00505601122b,Data Structures I,,Red-black trees,cxx-gcc-linux,en,0,0,482,451,933,0,1,0,0,0,0,0,0,0,no filename provided
2023-11-09T11:48:27.679,fp_a24b4d720c,1,86450a4d-95af-11ec-986f-f39926f24a9c,Non-Procedural Programming,,Run-lenght encoding,prolog,en,0,0,388,201,589,0.75,4,3,0,0,1,0,0,0,
2023-11-09T11:48:35.666,fp_a24b4d720c,1,6c0a2776-a814-11e7-a937-00505601122b,Programming I and II,,(title in AnonLang),c-gcc-linux,al,0,0,468,207,675,0.18,11,2,0,0,9,0,0,0,
2023-11-09T11:48:51.293,fp_a24b4d720c,1,254496bf-93e4-11ec-986f-f39926f24a9c,Programming I and II,,Multiplication of large numbers,cs-dotnet-core,en,0,0,427,317,744,1,8,8,0,0,0,0,0,0,
2023-11-09T11:49:04.652,fp_a24b4d720c,1,2fe122ad-f02f-11e9-9ce9-00505601122b,Introduction to Algorithms,,Prime factorization II,python3,en,0,0,405,202,607,1,14,14,0,0,0,0,0,0,
2023-11-09T11:49:13.939,fp_a24b4d720c,1,e5f69567-a813-11e7-a937-00505601122b,Programming I and II,,(title in AnonLang),python3,al,0,0,519,205,724,1,7,7,0,0,0,0,0,0,
2023-11-09T11:49:20.688,fp_a24b4d720c,1,9e9b946e-2c31-11ec-986f-f39926f24a9c,Programming I and II,,"Perfect number, square and cube",python3,en,0,0,427,138,565,0.7,7,5,0,0,2,0,0,0,
2023-11-09T11:49:26.579,fp_a24b4d720c,1,1601b407-c884-11e8-a4be-00505601122b,Programming in C++,,(title in AnonLang),cxx-gcc-linux,al,0,0,668,142,810,1,4,4,0,0,0,0,0,0,
2023-11-09T11:49:42.231,fp_a24b4d720c,1,efa010e8-a811-11e7-a937-00505601122b,Programming I and II,,Find a permutation,cs-dotnet-core,en,0,0,496,378,874,0.44,8,4,0,0,0,4,0,0,
2023-11-09T11:50:02.162,fp_a24b4d720c,1,06a200d4-7d48-11eb-a1a9-005056ad4f31,Programming I and II,,(title in AnonLang),cxx-gcc-linux,al,0,0,582,482,1064,0.4,10,6,0,0,0,0,4,0,
2023-11-09T11:50:15.323,fp_a24b4d720c,1,2d2eaa54-a88c-11e7-a937-00505601122b,Programming I and II,,(title in AnonLang),cs-dotnet-core,al,0,0,574,246,820,1,10,10,0,0,0,0,0,0,
2023-11-09T11:50:22.869,fp_a24b4d720c,1,02c10843-2238-11ec-986f-f39926f24a9c,Programming I and II,,(title in AnonLang),python3,al,0,0,497,127,624,1,10,10,0,0,0,0,0,0,
2023-11-09T11:50:39.128,fp_a24b4d720c,1,99581db8-343f-11ec-986f-f39926f24a9c,Programming I and II,,Minimum and maximum sums,python3,en,0,0,444,106,550,0.67,3,2,0,0,0,0,1,0,
2023-11-09T11:50:48.732,fp_a24b4d720c,1,47e52b91-a88d-11e7-a937-00505601122b,Programming I and II,,(title in AnonLang),python3,al,0,0,519,253,772,0,10,0,0,10,0,0,0,0,
2023-11-09T11:50:55.712,fp_a24b4d720c,1,9cf80424-0cf5-11eb-98c0-005056ad4f31,Programming I and II,,(title in AnonLang),python3,al,0,0,518,142,660,1,5,5,0,0,0,0,0,0,
2023-11-09T11:51:04.602,fp_a24b4d720c,1,fd87c76a-ec64-11e9-9ce9-00505601122b,Programming I and II,,(title in AnonLang),python3,al,0,0,533,196,729,1,5,5,0,0,0,0,0,0,
2023-11-09T11:51:18.544,fp_a24b4d720c,1,0018a241-31ed-11ec-986f-f39926f24a9c,Java,,QUICK-SORT,java,en,0,0,461,346,807,1,3,3,0,0,0,0,0,0,
2023-11-09T11:51:23.418,fp_a24b4d720c,1,1ad5c2a6-a88c-11e7-a937-00505601122b,Programming I and II,,(title in AnonLang),python3,al,0,0,533,78,611,1,5,5,0,0,0,0,0,0,
2023-11-09T11:51:29.057,fp_a24b4d720c,1,20f681d4-eaa7-11e9-9ce9-00505601122b,Programming I and II,,Good numbers,python3,en,0,0,441,112,553,1,5,5,0,0,0,0,0,0,
2023-11-09T11:51:38.447,fp_a24b4d720c,1,007a8871-2c62-4740-9615-613663a20e42,Programming I and II,,(title in AnonLang),python3,al,0,0,547,230,777,1,1,1,0,0,0,0,0,0,
2023-11-09T11:51:46.261,fp_a24b4d720c,1,aea0d783-4b99-11ec-986f-f39926f24a9c,Programming I and II,,(title in AnonLang),python3,al,0,0,541,208,749,0,4,0,0,0,4,0,0,0,
2023-11-09T11:51:50.636,fp_a24b4d720c,1,c9d9150f-d905-11e8-a4be-00505601122b,Programming in C++,,(title in AnonLang),cxx-gcc-linux,al,0,0,527,69,596,1,2,2,0,0,0,0,0,0,
2023-11-09T11:52:00.516,fp_a24b4d720c,1,b8027a86-fc08-11e8-b0fd-00505601122b,Web Applications,,PHP - Sieve of Eratosthenes,php-linux,en,5,5,1053,243,1296,1,3,3,0,0,0,0,0,0,
2023-11-09T11:52:10.587,fp_a24b4d720c,1,c079d101-827c-11eb-a1a9-005056ad4f31,Programming I and II,,Permutations in the columns of a matrix,cs-dotnet-core,en,0,0,526,292,818,1,8,8,0,0,0,0,0,0,
2023-11-09T11:52:19.651,fp_a24b4d720c,1,ae5acb61-5ac6-11e9-b0fd-00505601122b,Programming I and II,,Young tableaux R,python3,en,0,0,407,243,650,0.14,7,1,0,0,6,0,0,0,
2023-11-09T11:52:27.136,fp_a24b4d720c,1,e70fa3b0-28ad-11e8-9de3-00505601122b,Programming I and II,,Queue,python3,en,0,0,400,207,607,1,5,5,0,0,0,0,0,0,
2023-11-09T12:26:58.638,fp_a24b4d720c,1,350d5208-a88d-11e7-a937-00505601122b,Programming I and II,,(title in AnonLang),cs-dotnet-core,al,0,0,602,157,759,1,10,10,0,0,0,0,0,0,
2023-11-09T12:27:05.975,fp_a24b4d720c,1,bdb8d1b4-6dbb-11ea-a595-00505601122b,Non-Procedural Programming,,Lists,haskell,en,0,0,516,134,650,1,7,7,0,0,0,0,0,0,
2023-11-09T12:27:12.095,fp_a24b4d720c,1,3deef23c-8eff-11ec-986f-f39926f24a9c,Programming I and II,,Odd Fib Sum,python3,en,0,0,453,141,594,1,5,5,0,0,0,0,0,0,
2023-11-09T12:27:18.678,fp_a24b4d720c,1,fd9fb352-c2fc-4ac1-88d2-145e40a583d8,Programming I and II,,(title in AnonLang),python3,al,1,1,561,153,714,0,2,0,0,0,2,0,0,0,
2023-11-09T12:27:42.625,fp_a24b4d720c,1,e5d6ac79-0a4a-11ea-9ce9-00505601122b,Programming I and II,,(title in AnonLang),python3,al,0,0,544,140,684,0,5,0,0,0,5,0,0,0,
2023-11-09T12:27:56.925,fp_a24b4d720c,1,593de6bb-c567-11ec-8da3-d412db16db0b,Programming I and II,,Cycles,python3,en,0,0,408,281,689,1,5,5,0,0,0,0,0,0,
2023-11-09T12:28:08.836,fp_a24b4d720c,1,43ee850b-ca08-11e7-a937-00505601122b,Programming I and II,,(title in AnonLang),cs-dotnet-core,al,0,0,578,256,834,1,4,4,0,0,0,0,0,0,
2023-11-09T12:28:14.683,fp_a24b4d720c,1,4baf3bb9-a7bb-11e7-a937-00505601122b,Programming I and II,,(title in AnonLang),python3,al,0,0,547,126,673,1,5,5,0,0,0,0,0,0,
2023-11-09T12:28:25.943,fp_a24b4d720c,1,4b5b4f9d-e65e-11e7-9ef6-00505601122b,Programming I and II,,Carrots and Parsley,cs-dotnet-core,en,0,0,451,391,842,1,3,3,0,0,0,0,0,0,
2023-11-09T12:28:36.340,fp_a24b4d720c,1,f39ba7b1-a7b1-11e7-a937-00505601122b,Programming I and II,,King's path on a chessboard (length),python3,en,0,0,406,352,758,1,4,4,0,0,0,0,0,0,
2023-11-09T12:28:42.979,fp_a24b4d720c,1,deaaff6f-28ad-11e8-9de3-00505601122b,Programming I and II,,Evaluation of prefix notation,python3,en,0,0,394,188,582,1,5,5,0,0,0,0,0,0,
2023-11-09T12:28:51.380,fp_a24b4d720c,1,2c1df1fa-fe8a-11e9-9ce9-00505601122b,Programming I and II,,(title in AnonLang),python3,al,0,0,559,249,808,1,5,5,0,0,0,0,0,0,
2023-11-09T12:28:57.013,fp_a24b4d720c,1,a5b391fc-d5af-11ec-8da3-d412db16db0b,Programming I and II,,Ordered N-tuples,python3,en,0,0,472,127,599,1,5,5,0,0,0,0,0,0,
2023-11-09T12:29:06.990,fp_a24b4d720c,1,d07507f7-1046-490f-ab38-8867bbf47416,Programming I and II,,Dice,cs-dotnet-core,en,0,0,503,246,749,1,10,10,0,0,0,0,0,0,
2023-11-09T12:29:13.185,fp_a24b4d720c,1,b98b1f22-cb42-11ec-8da3-d412db16db0b,Programming I and II,,(title in AnonLang),python3,al,0,0,543,166,709,1,4,4,0,0,0,0,0,0,
2023-11-09T12:29:22.156,fp_a24b4d720c,1,023a640f-a811-11e7-a937-00505601122b,Programming I and II,,(title in AnonLang),python3,al,0,0,545,231,776,1,4,4,0,0,0,0,0,0,
2023-11-09T12:29:36.832,fp_a24b4d720c,1,6e7c41f3-f488-11e8-b0fd-00505601122b,Programming in C++,,(title in AnonLang),cxx-gcc-linux,al,0,0,629,373,1002,1,2,2,0,0,0,0,0,0,
2023-11-09T12:29:44.440,fp_a24b4d720c,1,5a251e33-a88c-11e7-a937-00505601122b,Programming I and II,,(title in AnonLang),python3,al,0,0,559,114,673,1,5,5,0,0,0,0,0,0,
2023-11-09T12:29:49.537,fp_a24b4d720c,1,72502276-519e-11ea-a595-00505601122b,Programming I and II,,(title in AnonLang),python3,al,0,0,572,115,687,1,3,3,0,0,0,0,0,0,
2023-11-09T12:30:00.925,fp_a24b4d720c,1,ff308921-a7b1-11e7-a937-00505601122b,Programming I and II,,(title in AnonLang),python3,al,0,0,558,331,889,0.2,10,2,0,1,7,0,0,0,
2023-11-09T12:30:16.504,fp_a24b4d720c,1,e1ab5360-28ad-11e8-9de3-00505601122b,Programming I and II,,Stack,python3,en,10,10,875,332,1207,0,5,0,0,5,0,0,0,0,
2023-11-09T12:30:21.465,fp_a24b4d720c,1,8bdf764a-f025-11e9-9ce9-00505601122b,Programming I and II,,Is a number symmetric in Python?,python3,en,0,0,417,83,500,1,3,3,0,0,0,0,0,0,
2023-11-09T12:30:27.594,fp_a24b4d720c,1,b2b9630f-8e91-11ec-986f-f39926f24a9c,Programming I and II,,Third Highest Score,python3,en,0,0,446,94,540,1,5,5,0,0,0,0,0,0,
2023-11-09T12:30:34.381,fp_a24b4d720c,1,714cf5f4-9950-11ec-986f-f39926f24a9c,Programming I and II,,Margit the Prime Lover,python3,en,0,0,442,138,580,0,5,0,0,5,0,0,0,0,
2023-11-09T12:30:44.060,fp_a24b4d720c,1,97f2d540-4004-11ec-986f-f39926f24a9c,Programming I and II,,(title in AnonLang),python3,al,0,0,580,265,845,1,4,4,0,0,0,0,0,0,
2023-11-09T12:30:56.744,fp_a24b4d720c,1,e60f4aa9-8285-11eb-a1a9-005056ad4f31,Programming I and II,,Common permutation,cs-dotnet-core,en,0,0,514,235,749,1,8,8,0,0,0,0,0,0,
2023-11-09T12:31:04.993,fp_a24b4d720c,1,fd2bf517-567b-11ea-a595-00505601122b,Programming I and II,,(title in AnonLang),python3,al,0,0,611,210,821,0,5,0,0,5,0,0,0,0,
2023-11-09T12:31:24.388,fp_a24b4d720c,1,d03c30e7-8ef8-11ec-986f-f39926f24a9c,Programming I and II,,Love Constant,python3,en,0,0,476,105,581,1,5,5,0,0,0,0,0,0,
2023-11-09T12:31:35.983,fp_a24b4d720c,1,747a88d9-542a-11ec-986f-f39926f24a9c,Introduction to Algorithms,,(title in AnonLang),python3,al,1,1,542,288,830,1,5,5,0,0,0,0,0,0,
2023-11-09T12:31:46.778,fp_a24b4d720c,1,c35954e6-a88c-11e7-a937-00505601122b,Programming I and II,,(title in AnonLang),cs-dotnet-core,al,0,0,629,318,947,1,10,10,0,0,0,0,0,0,
2023-11-09T12:31:55.488,fp_a24b4d720c,1,c774fba0-a4bc-11ec-986f-f39926f24a9c,Programming I and II,,Merge two sorted sequences,python3,en,0,0,432,265,697,1,4,4,0,0,0,0,0,0,
2023-11-09T12:32:02.182,fp_a24b4d720c,1,889efd76-9a9f-11ec-986f-f39926f24a9c,Programming I and II,,(title in AnonLang),python3,al,0,0,621,149,770,0.25,4,1,0,0,3,0,0,0,
2023-11-09T12:32:07.650,fp_a24b4d720c,1,dd72607b-2e00-11ec-986f-f39926f24a9c,Programming I and II,,Emulate the list.insert() function,python3,en,0,0,428,129,557,1,3,3,0,0,0,0,0,0,
2023-11-09T12:32:28.943,fp_a24b4d720c,1,de52476e-5d58-11ea-a595-00505601122b,Non-Procedural Programming,,Goldbach sums,prolog,en,0,0,456,226,682,0,7,0,0,7,0,0,0,0,
2023-11-09T12:32:39.237,fp_a24b4d720c,1,e30c5b28-0412-11ea-9ce9-00505601122b,Programming I and II,,(title in AnonLang),python3,al,0,0,615,320,935,1,4,4,0,0,0,0,0,0,
2023-11-09T12:32:43.914,fp_a24b4d720c,1,1e5d58df-8efd-11ec-986f-f39926f24a9c,Programming I and II,,Opposite Capitalization,python3,en,0,0,442,77,519,1,4,4,0,0,0,0,0,0,
2023-11-09T12:32:49.947,fp_a24b4d720c,1,ce12cda1-ca0a-11e7-a937-00505601122b,Programming I and II,,Infix evaluator,python3,en,0,0,424,141,565,0,5,0,0,0,5,0,0,0,
2023-11-09T12:33:14.013,fp_a24b4d720c,1,f837d118-a7b1-11e7-a937-00505601122b,Programming I and II,,King's path on a chessboard,cs-dotnet-core,en,0,0,495,677,1172,1,4,4,0,0,0,0,0,0,
2023-11-09T12:33:18.867,fp_a24b4d720c,1,4c31698f-1a07-11ea-9ce9-00505601122b,Programming I and II,,(title in AnonLang),python3,al,0,0,573,94,667,1,2,2,0,0,0,0,0,0,
2023-11-09T12:33:28.207,fp_a24b4d720c,1,f8b033c6-b9cd-11e7-a937-00505601122b,Programming I and II,,Number of inversions in a permutation,cxx-gcc-linux,en,0,0,524,244,768,0.8,8,7,0,0,0,1,0,0,
2023-11-09T12:33:40.501,fp_a24b4d720c,1,d6494627-2675-4b89-9f02-d2def9ae8bd2,Programming I and II,,(title in AnonLang),python3,al,1,1,785,372,1157,0.5,4,2,0,0,2,0,0,0,
2023-11-09T12:33:44.465,fp_a24b4d720c,1,8e0af49f-01de-11eb-9574-ea7484399335,Programming I and II,,(title in AnonLang),python3,al,0,0,585,53,638,1,5,5,0,0,0,0,0,0,
2023-11-09T12:34:12.179,fp_a24b4d720c,1,82d3a2cd-1fc4-11ec-986f-f39926f24a9c,Java,,DYN-ARRAY,java,en,0,0,493,543,1036,1,2,2,0,0,0,0,0,0,
2023-11-09T12:34:23.497,fp_a24b4d720c,1,e70f0680-362c-11eb-a1a9-005056ad4f31,Programming I and II,,Young tableaux DP,python3,en,0,0,443,308,751,0,10,0,0,0,10,0,0,0,
2023-11-09T12:34:45.863,fp_a24b4d720c,1,e071106a-cd50-11e8-a4be-00505601122b,Programming in C++,,(title in AnonLang),cxx-gcc-linux,al,0,0,687,746,1433,0,1,0,0,0,1,0,0,0,
2023-11-09T12:34:52.028,fp_a24b4d720c,1,30498f7c-a88d-11e7-a937-00505601122b,Programming I and II,,Number of words,python3,en,0,0,419,121,540,1,5,5,0,0,0,0,0,0,
2023-11-09T12:35:03.368,fp_a24b4d720c,1,dd44dd78-5130-11ec-986f-f39926f24a9c,Introduction to Algorithms,,(title in AnonLang),python3,al,0,0,607,354,961,1,5,5,0,0,0,0,0,0,
2023-11-09T12:35:29.641,fp_a24b4d720c,1,1fefc4e2-44b7-11e9-b0fd-00505601122b,Programming I and II,,King in a file,c-gcc-linux,en,0,0,423,788,1211,1,7,7,0,0,0,0,0,0,
2023-11-09T12:35:40.270,fp_a24b4d720c,1,566e4d24-561e-11ec-986f-f39926f24a9c,Introduction to Algorithms,,(title in AnonLang),python3,al,0,0,607,219,826,1,8,8,0,0,0,0,0,0,
2023-11-09T12:35:47.129,fp_a24b4d720c,1,443b5b01-a88d-11e7-a937-00505601122b,Programming I and II,,Copying a file by sentences,python3,en,0,0,423,126,549,0.2,5,1,0,0,4,0,0,0,
2023-11-09T12:35:54.539,fp_a24b4d720c,1,8bea7cb7-c1bc-4bb6-9bfd-382c50748ee1,Programming I and II,,Maximum product,cs-dotnet-core,en,0,0,572,150,722,1,10,10,0,0,0,0,0,0,
2023-11-09T12:36:03.662,fp_a24b4d720c,1,dfc2a156-7203-11ec-986f-f39926f24a9c,Introduction to Algorithms,,(title in AnonLang),python3,al,0,0,601,272,873,1,5,5,0,0,0,0,0,0,
2023-11-09T12:36:24.107,fp_a24b4d720c,1,c9d5e0b3-1124-11ea-9ce9-00505601122b,Programming I and II,,(title in AnonLang),python3,al,1,1,1022,711,1733,1,10,10,0,0,0,0,0,0,
2023-11-09T12:51:06.992,fp_a24b4d720c,1,5af1ca0d-cb28-11ec-8da3-d412db16db0b,Programming I and II,,Cliques,python3,en,0,0,450,277,727,0.6,5,3,0,0,0,2,0,0,
2023-11-09T12:51:14.832,fp_a24b4d720c,1,12aee9c1-f64c-11e9-9ce9-00505601122b,Programming I and II,,(title in AnonLang),python3,al,0,0,604,205,809,1,6,6,0,0,0,0,0,0,
2023-11-09T12:51:25.993,fp_a24b4d720c,1,f1d6aec6-e409-11e8-a4be-00505601122b,Programming in C++,,(title in AnonLang),cxx-gcc-linux,al,0,0,654,346,1000,1,1,1,0,0,0,0,0,0,
2023-11-09T12:51:31.618,fp_a24b4d720c,1,e786ad5e-3e61-11ec-986f-f39926f24a9c,Programming I and II,,Pyramid fill,python3,en,0,0,606,107,713,1,3,3,0,0,0,0,0,0,
2023-11-09T12:51:37.137,fp_a24b4d720c,1,b13589df-9eee-11ec-986f-f39926f24a9c,Programming I and II,,Number of Elements,python3,en,0,0,508,115,623,1,5,5,0,0,0,0,0,0,
2023-11-09T12:51:43.143,fp_a24b4d720c,1,3eaa2aa5-f364-11e9-9ce9-00505601122b,Programming I and II,,(title in AnonLang),python3,al,0,0,675,160,835,0.2,5,1,0,0,4,0,0,0,
2023-11-09T12:52:23.905,fp_a24b4d720c,1,395dc39c-b5d2-11ec-8d84-d310d4f96200,Programming I and II,,Over the Median v2,python3,en,0,0,535,253,788,0.8,5,4,0,0,0,1,0,0,
2023-11-09T12:52:44.212,fp_a24b4d720c,1,81a692a6-0efb-11eb-98c0-005056ad4f31,Programming I and II,,(title in AnonLang),python3,al,0,0,624,471,1095,0,4,0,0,0,4,0,0,0,
2023-11-09T12:53:07.244,fp_a24b4d720c,1,9067a388-0c60-11ea-9ce9-00505601122b,Programming I and II,,(title in AnonLang),python3,al,1,1,1003,597,1600,1,12,12,0,0,0,0,0,0,
2023-11-09T12:53:22.608,fp_a24b4d720c,1,f6083437-2f8d-11ec-986f-f39926f24a9c,Introduction to Algorithms,,(title in AnonLang),python3,al,0,0,698,330,1028,0,7,0,0,4,3,0,0,0,
2023-11-09T12:53:41.414,fp_a24b4d720c,1,86585739-0e49-11eb-98c0-005056ad4f31,Programming in C++,,(title in AnonLang),cxx-gcc-linux,al,0,0,550,588,1138,0,1,0,0,0,1,0,0,0,
2023-11-09T12:54:03.321,fp_a24b4d720c,1,58e74dd3-0427-11ea-9ce9-00505601122b,Programming I and II,,(title in AnonLang),python3,al,0,0,633,387,1020,1,5,5,0,0,0,0,0,0,
2023-11-09T12:54:13.029,fp_a24b4d720c,1,56053a97-4009-11ec-986f-f39926f24a9c,Programming I and II,,(title in AnonLang),python3,al,0,0,627,243,870,0.25,4,1,0,0,3,0,0,0,
2023-11-09T12:54:30.299,fp_a24b4d720c,1,2e3fae5a-08a7-11eb-98c0-005056ad4f31,Introduction to Algorithms,,(title in AnonLang),python3,al,0,0,677,297,974,1,10,10,0,0,0,0,0,0,
2023-11-09T12:54:46.795,fp_a24b4d720c,1,09e72fe9-a811-11e7-a937-00505601122b,Programming I and II,,Wavy subsequence,cs-dotnet-core,en,0,0,522,507,1029,1,10,10,0,0,0,0,0,0,
2023-11-09T12:54:53.727,fp_a24b4d720c,1,71cc6cac-ba77-11ec-8d84-d310d4f96200,Programming I and II,,POWERset,python3,en,0,0,489,96,585,1,5,5,0,0,0,0,0,0,
2023-11-09T12:55:03.600,fp_a24b4d720c,1,1f12e94b-8472-11ec-986f-f39926f24a9c,Programming I and II,,(title in AnonLang),python3,al,0,0,671,299,970,1,10,10,0,0,0,0,0,0,
2023-11-09T12:55:12.458,fp_a24b4d720c,1,0eddafab-80cb-11eb-a1a9-005056ad4f31,Programming I and II,,(title in AnonLang),python3,al,0,0,634,299,933,0.6,5,3,0,0,2,0,0,0,
2023-11-09T12:55:21.922,fp_a24b4d720c,1,0aa0986a-6208-11ea-a595-00505601122b,Programming I and II,,(title in AnonLang),python3,al,0,0,690,257,947,0,10,0,0,0,10,0,0,0,
2023-11-09T12:55:33.264,fp_a24b4d720c,1,ba528806-794b-11ec-986f-f39926f24a9c,Programming I and II,,(title in AnonLang),python3,al,0,0,596,378,974,1,8,8,0,0,0,0,0,0,
2023-11-09T12:55:39.697,fp_a24b4d720c,1,9bae1512-7203-11ec-986f-f39926f24a9c,Introduction to Algorithms,,(title in AnonLang),python3,al,0,0,694,157,851,0,4,0,0,0,4,0,0,0,
2023-11-09T12:55:49.761,fp_a24b4d720c,1,af82b7ac-96f5-11eb-a1a9-005056ad4f31,Non-Procedural Programming,,Lists and strings,haskell,en,0,0,575,145,720,0.78,9,7,0,0,2,0,0,0,
2023-11-09T12:56:07.772,fp_a24b4d720c,1,470b2f63-8fc7-11eb-a1a9-005056ad4f31,Programming I and II,,(title in AnonLang),cs-dotnet-core,al,0,0,580,310,890,0.75,20,15,0,0,5,0,0,0,
2023-11-09T12:56:33.332,fp_a24b4d720c,1,cd3d53d0-a7b1-11e7-a937-00505601122b,Programming I and II,,(title in AnonLang),python3,al,0,0,652,271,923,0.4,5,2,0,0,3,0,0,0,
2023-11-09T12:56:46.875,fp_a24b4d720c,1,d5984dab-a88b-11e7-a937-00505601122b,Programming I and II,,(title in AnonLang),python3,al,0,0,639,468,1107,0.2,10,2,0,0,8,0,0,0,
2023-11-09T12:56:52.165,fp_a24b4d720c,1,a1617916-26c8-11ec-986f-f39926f24a9c,Programming I and II,,(title in AnonLang),python3,al,0,0,653,111,764,1,9,9,0,0,0,0,0,0,
2023-11-09T12:57:22.947,fp_a24b4d720c,1,611dabb7-2154-11e8-9de3-00505601122b,Web Applications,,Sieve of Eratosthenes (Advanced),php-linux,en,0,0,452,465,917,0,4,0,0,0,3,1,0,0,
2023-11-09T12:57:36.307,fp_a24b4d720c,1,d74652e6-540f-11eb-a1a9-005056ad4f31,Programming I and II,Introduction to Algorithms,Linear equations,python3,en,0,0,524,413,937,1,4,4,0,0,0,0,0,0,
2023-11-09T12:57:49.240,fp_a24b4d720c,1,ed7bc2b3-4b8f-11ec-986f-f39926f24a9c,Programming I and II,,(title in AnonLang),python3,al,0,0,647,190,837,0.67,3,2,0,0,1,0,0,0,
2023-11-09T12:58:00.704,fp_a24b4d720c,1,17bb952b-503d-11ec-986f-f39926f24a9c,Programming I and II,,(title in AnonLang),python3,al,0,0,684,163,847,0,2,0,0,0,1,1,0,0,
2023-11-09T12:58:08.915,fp_a24b4d720c,1,dc185afd-c561-11ec-8da3-d412db16db0b,Programming I and II,,Distances,python3,en,0,0,495,263,758,1,5,5,0,0,0,0,0,0,
2023-11-09T12:58:27.617,fp_a24b4d720c,1,9d0294e8-8770-11ec-986f-f39926f24a9c,Programming I and II,,(title in AnonLang),python3,al,0,0,663,539,1202,1,7,7,0,0,0,0,0,0,
2023-11-09T12:58:44.763,fp_a24b4d720c,1,fda9fffa-9bbe-11ec-986f-f39926f24a9c,Non-Procedural Programming,,(title in AnonLang),prolog,al,0,0,663,455,1118,0,4,0,0,0,1,0,3,0,
2023-11-09T12:58:57.296,fp_a24b4d720c,1,e950bba6-9bf7-47ec-804b-1a8a2ba47dbc,Programming I and II,,(title in AnonLang),cs-dotnet-core,al,0,0,740,304,1044,1,10,10,0,0,0,0,0,0,
2023-11-09T12:59:04.811,fp_a24b4d720c,1,38a9efa1-7204-11ec-986f-f39926f24a9c,Introduction to Algorithms,,(title in AnonLang),python3,al,0,0,674,172,846,0,6,0,0,0,6,0,0,0,
2023-11-09T12:59:14.224,fp_a24b4d720c,1,db992a4a-9b83-11eb-a1a9-005056ad4f31,Programming I and II,,Post office counters,cs-dotnet-core,en,0,0,525,335,860,1,10,10,0,0,0,0,0,0,
2023-11-09T12:59:29.102,fp_a24b4d720c,1,1f65ed86-13e0-490a-9fc4-4182f7f4184a,Non-Procedural Programming,,Base conversion,prolog,en,0,0,622,423,1045,0.1,10,1,0,8,1,0,0,0,
2023-11-09T12:59:54.614,fp_a24b4d720c,1,9534a7d2-5412-11eb-a1a9-005056ad4f31,Programming I and II,,N over M,cs-dotnet-core,en,0,0,572,286,858,1,10,10,0,0,0,0,0,0,
2023-11-09T13:00:23.440,fp_a24b4d720c,1,a4cd3c9f-d6ba-11ec-8da3-d412db16db0b,Programming I and II,,(title in AnonLang),python3,al,0,0,711,455,1166,0,5,0,0,0,5,0,0,0,
2023-11-09T13:00:32.753,fp_a24b4d720c,1,65a2302b-d531-11ec-8da3-d412db16db0b,Programming I and II,,Arithmetic,python3,en,0,0,530,206,736,0.36,11,4,0,0,7,0,0,0,
2023-11-09T13:08:27.157,fp_a24b4d720c,1,54a533d7-7316-11ea-a595-00505601122b,Non-Procedural Programming,,Queens on a chessboard,haskell,en,1,0,590,104,694,0.5,10,5,0,0,5,0,0,0,
2023-11-09T13:08:40.245,fp_a24b4d720c,1,872a1c5b-6e51-11e9-b0fd-00505601122b,Non-Procedural Programming,,Arithmetic expressions,haskell,en,0,0,625,406,1031,1,5,5,0,0,0,0,0,0,
2023-11-09T13:08:54.619,fp_a24b4d720c,1,ec7227dc-a810-11e7-a937-00505601122b,Programming I and II,,(title in AnonLang),cs-dotnet-core,al,0,0,684,307,991,1,7,7,0,0,0,0,0,0,
2023-11-09T13:09:05.981,fp_a24b4d720c,1,6e572d11-023a-4e11-91ae-834542df6c8f,Programming I and II,,(title in AnonLang),python3,al,0,0,648,295,943,1,3,3,0,0,0,0,0,0,
2023-11-09T13:09:12.252,fp_a24b4d720c,1,c69f9d2c-3386-11ec-986f-f39926f24a9c,Programming I and II,,Median,python3,en,0,0,563,108,671,1,3,3,0,0,0,0,0,0,
2023-11-09T13:09:28.649,fp_a24b4d720c,1,8753d555-25da-11ec-986f-f39926f24a9c,Java,,BIN-TREE,java,en,0,0,555,431,986,1,2,2,0,0,0,0,0,0,
2023-11-09T13:10:01.386,fp_a24b4d720c,1,ea09d7c4-28ad-11e8-9de3-00505601122b,Programming I and II,,MZ - Binary Search Tree,python3,en,0,0,489,805,1294,0,5,0,0,0,5,0,0,0,
2023-11-09T13:10:21.240,fp_a24b4d720c,1,8dcdf177-a88f-11e7-a937-00505601122b,Programming I and II,,(title in AnonLang),cs-dotnet-core,al,0,0,756,517,1273,0,9,0,0,8,1,0,0,0,
2023-11-09T13:10:28.522,fp_a24b4d720c,1,cc98f2c7-088e-11ea-9ce9-00505601122b,Programming I and II,,(title in AnonLang),python3,al,0,0,766,151,917,1,5,5,0,0,0,0,0,0,
2023-11-09T13:10:42.198,fp_a24b4d720c,1,52a6c3ad-a88d-11e7-a937-00505601122b,Programming I and II,,(title in AnonLang),python3,al,0,0,726,298,1024,1,7,7,0,0,0,0,0,0,
2023-11-09T13:10:55.232,fp_a24b4d720c,1,495f69c4-e434-40ff-ba8e-9d6c00940613,Non-Procedural Programming,,(title in AnonLang),prolog,al,0,0,640,422,1062,0.14,7,1,0,6,0,0,0,0,
2023-11-09T13:11:10.593,fp_a24b4d720c,1,d2f12188-aba7-11e7-a937-00505601122b,C# Language and .NET Framework,,(title in AnonLang),cs-dotnet-core,al,0,0,596,522,1118,0,12,0,0,3,9,0,0,0,
2023-11-09T13:11:42.658,fp_a24b4d720c,1,9f313454-5264-11ea-a595-00505601122b,Non-Procedural Programming,,Restaurant,prolog,en,0,0,443,636,1079,0,1,0,0,0,1,0,0,0,
2023-11-09T13:12:04.845,fp_a24b4d720c,1,c8ff391a-a811-11e7-a937-00505601122b,Programming I and II,,For a free time,cs-dotnet-core,en,0,0,569,645,1214,0,4,0,0,4,0,0,0,0,
2023-11-09T13:12:16.918,fp_a24b4d720c,1,67f9b971-7204-11ec-986f-f39926f24a9c,Introduction to Algorithms,,(title in AnonLang),python3,al,0,0,693,313,1006,0,8,0,0,0,8,0,0,0,
2023-11-09T13:12:38.503,fp_a24b4d720c,1,cca7252b-fb4e-11e9-9ce9-00505601122b,Programming I and II,,(title in AnonLang),python3,al,0,0,714,243,957,0.17,8,3,0,0,3,2,0,0,
2023-11-09T13:12:47.854,fp_a24b4d720c,1,739ea587-685e-11ea-a595-00505601122b,Non-Procedural Programming,,Regular expressions,prolog,en,0,0,516,284,800,1,4,4,0,0,0,0,0,0,
2023-11-09T13:13:06.171,fp_a24b4d720c,1,7e9f5c43-3813-11ec-986f-f39926f24a9c,Programming I and II,,(title in AnonLang),python3,al,0,0,650,272,922,0.33,3,1,0,0,2,0,0,0,
2023-11-09T13:13:13.892,fp_a24b4d720c,1,976eae33-0eb4-492e-8384-5124ffde952b,Programming I and II,,Searching in an ordered array,python3,en,0,0,535,175,710,1,9,9,0,0,0,0,0,0,
2023-11-09T13:13:25.451,fp_a24b4d720c,1,477c3772-cc87-4cc9-aa98-32d2bad9c074,Programming I and II,,Sorting of the training attendance,python3,en,0,0,487,282,769,1,5,5,0,0,0,0,0,0,
2023-11-09T13:13:37.883,fp_a24b4d720c,1,87101236-6c7a-11ec-986f-f39926f24a9c,Programming I and II,,(title in AnonLang),python3,al,0,0,740,246,986,1,10,10,0,0,0,0,0,0,
2023-11-09T13:13:45.975,fp_a24b4d720c,1,b4e13957-0a47-11eb-98c0-005056ad4f31,Programming I and II,,Integer solutions,python3,en,0,0,691,152,843,0.7,10,7,0,0,0,3,0,0,
2023-11-09T13:14:03.689,fp_a24b4d720c,1,0c965a56-8e65-11ec-986f-f39926f24a9c,Programming I and II,,Primality claim,cs-dotnet-core,en,0,0,646,416,1062,1,6,6,0,0,0,0,0,0,
2023-11-09T13:14:24.846,fp_a24b4d720c,1,12a5e40b-a890-11e7-a937-00505601122b,Programming I and II,,Optimal matrix product,cs-dotnet-core,en,0,0,591,656,1247,0,7,0,0,0,7,0,0,0,
2023-11-09T13:14:37.040,fp_a24b4d720c,1,0bfa1156-57e9-11ea-a595-00505601122b,Non-Procedural Programming,,Duplicates,prolog,en,0,0,568,228,796,0.67,9,6,0,0,1,0,2,0,
2023-11-09T13:14:48.589,fp_a24b4d720c,1,207a8c8b-d13d-417f-94ce-13d0d502fa9a,Programming I and II,,(title in AnonLang),python3,al,0,0,648,248,896,1,2,2,0,0,0,0,0,0,
2023-11-09T13:15:42.121,fp_a24b4d720c,1,70762cbe-791d-11eb-a1a9-005056ad4f31,Programming I and II,,Closest pair of points,cxx-gcc-linux,en,0,0,603,749,1352,0.25,7,3,0,0,0,4,0,0,
2023-11-09T13:15:51.068,fp_a24b4d720c,1,838edb9e-b5de-11ec-8d84-d310d4f96200,Non-Procedural Programming,,(title in AnonLang),haskell,al,0,0,764,167,931,0.78,9,7,0,0,2,0,0,0,
2023-11-09T13:15:56.350,fp_a24b4d720c,1,7bcb7a2d-3e56-11ec-986f-f39926f24a9c,Programming I and II,,(title in AnonLang),python3,al,0,0,778,123,901,1,4,4,0,0,0,0,0,0,
2023-11-09T13:16:19.832,fp_a24b4d720c,1,e603b29a-9503-11ec-986f-f39926f24a9c,Programming I and II,,Partition point of a sequence,python3,en,0,0,568,262,830,0.43,7,3,0,0,4,0,0,0,
2023-11-09T13:16:44.604,fp_a24b4d720c,1,73ac55ab-62ed-11ea-a595-00505601122b,Non-Procedural Programming,,Dates,prolog,en,0,0,555,479,1034,0.3,10,3,0,7,0,0,0,0,
2023-11-09T13:16:55.020,fp_a24b4d720c,1,a16d4cf5-2f49-11ec-986f-f39926f24a9c,Programming I and II,,(title in AnonLang),python3,al,20,20,1668,246,1914,0,10,0,0,0,10,0,0,0,
2023-11-09T13:17:00.585,fp_a24b4d720c,1,f3eb0826-cd9a-11e8-a4be-00505601122b,Java,,MULTIPLICATION TABLE,java,en,1,1,692,90,782,0.9,10,9,0,0,1,0,0,0,
2023-11-09T13:17:38.833,fp_a24b4d720c,1,b40d62c1-7b79-11ea-a595-00505601122b,Web Applications,,JS - ES6 warm up,node-linux,en,2,2,2947,942,3889,0,1,0,0,0,1,0,0,0,
2023-11-09T13:17:44.791,fp_a24b4d720c,1,1b4d8c05-2f7f-11ec-986f-f39926f24a9c,Programming I and II,,(title in AnonLang),python3,al,0,0,598,89,687,1,4,4,0,0,0,0,0,0,
2023-11-09T13:17:55.410,fp_a24b4d720c,1,f45d7452-994a-11ec-986f-f39926f24a9c,Programming I and II,,Godrick the Grafter,python3,en,0,0,583,157,740,1,5,5,0,0,0,0,0,0,
2023-11-09T13:18:05.380,fp_a24b4d720c,1,835eada2-491f-11ec-986f-f39926f24a9c,Introduction to Algorithms,,(title in AnonLang),python3,al,1,1,770,286,1056,1,2,2,0,0,0,0,0,0,
2023-11-09T13:18:19.739,fp_a24b4d720c,1,afd1e168-d535-11ec-8da3-d412db16db0b,Programming I and II,,Party,python3,en,0,0,537,292,829,1,11,11,0,0,0,0,0,0,
2023-11-09T13:18:29.789,fp_a24b4d720c,1,0d72cea2-a88c-11e7-a937-00505601122b,Programming I and II,,Pallets,python3,en,0,0,529,337,866,0.7,10,7,0,0,3,0,0,0,
2023-11-09T13:18:52.399,fp_a24b4d720c,1,2cf05181-2f4c-11ec-986f-f39926f24a9c,Introduction to Algorithms,,(title in AnonLang),python3,al,0,0,778,249,1027,1,5,5,0,0,0,0,0,0,
2023-11-09T13:19:54.165,fp_a24b4d720c,1,5abf8e3a-996c-11ec-986f-f39926f24a9c,Programming I and II,,3D Tic-Tac-Toe,cs-dotnet-core,en,0,0,665,1244,1909,1,12,12,0,0,0,0,0,0,
2023-11-09T13:19:59.351,fp_a24b4d720c,1,43378d5e-b115-11ec-8d84-d310d4f96200,Programming I and II,,The Same,python3,en,0,0,595,115,710,0.25,5,2,0,3,0,0,0,0,
2023-11-09T13:20:06.002,fp_a24b4d720c,1,e6adf47d-0a45-11eb-98c0-005056ad4f31,Programming I and II,,Range of years,python3,en,0,0,623,136,759,1,6,6,0,0,0,0,0,0,
2023-11-09T13:20:23.989,fp_a24b4d720c,1,0f790301-a88d-11e7-a937-00505601122b,Programming I and II,,Missing parentheses,cs-dotnet-core,en,0,0,606,587,1193,1,6,6,0,0,0,0,0,0,
2023-11-09T13:20:33.181,fp_a24b4d720c,1,2c7852fa-a814-11e7-a937-00505601122b,Programming I and II,,(title in AnonLang),python3,al,0,0,774,296,1070,1,5,5,0,0,0,0,0,0,
2023-11-09T13:20:44.897,fp_a24b4d720c,1,8f94e018-84e1-11ea-a595-00505601122b,Programming I and II,,(title in AnonLang),python3,al,0,0,776,415,1191,0,5,0,0,5,0,0,0,0,
2023-11-09T13:20:53.110,fp_a24b4d720c,1,d3ef2949-d532-11ec-8da3-d412db16db0b,Programming I and II,,Tree,python3,en,0,0,533,203,736,0.73,11,8,0,3,0,0,0,0,
2023-11-09T13:25:10.520,fp_a24b4d720c,1,21e1fddf-a88c-11e7-a937-00505601122b,Programming I and II,,(title in AnonLang),cs-dotnet-core,al,0,0,849,545,1394,0.8,5,4,0,1,0,0,0,0,
2023-11-09T13:25:22.400,fp_a24b4d720c,1,8315e065-6e5e-11e9-b0fd-00505601122b,Non-Procedural Programming,,Dividing polynomials,haskell,en,0,0,727,287,1014,0,7,0,7,0,0,0,0,0,
2023-11-09T13:25:50.183,fp_a24b4d720c,1,8921f3ec-6334-11ec-986f-f39926f24a9c,Programming I and II,,Integer sums,python3,en,0,0,631,98,729,1,5,5,0,0,0,0,0,0,
2023-11-09T13:26:03.443,fp_a24b4d720c,1,79de96bf-1685-11ea-9ce9-00505601122b,Programming I and II,,Permutation lookup,python3,en,1,0,549,415,964,0,8,0,0,0,8,0,0,0,
2023-11-09T13:26:27.807,fp_a24b4d720c,1,e16cdedf-2e3f-4352-ab83-a0d4624234aa,Programming I and II,,(title in AnonLang),cs-dotnet-core,al,0,0,863,972,1835,0,4,0,0,4,0,0,0,0,
2023-11-09T13:26:45.918,fp_a24b4d720c,1,04917ab2-a7b2-11e7-a937-00505601122b,Programming I and II,,Sokoban (storekeeper),cs-dotnet-core,en,0,0,595,692,1287,0.2,5,1,0,0,4,0,0,0,
2023-11-09T13:27:00.328,fp_a24b4d720c,1,b547c6c0-a88f-11e7-a937-00505601122b,Programming I and II,,(title in AnonLang),cs-dotnet-core,al,0,0,885,436,1321,1,5,5,0,0,0,0,0,0,
2023-11-09T13:27:10.297,fp_a24b4d720c,1,96d57cae-5326-11ea-a595-00505601122b,Programming I and II,,Monotonicity of rational numbers,cs-dotnet-core,en,0,0,670,289,959,0.71,7,5,0,0,2,0,0,0,
2023-11-09T13:27:19.537,fp_a24b4d720c,1,fe9af127-af25-11ec-8d84-d310d4f96200,Non-Procedural Programming,,Words,haskell,en,0,0,596,210,806,0,13,0,13,0,0,0,0,0,
2023-11-09T13:27:56.109,fp_a24b4d720c,1,f00ed3b9-8fab-11ea-befc-00505601122b,Programming I and II,,(title in AnonLang),python3,al,2,0,794,845,1639,0,10,0,0,10,0,0,0,0,
2023-11-09T13:28:12.598,fp_a24b4d720c,1,6d55721b-a88d-11e7-a937-00505601122b,Programming I and II,,(title in AnonLang),python3,al,0,0,827,614,1441,0.3,10,3,0,0,7,0,0,0,
2023-11-09T13:28:20.110,fp_a24b4d720c,1,4e50997e-3e74-11ec-986f-f39926f24a9c,Programming I and II,,(title in AnonLang),python3,al,0,0,835,174,1009,1,4,4,0,0,0,0,0,0,
2023-11-09T13:28:35.457,fp_a24b4d720c,1,7747827e-6ca2-11e9-b0fd-00505601122b,Non-Procedural Programming,,Tautologies,haskell,en,0,0,628,444,1072,0,10,0,10,0,0,0,0,0,
2023-11-09T13:29:01.347,fp_a24b4d720c,1,f6450f96-7dd7-11eb-a1a9-005056ad4f31,Programming I and II,,(title in AnonLang),cxx-gcc-linux,al,1,0,884,826,1710,0,3,0,3,0,0,0,0,0,
2023-11-09T13:29:13.005,fp_a24b4d720c,1,97e4e2a4-5ee8-11ea-a595-00505601122b,Programming I and II,,Shortest path,cs-dotnet-core,en,0,0,775,361,1136,1,7,7,0,0,0,0,0,0,
2023-11-09T13:29:26.362,fp_a24b4d720c,1,ea0180d1-3a83-11ec-986f-f39926f24a9c,Introduction to Algorithms,,(title in AnonLang),python3,al,0,0,828,309,1137,0,5,0,0,0,5,0,0,0,
2023-11-09T13:29:49.696,fp_a24b4d720c,1,ac59ca75-c00a-11ec-8da3-d412db16db0b,Programming I and II,,Orientation,cs-dotnet-core,en,0,0,666,737,1403,0.2,5,1,0,0,4,0,0,0,
2023-11-09T13:30:00.499,fp_a24b4d720c,1,19085c88-b5f5-11ec-8d84-d310d4f96200,Programming I and II,,(title in AnonLang),python3,al,0,0,779,355,1134,0,4,0,0,0,4,0,0,0,
2023-11-09T13:30:51.247,fp_a24b4d720c,1,59d8b8ed-7843-11eb-a1a9-005056ad4f31,Programming I and II,,Square,cxx-gcc-linux,en,1,0,629,889,1518,0,6,2,0,0,2,2,0,0,
2023-11-09T13:31:04.931,fp_a24b4d720c,1,8048afc4-a3e7-11ec-986f-f39926f24a9c,Programming I and II,,(title in AnonLang),python3,al,0,0,798,349,1147,0,3,0,0,0,3,0,0,0,
2023-11-09T13:31:09.410,fp_a24b4d720c,1,4e612a12-3562-11eb-a1a9-005056ad4f31,Programming I and II,,P1M-JA: Wrapper function,python3,en,0,0,641,64,705,0.8,5,4,0,0,1,0,0,0,
2023-11-09T13:31:19.138,fp_a24b4d720c,1,71b1df7d-a88c-11e7-a937-00505601122b,Programming I and II,,(title in AnonLang),python3,al,0,0,822,282,1104,1,5,5,0,0,0,0,0,0,
2023-11-09T13:32:05.491,fp_a24b4d720c,1,66cdd8a4-c1d4-48e8-b389-5c7fc65bb171,Programming I and II,,Beautiful fractions,python3,en,0,0,579,231,810,0.2,5,1,0,0,4,0,0,0,
2023-11-09T13:32:21.820,fp_a24b4d720c,1,b440aaf1-60e2-11e9-b0fd-00505601122b,Programming I and II,,Longest ascending subsequence,cs-dotnet-core,en,0,0,678,437,1115,1,5,5,0,0,0,0,0,0,
2023-11-09T13:32:38.797,fp_a24b4d720c,1,072da0cd-6ad9-11eb-a1a9-005056ad4f31,Computer Systems,,(title in AnonLang),arduino-gcc,al,2,2,1206,486,1692,1,1,1,0,0,0,0,0,0,
2023-11-09T13:32:47.650,fp_a24b4d720c,1,9073155a-b5f3-11ec-8d84-d310d4f96200,Programming I and II,,Josephus problem - simulation,python3,en,0,0,566,254,820,1,4,4,0,0,0,0,0,0,
2023-11-09T13:32:59.028,fp_a24b4d720c,1,45a90981-9e07-11eb-a1a9-005056ad4f31,Programming I and II,,Ant on an infinite grid,cs-dotnet-core,en,0,0,721,331,1052,0,5,0,0,0,5,0,0,0,
2023-11-09T13:33:10.486,fp_a24b4d720c,1,27538c91-4167-11ec-986f-f39926f24a9c,Java,,USER-STAT,java,en,2,2,813,388,1201,1,3,3,0,0,0,0,0,0,
2023-11-09T13:33:22.370,fp_a24b4d720c,1,34ee3ca7-a205-11ec-986f-f39926f24a9c,Programming I and II,,(title in AnonLang),python3,al,0,0,781,314,1095,0.6,5,3,0,0,2,0,0,0,
2023-11-09T13:33:27.152,fp_a24b4d720c,1,d0abb5e2-a811-11e7-a937-00505601122b,Programming I and II,,(title in AnonLang),python3,al,0,0,863,84,947,1,5,5,0,0,0,0,0,0,
2023-11-09T13:33:34.466,fp_a24b4d720c,1,c99cc4c2-b0fd-11ec-8d84-d310d4f96200,Non-Procedural Programming,,(title in AnonLang),haskell,al,0,0,831,204,1035,1,3,3,0,0,0,0,0,0,
2023-11-09T13:34:19.199,fp_a24b4d720c,1,922ff917-7a8e-11eb-a1a9-005056ad4f31,Programming I and II,,Longest arithmetic subsequence,cs-dotnet-core,en,0,0,635,333,968,0.6,8,6,0,0,0,0,2,0,
2023-11-09T13:34:38.010,fp_a24b4d720c,1,61807005-4d7a-4a0e-9301-319ece0e027c,Non-Procedural Programming,,Expression reduction,prolog,en,0,0,658,402,1060,0.1,10,1,0,0,9,0,0,0,
2023-11-09T13:34:48.379,fp_a24b4d720c,1,8f3f6757-e611-4ba4-8a66-1e20c4af2863,Programming I and II,,(title in AnonLang),python3,al,0,0,888,255,1143,1,1,1,0,0,0,0,0,0,
2023-11-09T13:34:58.715,fp_a24b4d720c,1,14214dea-a88c-11e7-a937-00505601122b,Programming I and II,,(title in AnonLang),python3,al,0,0,877,296,1173,1,10,10,0,0,0,0,0,0,
2023-11-09T13:35:29.993,fp_a24b4d720c,1,73c4c14d-85da-11eb-a1a9-005056ad4f31,Web Applications,,PHP - NotORM,php-linux,en,15,14,8766,610,9376,0,5,0,0,5,0,0,0,0,
2023-11-09T13:36:00.214,fp_a24b4d720c,1,d184e4aa-bc32-11ec-8da3-d412db16db0b,Programming I and II,,(title in AnonLang),cs-dotnet-core,al,2,2,1052,1089,2141,1,15,15,0,0,0,0,0,0,
2023-11-09T13:36:08.155,fp_a24b4d720c,1,56a15740-a88d-11e7-a937-00505601122b,Programming I and II,,(title in AnonLang),python3,al,0,0,844,224,1068,0.9,10,9,0,0,1,0,0,0,
2023-11-09T13:36:23.742,fp_a24b4d720c,1,5d844e59-c46a-47e2-b7ce-1a055bc6f9e5,Non-Procedural Programming,,Mini-Sudoku,haskell,en,1,0,605,515,1120,0,10,0,10,0,0,0,0,0,
2023-11-09T13:36:32.570,fp_a24b4d720c,1,54eed52b-ca08-11e7-a937-00505601122b,Programming I and II,,(title in AnonLang),python3,al,0,0,892,283,1175,0,5,0,0,5,0,0,0,0,
2023-11-09T13:36:39.862,fp_a24b4d720c,1,1b4dd6b9-a814-11e7-a937-00505601122b,Programming I and II,,Phonebook for Integers,python3,en,0,0,591,193,784,1,4,4,0,0,0,0,0,0,
2023-11-09T13:37:07.576,fp_a24b4d720c,1,422330d3-2c41-11ed-8d67-d30fcedff11b,Programming I and II,,(title in AnonLang),cxx-gcc-linux,al,0,0,931,523,1454,0,10,3,0,0,4,3,0,0,
2023-11-09T13:37:14.203,fp_a24b4d720c,1,b2d32aac-a88c-11e7-a937-00505601122b,Programming I and II,,Number of days,python3,en,0,0,635,164,799,1,10,10,0,0,0,0,0,0,
2023-11-09T13:37:44.980,fp_a24b4d720c,1,b6a2c6b1-d9d1-4314-9569-9f565160c5e7,Programming in C++,,Expression Evaluator,cxx-gcc-linux,en,0,0,667,978,1645,1,1,1,0,0,0,0,0,0,
2023-11-09T13:38:02.318,fp_a24b4d720c,1,c2e6735c-1ab4-11eb-8e81-005056ad4f31,Programming I and II,,Magic square,python3,en,0,0,780,532,1312,0.45,11,5,0,0,6,0,0,0,
2023-11-09T13:38:34.120,fp_a24b4d720c,1,0bcd1c1f-62f3-11ea-a595-00505601122b,Non-Procedural Programming,,Matrix multiplication,prolog,en,0,0,664,657,1321,0,6,0,0,2,2,0,2,0,
2023-11-09T13:38:48.712,fp_a24b4d720c,1,44346588-1f11-44aa-8412-b770e6712e1d,Programming I and II,,(title in AnonLang),python3,al,0,0,785,417,1202,1,3,3,0,0,0,0,0,0,
2023-11-09T13:39:02.564,fp_a24b4d720c,1,86084f83-915a-11ea-befc-00505601122b,Programming I and II,,One against one hundred,cs-dotnet-core,en,0,0,684,402,1086,0.2,5,1,0,0,4,0,0,0,
2023-11-09T13:39:13.956,fp_a24b4d720c,1,b60f5865-f366-11e9-9ce9-00505601122b,Programming I and II,,(title in AnonLang),python3,al,0,0,850,263,1113,1,5,5,0,0,0,0,0,0,
2023-11-09T13:39:53.318,fp_a24b4d720c,1,bc925e56-7b7e-11eb-a1a9-005056ad4f31,Non-Procedural Programming,,Binary addition,prolog,en,0,0,716,234,950,1,8,8,0,0,0,0,0,0,
2023-11-09T13:40:08.724,fp_a24b4d720c,1,5bb189d2-8a5a-11ea-befc-00505601122b,Programming I and II,,P2M: Bipartite graph,python3,en,0,0,629,448,1077,0.7,10,7,0,3,0,0,0,0,
2023-11-09T13:40:26.838,fp_a24b4d720c,1,dea5515d-a88b-11e7-a937-00505601122b,Programming I and II,,(title in AnonLang),cs-dotnet-core,al,0,0,957,497,1454,0,6,0,0,0,3,3,0,0,
2023-11-09T13:40:40.172,fp_a24b4d720c,1,045919bc-a51c-11ec-986f-f39926f24a9c,Parallel Programming,,Levenshtein's edit distance (OpenMP),cxx-gcc-linux,en,0,0,598,591,1189,0,1,0,0,0,0,0,0,1,no filename provided
2023-11-09T13:40:50.013,fp_a24b4d720c,1,695d4536-4624-11ea-9c53-00505601122b,Programming I and II,,(title in AnonLang),python3,al,0,0,867,231,1098,0.9,10,9,0,0,0,0,1,0,
2023-11-09T13:40:58.949,fp_a24b4d720c,1,4d1a85a7-595c-11ec-986f-f39926f24a9c,Programming I and II,,Longest common substring,python3,en,0,0,766,233,999,0,3,0,0,3,0,0,0,0,
2023-11-09T13:41:37.010,fp_a24b4d720c,1,6604135e-cb29-11ec-8da3-d412db16db0b,Programming I and II,,Garden,python3,en,0,0,679,539,1218,0,5,0,0,0,0,0,5,0,
2023-11-09T13:41:44.550,fp_a24b4d720c,1,f42afd22-ba88-11ec-8d84-d310d4f96200,Programming I and II,,Grow a Tree,python3,en,0,0,651,177,828,1,5,5,0,0,0,0,0,0,
2023-11-09T13:41:51.954,fp_a24b4d720c,1,1970aed1-7f42-11ea-a595-00505601122b,Programming I and II,,(title in AnonLang),python3,al,0,0,889,196,1085,0.1,10,1,0,0,9,0,0,0,
2023-11-09T13:42:01.804,fp_a24b4d720c,1,0f2a9635-92ff-11eb-a1a9-005056ad4f31,Programming I and II,,Two digits,cs-dotnet-core,en,0,0,693,259,952,0.81,11,9,0,2,0,0,0,0,
2023-11-09T13:42:15.819,fp_a24b4d720c,1,7c914b1c-959a-11ec-986f-f39926f24a9c,Non-Procedural Programming,,Vectors,prolog,en,0,0,872,377,1249,0.23,13,3,0,7,3,0,0,0,
2023-11-09T13:42:30.486,fp_a24b4d720c,1,d0d85dfd-ab98-11ec-8d84-d310d4f96200,Non-Procedural Programming,,Integers,haskell,en,0,0,756,342,1098,0,19,0,19,0,0,0,0,0,
2023-11-09T13:42:59.110,fp_a24b4d720c,1,d020ef26-70bd-11e9-b0fd-00505601122b,Programming in Python,,PY MAZE,python3,en,2,2,734,535,1269,0,5,0,0,1,0,4,0,0,
2023-11-09T13:43:27.233,fp_a24b4d720c,1,3ed0431c-62f1-11ea-a595-00505601122b,Non-Procedural Programming,,Dates with years,prolog,en,0,0,725,785,1510,0,10,0,0,10,0,0,0,0,
2023-11-09T13:43:53.505,fp_a24b4d720c,1,b26fb39c-52b5-11ec-986f-f39926f24a9c,Introduction to Algorithms,,"Tree set, extended",python3,en,0,0,781,753,1534,0.5,3,2,0,0,1,0,0,0,
2023-11-09T13:44:08.407,fp_a24b4d720c,1,7955e261-09b1-11ea-9ce9-00505601122b,Programming I and II,,(title in AnonLang),python3,al,0,0,932,306,1238,0,5,0,0,0,5,0,0,0,
2023-11-09T13:44:18.893,fp_a24b4d720c,1,a04214ef-a4a7-11ec-986f-f39926f24a9c,Programming I and II,,An Actual Queue,python3,en,0,0,682,221,903,0,5,0,0,0,5,0,0,0,
2023-11-09T13:44:45.096,fp_a24b4d720c,1,cfee4ccb-502f-11eb-a1a9-005056ad4f31,Programming I and II,Introduction to Algorithms,Path of a rook,python3,en,0,0,709,463,1172,1,12,12,0,0,0,0,0,0,
2023-11-09T13:44:53.413,fp_a24b4d720c,1,df4da275-f027-11e9-9ce9-00505601122b,Programming I and II,,Caesar cipher,python3,en,0,0,662,112,774,0.2,5,1,0,0,4,0,0,0,
2023-11-09T13:45:20.491,fp_a24b4d720c,1,d22efabf-5c10-11ea-a595-00505601122b,Programming I and II,,(title in AnonLang),python3,al,0,0,1017,777,1794,1,15,15,0,0,0,0,0,0,
2023-11-09T13:45:27.531,fp_a24b4d720c,1,815b9eeb-a7ab-11e7-a937-00505601122b,C# Language and .NET Framework,,Word Counting,cs-dotnet-core,en,1,1,660,146,806,0.92,12,11,0,0,0,0,1,0,
2023-11-09T13:45:42.972,fp_a24b4d720c,1,ec16a616-9112-11ea-befc-00505601122b,Non-Procedural Programming,,Post's correspondence problem,haskell,en,0,0,726,488,1214,0,5,0,5,0,0,0,0,0,
2023-11-09T13:45:59.928,fp_a24b4d720c,1,c3555e94-e92d-49f3-88dd-c442eaf3d0d0,Programming I and II,,(title in AnonLang),cs-dotnet-core,al,0,0,980,513,1493,1,3,3,0,0,0,0,0,0,
2023-11-09T13:46:20.274,fp_a24b4d720c,1,ca380800-a88b-11e7-a937-00505601122b,Programming I and II,,(title in AnonLang),python3,al,0,0,974,524,1498,0,7,0,0,7,0,0,0,0,
2023-11-09T13:46:30.917,fp_a24b4d720c,1,ec7783c9-31ce-11ec-986f-f39926f24a9c,Introduction to Algorithms,,(title in AnonLang),python3,al,1,1,976,301,1277,1,14,14,0,0,0,0,0,0,
2023-11-09T13:46:41.973,fp_a24b4d720c,1,8f99ccae-78a9-11ea-a595-00505601122b,Non-Procedural Programming,,Relations,haskell,en,0,0,799,295,1094,0,10,0,10,0,0,0,0,0,
2023-11-09T13:46:47.569,fp_a24b4d720c,1,f3368cef-9a8d-11ec-986f-f39926f24a9c,Programming I and II,,Fibonacci algorithm for fraction decomposition,python3,en,0,0,836,109,945,0.5,4,2,0,2,0,0,0,0,
2023-11-09T13:47:01.020,fp_a24b4d720c,1,030ffc52-e588-11e7-9ef6-00505601122b,Programming I and II,,Student's schedule,cxx-gcc-linux,en,0,0,733,355,1088,0,5,0,0,0,5,0,0,0,
2023-11-09T13:47:20.032,fp_a24b4d720c,1,30491b17-376b-11ec-986f-f39926f24a9c,Java,,POST-CALC,java,en,2,2,681,493,1174,1,4,4,0,0,0,0,0,0,
2023-11-09T13:47:44.197,fp_a24b4d720c,1,ecf41dea-c54d-11eb-a1a9-005056ad4f31,Non-Procedural Programming,,Largest square submatrix,haskell,en,0,0,755,452,1207,0,8,0,0,8,0,0,0,0,
2023-11-09T13:47:58.355,fp_a24b4d720c,1,44c3ae04-380c-11ec-986f-f39926f24a9c,Programming I and II,,Radix sort,python3,en,0,0,684,300,984,1,10,10,0,0,0,0,0,0,
2023-11-09T13:48:15.440,fp_a24b4d720c,1,7359f204-9b13-11ec-986f-f39926f24a9c,Non-Procedural Programming,,Clique,prolog,en,1,0,741,636,1377,0,8,0,8,0,0,0,0,0,
2023-11-09T13:48:22.319,fp_a24b4d720c,1,2a4cdd91-0ef1-11eb-98c0-005056ad4f31,Programming I and II,,(title in AnonLang),python3,al,0,0,709,123,832,1,4,4,0,0,0,0,0,0,
2023-11-09T13:48:41.594,fp_a24b4d720c,1,c7eeb228-4583-11ec-986f-f39926f24a9c,Programming I and II,,(title in AnonLang),python3,al,0,0,978,611,1589,0.67,9,6,0,1,2,0,0,0,
2023-11-09T13:48:54.208,fp_a24b4d720c,1,2a53e267-3e6e-11eb-a1a9-005056ad4f31,Programming I and II,,(title in AnonLang),python3,al,0,0,962,255,1217,0.7,10,7,0,0,0,3,0,0,
2023-11-09T13:49:06.187,fp_a24b4d720c,1,1fa83b4a-2458-11eb-8e81-005056ad4f31,Programming I and II,,(title in AnonLang),python3,al,0,0,1064,340,1404,1,3,3,0,0,0,0,0,0,
2023-11-09T13:49:21.491,fp_a24b4d720c,1,16796159-0fab-11eb-98c0-005056ad4f31,Programming I and II,Introduction to Algorithms,Converting between bases,python3,en,0,0,753,403,1156,1,9,9,0,0,0,0,0,0,
2023-11-09T13:49:33.790,fp_a24b4d720c,1,57cf87f5-0fa6-11ea-9ce9-00505601122b,Programming I and II,,(title in AnonLang),python3,al,0,0,796,377,1173,1,6,6,0,0,0,0,0,0,
2023-11-09T13:49:44.673,fp_a24b4d720c,1,4d99ef6b-8f59-11ec-986f-f39926f24a9c,Non-Procedural Programming,,(title in AnonLang),prolog,al,0,0,935,246,1181,0.5,4,2,0,0,0,0,2,0,
2023-11-09T13:49:57.197,fp_a24b4d720c,1,8358bdb7-e22e-4b03-b550-8c65ce50eea5,Programming I and II,,(title in AnonLang),python3,al,0,0,944,234,1178,1,4,4,0,0,0,0,0,0,
2023-11-09T13:50:14.827,fp_a24b4d720c,1,8fcf7db0-427a-11ec-986f-f39926f24a9c,Programming in C++,,Simple people database,cxx-gcc-linux,en,0,0,834,478,1312,1,8,8,0,0,0,0,0,0,
2023-11-09T13:50:21.558,fp_a24b4d720c,1,efbf504e-1ad3-11eb-8e81-005056ad4f31,Programming I and II,,Copying by sentences,python3,en,0,0,680,113,793,0.6,5,3,0,0,2,0,0,0,
2023-11-09T13:50:36.582,fp_a24b4d720c,1,d922be97-18e4-11eb-8e81-005056ad4f31,Introduction to Algorithms,,Goldbach sums,python3,en,0,0,875,355,1230,1,10,10,0,0,0,0,0,0,
2023-11-09T13:50:55.281,fp_a24b4d720c,1,1cbd52ae-7b88-11eb-a1a9-005056ad4f31,Non-Procedural Programming,,Family tree,prolog,en,0,0,717,403,1120,0.83,12,10,0,0,2,0,0,0,
2023-11-09T13:51:04.931,fp_a24b4d720c,1,3b9cc7cc-4fe3-11ec-986f-f39926f24a9c,Programming I and II,,Average word length,python3,en,0,0,701,129,830,1,4,4,0,0,0,0,0,0,
2023-11-09T13:51:10.781,fp_a24b4d720c,1,a134a740-457a-480a-b322-8b9cb9377328,Programming I and II,,Position of elements in merged sequence,python3,en,0,0,1023,149,1172,1,5,5,0,0,0,0,0,0,
2023-11-09T13:51:21.139,fp_a24b4d720c,1,cb00260e-b284-11eb-a1a9-005056ad4f31,Non-Procedural Programming,,Hangman,haskell,en,0,0,688,239,927,0,3,0,0,0,3,0,0,0,
2023-11-09T13:51:39.041,fp_a24b4d720c,1,9d25dd86-69b6-11ea-a595-00505601122b,Programming I and II,,Most frequent words by length,python3,en,0,0,683,319,1002,1,5,5,0,0,0,0,0,0,
2023-11-09T13:52:04.541,fp_a24b4d720c,1,69bb9d97-205d-11ec-986f-f39926f24a9c,Introduction to Algorithms,,(title in AnonLang),python3,al,1,1,1050,631,1681,0.5,8,4,0,0,4,0,0,0,
2023-11-09T13:52:30.251,fp_a24b4d720c,1,78b5b028-5955-11ea-a595-00505601122b,Java,,ANNOTATIONS,java,en,3,3,749,347,1096,0,8,0,8,0,0,0,0,0,
2023-11-09T13:52:45.997,fp_a24b4d720c,1,f117c070-94ef-11ec-986f-f39926f24a9c,Java,,DIR-SERVICELOADER,java,en,4,1,660,478,1138,0,3,0,3,0,0,0,0,0,
2023-11-09T13:52:59.629,fp_a24b4d720c,1,677e0505-57f0-11ea-a595-00505601122b,Non-Procedural Programming,,Subsequences,prolog,en,0,0,854,136,990,0.9,10,9,0,0,0,1,0,0,
2023-11-09T13:53:10.803,fp_a24b4d720c,1,42f04cc6-bff5-11ec-8da3-d412db16db0b,Programming I and II,,Family Tree,python3,en,0,0,733,235,968,0.2,5,1,0,0,4,0,0,0,
2023-11-09T13:53:29.420,fp_a24b4d720c,1,a4fbdd3f-34a0-11ec-986f-f39926f24a9c,Programming I and II,,(title in AnonLang),python3,al,0,0,1055,450,1505,0.1,10,1,0,2,7,0,0,0,
2023-11-09T13:53:36.925,fp_a24b4d720c,1,070c19cd-bbff-11ec-8da3-d412db16db0b,Non-Procedural Programming,,Infinite combinations,haskell,en,0,0,917,139,1056,0,15,0,15,0,0,0,0,0,
2023-11-09T13:53:54.531,fp_a24b4d720c,1,ce97d2ba-45f0-11ec-986f-f39926f24a9c,Introduction to Algorithms,,Coffee machine queue,python3,en,0,0,669,193,862,0.1,10,2,0,0,8,0,0,0,
2023-11-09T13:54:09.022,fp_a24b4d720c,1,93b71ca2-245b-11eb-8e81-005056ad4f31,Programming I and II,,(title in AnonLang),python3,al,0,0,1153,475,1628,0,3,0,0,0,3,0,0,0,
2023-11-09T13:54:34.009,fp_a24b4d720c,1,72df90c5-8acb-11ea-befc-00505601122b,Programming I and II,,Dominoes,python3,en,1,0,724,624,1348,0,7,0,0,7,0,0,0,0,
2023-11-09T13:54:50.981,fp_a24b4d720c,1,c107aa96-f8d7-48e5-b331-628f902dc9f7,Non-Procedural Programming,,(title in AnonLang),prolog,al,0,0,1013,367,1380,0,7,0,0,0,0,0,7,0,
2023-11-09T13:55:22.181,fp_a24b4d720c,1,9751d2f7-8e3f-11eb-a1a9-005056ad4f31,Computer Systems,,03 - Arduino Buttons,arduino-gcc,en,2,2,1184,600,1784,0,3,0,3,0,0,0,0,0,
2023-11-09T13:55:32.211,fp_a24b4d720c,1,83a4954c-579d-11ec-986f-f39926f24a9c,Programming I and II,,(title in AnonLang),python3,al,0,0,1085,230,1315,0.33,3,1,0,0,2,0,0,0,
2023-11-09T13:55:45.547,fp_a24b4d720c,1,bef207d3-5639-42ad-9f7d-fd80f0b18aa9,Non-Procedural Programming,,(title in AnonLang),prolog,al,0,0,1121,388,1509,0,10,0,10,0,0,0,0,0,
2023-11-09T13:56:01.740,fp_a24b4d720c,1,c8cb7a3a-7576-11eb-a1a9-005056ad4f31,Computer Systems,,01 - Celmomether,cxx-gcc-linux,en,2,2,886,352,1238,0,6,0,6,0,0,0,0,0,
2023-11-09T13:56:12.639,fp_a24b4d720c,1,7999837a-0044-4dcc-845b-a74fc371e368,Programming I and II,,(title in AnonLang),python3,al,0,0,1065,220,1285,1,8,8,0,0,0,0,0,0,
2023-11-09T13:56:48.166,fp_a24b4d720c,1,aaa7155c-737c-4f22-a87a-621c89757e27,Programming in C++,,CSV file reader,cxx-gcc-linux,en,0,0,739,743,1482,0.5,7,6,0,0,1,0,0,0,
2023-11-09T13:57:07.181,fp_a24b4d720c,1,fd7595f4-a88f-11e7-a937-00505601122b,Programming I and II,,(title in AnonLang),python3,al,1,0,1057,401,1458,1,5,5,0,0,0,0,0,0,
2023-11-09T13:57:37.884,fp_a24b4d720c,1,105725b0-756e-4374-8171-a82c8d56e227,Non-Procedural Programming,,(title in AnonLang),prolog,al,0,0,1095,502,1597,0.5,6,3,0,0,3,0,0,0,
2023-11-09T13:57:55.951,fp_a24b4d720c,1,569d7c1b-7411-11ea-a595-00505601122b,Programming I and II,,Conditions,cs-dotnet-core,en,0,0,894,535,1429,1,4,4,0,0,0,0,0,0,
2023-11-09T13:58:14.852,fp_a24b4d720c,1,aed750c6-78b1-11ea-a595-00505601122b,Non-Procedural Programming,,Poker hands,haskell,en,0,0,1071,365,1436,0,10,0,10,0,0,0,0,0,
2023-11-09T13:58:45.329,fp_a24b4d720c,1,95ed2f45-2ea3-11eb-8e81-005056ad4f31,Programming I and II,,Packing boxes,cxx-gcc-linux,en,0,0,861,742,1603,0,9,0,0,0,9,0,0,0,
2023-11-09T13:59:24.584,fp_a24b4d720c,1,f22cf424-208c-11e9-b0fd-00505601122b,Programming in C++,,Remove superfluous parentheses,cxx-gcc-linux,en,0,0,919,927,1846,0,4,0,4,0,0,0,0,0,
2023-11-09T13:59:40.351,fp_a24b4d720c,1,06bdcce2-503a-11ec-986f-f39926f24a9c,Introduction to Algorithms,,(title in AnonLang),python3,al,1,1,1082,412,1494,0.67,3,2,0,0,1,0,0,0,
2023-11-09T13:59:56.748,fp_a24b4d720c,1,6cada2ad-9c81-11eb-a1a9-005056ad4f31,Non-Procedural Programming,,(title in AnonLang),haskell,al,0,0,1177,277,1454,0,6,0,6,0,0,0,0,0,
2023-11-09T14:00:09.966,fp_a24b4d720c,1,4bc5c00c-38c1-11ec-986f-f39926f24a9c,Programming I and II,,Find the longest continuous increasing subsequence,python3,en,0,0,912,220,1132,1,4,4,0,0,0,0,0,0,
2023-11-09T14:00:26.924,fp_a24b4d720c,1,959ada66-69a4-11ea-a595-00505601122b,Programming I and II,,Strongly connected components,cs-dotnet-core,en,0,0,912,486,1398,1,6,6,0,0,0,0,0,0,
2023-11-09T14:00:41.831,fp_a24b4d720c,1,0d2f4f6f-7cfa-11eb-a1a9-005056ad4f31,Programming I and II,,Number wheel,cs-dotnet-core,en,1,0,836,316,1152,0.5,10,5,0,0,5,0,0,0,
2023-11-09T14:00:54.484,fp_a24b4d720c,1,075f24de-a88d-11e7-a937-00505601122b,Programming I and II,,(title in AnonLang),cs-dotnet-core,al,0,0,1250,361,1611,0,5,0,0,3,2,0,0,0,
2023-11-09T14:01:06.029,fp_a24b4d720c,1,85564133-f491-11e8-b0fd-00505601122b,Programming in C++,,(title in AnonLang),cxx-gcc-linux,al,4,4,1488,384,1872,1,2,2,0,0,0,0,0,0,
2023-11-09T14:01:23.645,fp_a24b4d720c,1,37e4591f-d9b8-11ec-8da3-d412db16db0b,Programming I and II,,(title in AnonLang),cs-dotnet-core,al,0,0,1247,351,1598,0,8,0,0,0,8,0,0,0,
2023-11-09T14:01:33.410,fp_a24b4d720c,1,9d0d51e5-e118-11e8-a4be-00505601122b,Programming I and II,Introduction to Algorithms,Number of occurrences in an ordered array,python3,en,0,0,887,261,1148,1,10,10,0,0,0,0,0,0,
2023-11-09T14:02:07.514,fp_a24b4d720c,1,87d19e6c-3331-4496-9918-459cd4169930,Programming in C++,,Directed Graph Distances,cxx-gcc-linux,en,1,0,989,637,1626,1,4,4,0,0,0,0,0,0,
2023-11-09T14:02:17.931,fp_a24b4d720c,1,1eaea366-5079-11ec-986f-f39926f24a9c,Programming I and II,,(title in AnonLang),python3,al,0,0,1135,165,1300,1,5,5,0,0,0,0,0,0,
2023-11-09T14:02:26.414,fp_a24b4d720c,1,33adc61e-1532-11eb-8e81-005056ad4f31,Programming I and II,,Inverse permutation,python3,en,0,0,928,153,1081,1,9,9,0,0,0,0,0,0,
2023-11-09T14:03:01.059,fp_a24b4d720c,1,1e5cc3df-a50e-45a7-be7e-357753e644e1,Non-Procedural Programming,,(title in AnonLang),prolog,al,0,0,1146,631,1777,0,7,0,0,0,7,0,0,0,
2023-11-09T14:03:14.872,fp_a24b4d720c,1,25c90f2a-e50a-11e7-9ef6-00505601122b,Programming I and II,,Meeting place,cxx-gcc-linux,en,1,0,849,401,1250,0.33,9,3,0,0,0,0,6,0,
2023-11-09T14:03:37.752,fp_a24b4d720c,1,4ee8695d-867f-11eb-a1a9-005056ad4f31,Non-Procedural Programming,,Broken rods,prolog,en,0,0,812,366,1178,0,7,0,0,0,0,2,5,0,
2023-11-09T14:03:52.948,fp_a24b4d720c,1,afae513d-1a3c-4b2a-b5f4-661bedb19bfc,Non-Procedural Programming,,(title in AnonLang),prolog,al,0,0,1089,560,1649,0.14,7,1,0,0,6,0,0,0,
2023-11-09T14:04:06.625,fp_a24b4d720c,1,105b720d-245e-11eb-8e81-005056ad4f31,Programming I and II,,(title in AnonLang),python3,al,0,0,1283,315,1598,0,3,0,0,3,0,0,0,0,
2023-11-09T14:04:31.231,fp_a24b4d720c,1,5974de72-aba3-11e7-a937-00505601122b,Java,,JUSTIFY,java,en,2,2,972,579,1551,0.17,6,1,0,1,4,0,0,0,
2023-11-09T14:05:07.338,fp_a24b4d720c,1,de8737bd-b803-11eb-a1a9-005056ad4f31,Non-Procedural Programming,,(title in AnonLang),haskell,al,1,0,1121,847,1968,0,5,0,5,0,0,0,0,0,
2023-11-09T14:05:20.691,fp_a24b4d720c,1,36fa1f86-60ef-11e9-b0fd-00505601122b,Programming I and II,,Dragon's den,cs-dotnet-core,en,0,0,990,396,1386,1,5,5,0,0,0,0,0,0,
2023-11-09T14:05:28.981,fp_a24b4d720c,1,d9d1ad8a-6ce2-11e9-b0fd-00505601122b,Non-Procedural Programming,,All balanced binary trees,haskell,en,0,0,954,208,1162,0,4,0,4,0,0,0,0,0,
2023-11-09T14:06:04.574,fp_a24b4d720c,1,e1006a22-b9cd-11e7-a937-00505601122b,Programming I and II,,(title in AnonLang),cxx-gcc-linux,al,0,0,1261,309,1570,0.4,10,4,0,0,0,6,0,0,
2023-11-09T14:06:25.589,fp_a24b4d720c,1,6ef8ba2a-a04a-11e9-b0fd-00505601122b,Programming I and II,,Largest connected area,cs-dotnet-core,en,0,0,862,652,1514,0,8,0,0,8,0,0,0,0,
2023-11-09T14:14:32.410,fp_a24b4d720c,1,c0eaaab6-958b-11ec-986f-f39926f24a9c,Non-Procedural Programming,,"Lists, lists, lists",prolog,en,0,0,1165,387,1552,0.91,23,21,0,2,0,0,0,0,
2023-11-09T14:14:51.591,fp_a24b4d720c,1,addc7884-b123-11ec-8d84-d310d4f96200,Non-Procedural Programming,,(title in AnonLang),prolog,al,0,0,1193,395,1588,0.5,7,2,0,0,5,0,0,0,
2023-11-09T14:15:37.519,fp_a24b4d720c,1,3cab6a5a-af7e-11ec-8d84-d310d4f96200,Programming I and II,,Chromatic number,cs-dotnet-core,en,0,0,984,632,1616,0.6,10,6,0,0,0,4,0,0,
2023-11-09T14:15:51.990,fp_a24b4d720c,1,13e636e3-08ba-11eb-98c0-005056ad4f31,Introduction to Algorithms,,Primes in a range,python3,en,0,0,918,337,1255,1,10,10,0,0,0,0,0,0,
2023-11-09T14:16:00.554,fp_a24b4d720c,1,cdfe2dad-54f6-4d9a-a54f-d76cacf1721a,Programming I and II,,(title in AnonLang),python3,al,0,0,1185,199,1384,1,10,10,0,0,0,0,0,0,
2023-11-09T14:16:26.393,fp_a24b4d720c,1,6b3dbca1-c188-11ec-8da3-d412db16db0b,Non-Procedural Programming,,"Polynomials, redux",haskell,en,0,0,1069,796,1865,0,15,0,15,0,0,0,0,0,
2023-11-09T14:16:56.679,fp_a24b4d720c,1,af04bec0-10fe-47db-9a4e-b72880b09462,Programming I and II,,(title in AnonLang),python3,al,1,1,1820,716,2536,1,10,10,0,0,0,0,0,0,
2023-11-09T14:17:08.414,fp_a24b4d720c,1,18c4a30f-325c-11ec-986f-f39926f24a9c,Programming I and II,,(title in AnonLang),python3,al,0,0,1179,304,1483,1,3,3,0,0,0,0,0,0,
2023-11-09T14:17:24.620,fp_a24b4d720c,1,602b4cb4-57f2-4cb4-8abe-5af19aac39c1,Non-Procedural Programming,,"Lists, lists, lists...",prolog,en,0,0,1044,421,1465,0.61,23,14,0,6,2,1,0,0,
2023-11-09T14:17:39.144,fp_a24b4d720c,1,bff31cb4-b9cd-11e7-a937-00505601122b,Programming I and II,,(title in AnonLang),cxx-gcc-linux,al,0,0,1242,385,1627,1,8,8,0,0,0,0,0,0,
2023-11-09T14:17:58.465,fp_a24b4d720c,1,b5b79b78-f8b0-4010-994f-8f47fc9a4479,Programming in C++,,(title in AnonLang),cxx-gcc-linux,al,0,0,1245,635,1880,0,1,0,0,0,1,0,0,0,
2023-11-09T14:18:09.307,fp_a24b4d720c,1,82e0c6e3-8005-407c-8680-15db949332e6,Non-Procedural Programming,,Pisemka,haskell,en,0,0,890,307,1197,0,5,0,5,0,0,0,0,0,
2023-11-09T14:18:22.695,fp_a24b4d720c,1,1defc0fa-a88d-11e7-a937-00505601122b,Programming I and II,,(title in AnonLang),cs-dotnet-core,al,0,0,1189,416,1605,0.1,6,1,0,0,5,0,0,0,
2023-11-09T14:18:42.889,fp_a24b4d720c,1,0102902c-aba6-11e7-a937-00505601122b,C# Language and .NET Framework,,Expression Evaluation,cs-dotnet-core,en,0,0,851,350,1201,1,10,10,0,0,0,0,0,0,
2023-11-09T14:18:54.722,fp_a24b4d720c,1,878e1e11-0080-11ea-9ce9-00505601122b,Programming I and II,,Sailor on a raft,python3,en,0,0,1064,359,1423,0.5,6,3,0,0,3,0,0,0,
2023-11-09T14:19:34.344,fp_a24b4d720c,1,c57f6e29-95f0-11eb-a1a9-005056ad4f31,Computer Systems,,04 - Arduino 7seg Display,arduino-gcc,en,1,1,1166,537,1703,0,2,0,2,0,0,0,0,0,
2023-11-09T14:19:59.184,fp_a24b4d720c,1,3f320165-9c74-11eb-a1a9-005056ad4f31,Non-Procedural Programming,,(title in AnonLang),haskell,al,0,0,1185,252,1437,0,5,0,0,0,1,4,0,0,
2023-11-09T14:20:35.748,fp_a24b4d720c,1,d61fdb32-c7ba-11ec-8da3-d412db16db0b,Non-Procedural Programming,,(title in AnonLang),haskell,al,0,0,1398,609,2007,0,15,0,15,0,0,0,0,0,
2023-11-09T14:20:56.619,fp_a24b4d720c,1,14ed7b78-8c0a-11eb-a1a9-005056ad4f31,Non-Procedural Programming,,Polynomials,prolog,en,0,0,1018,582,1600,0.33,9,3,0,4,2,0,0,0,
2023-11-09T14:21:24.459,fp_a24b4d720c,1,3f21abe7-4e37-11ec-986f-f39926f24a9c,Java,,FIND,java,en,1,1,892,765,1657,0,6,0,6,0,0,0,0,0,
2023-11-09T14:21:54.392,fp_a24b4d720c,1,8453a552-dde8-11e8-a4be-00505601122b,Programming in C++,,(title in AnonLang),cxx-gcc-linux,al,0,0,1323,411,1734,0,4,0,0,0,4,0,0,0,
2023-11-09T14:22:12.048,fp_a24b4d720c,1,889fedce-2b56-11eb-8e81-005056ad4f31,Programming I and II,,Matrix class,python3,en,0,0,1119,412,1531,1,9,9,0,0,0,0,0,0,
2023-11-09T14:22:27.272,fp_a24b4d720c,1,3735bf80-0087-11ea-9ce9-00505601122b,Programming I and II,,Tile on a chessboard,python3,en,0,0,1205,334,1539,0.62,7,5,0,2,0,0,0,0,
2023-11-09T14:23:10.363,fp_a24b4d720c,1,1cb742b0-7bd6-49cf-b4ea-70acd81bca04,Programming in C++,,String Expressions Evaluator,cxx-gcc-linux,en,0,0,842,1037,1879,0,5,0,5,0,0,0,0,0,
2023-11-09T14:23:21.838,fp_a24b4d720c,1,b751096d-a946-4968-9a16-fccec25c3a12,Programming I and II,,(title in AnonLang),python3,al,0,0,1301,269,1570,0.8,10,8,0,0,2,0,0,0,
2023-11-09T14:23:41.758,fp_a24b4d720c,1,4bd8785f-79c4-11ea-a595-00505601122b,Programming I and II,,(title in AnonLang),python3,al,0,0,1310,451,1761,0.3,10,3,0,0,7,0,0,0,
2023-11-09T14:23:54.103,fp_a24b4d720c,1,e2710409-4f1f-11ec-986f-f39926f24a9c,Programming I and II,,(title in AnonLang),python3,al,0,0,1411,342,1753,1,3,3,0,0,0,0,0,0,
2023-11-09T14:24:16.750,fp_a24b4d720c,1,e5ea3608-9f05-11ec-986f-f39926f24a9c,Programming I and II,,Rectangle class,cs-dotnet-core,en,0,0,972,468,1440,1,7,7,0,0,0,0,0,0,
2023-11-09T14:25:04.573,fp_a24b4d720c,1,4c4fadf5-7ee7-11ec-986f-f39926f24a9c,Programming in C++,,Smart calculator,cxx-gcc-linux,en,0,0,989,977,1966,0,12,0,12,0,0,0,0,0,
2023-11-09T14:25:25.409,fp_a24b4d720c,1,b24fef50-5aa2-11ec-986f-f39926f24a9c,Programming I and II,,(title in AnonLang),python3,al,0,0,1139,398,1537,1,5,5,0,0,0,0,0,0,
2023-11-09T14:25:50.261,fp_a24b4d720c,1,ccab6041-a811-11e7-a937-00505601122b,Programming I and II,,Drunks and Darts,c-gcc-linux,en,0,0,851,685,1536,0.2,5,1,0,0,4,0,0,0,
2023-11-09T14:26:23.184,fp_a24b4d720c,1,d472667d-fa2d-11e8-b0fd-00505601122b,Programming in C++,,(title in AnonLang),cxx-gcc-linux,al,0,0,1326,980,2306,0,1,0,0,0,0,0,0,1,no filename provided
2023-11-09T14:26:46.095,fp_a24b4d720c,1,b36d885b-8bfd-11eb-a1a9-005056ad4f31,Non-Procedural Programming,,Cryptogram,prolog,en,0,0,945,564,1509,0,5,0,0,5,0,0,0,0,
2023-11-09T14:28:14.575,fp_a24b4d720c,1,45f56386-5a07-46fe-a3a3-75c672a84f34,Programming I and II,,(title in AnonLang),cs-dotnet-core,al,0,0,1335,832,2167,0.38,8,3,0,0,0,5,0,0,
2023-11-09T14:28:33.343,fp_a24b4d720c,1,e46c2dc7-e617-11e8-a4be-00505601122b,Web Applications,,JS - Gallery Metadata,node-linux,en,3,3,1515,377,1892,0.29,7,2,0,0,5,0,0,0,
2023-11-09T14:28:51.577,fp_a24b4d720c,1,f9f51767-43a7-11eb-a1a9-005056ad4f31,Introduction to Algorithms,,Bureaucratic apparatus,python3,en,0,0,952,329,1281,1,8,8,0,0,0,0,0,0,
2023-11-09T14:29:22.601,fp_a24b4d720c,1,fd0420ca-ef04-11e8-b0fd-00505601122b,Programming in C++,,(title in AnonLang),cxx-gcc-linux,al,2,2,1406,713,2119,1,3,3,0,0,0,0,0,0,
2023-11-09T14:30:29.212,fp_a24b4d720c,1,a81410b9-2e73-11eb-8e81-005056ad4f31,Programming I and II,,Supply centers,cxx-gcc-linux,en,2,0,945,955,1900,0,4,0,0,0,0,4,0,0,
2023-11-09T14:30:48.338,fp_a24b4d720c,1,05f56284-af86-11ec-8d84-d310d4f96200,Programming I and II,,Robot walk,cs-dotnet-core,en,0,0,993,475,1468,0.38,8,3,0,0,4,1,0,0,
2023-11-09T14:30:59.668,fp_a24b4d720c,1,53135ed2-0b88-11ea-9ce9-00505601122b,Programming I and II,Introduction to Algorithms,Train on a bridge,python3,en,0,0,1126,252,1378,0.48,15,8,0,0,5,2,0,0,
2023-11-09T14:31:21.799,fp_a24b4d720c,1,93d77751-2460-11eb-8e81-005056ad4f31,Programming I and II,,(title in AnonLang),python3,al,0,0,1537,482,2019,0,3,0,0,0,3,0,0,0,
2023-11-09T14:32:17.013,fp_a24b4d720c,1,dccd88ad-e046-11e8-a4be-00505601122b,Web Applications,,JS - Rectangles,node-linux,en,9,7,1917,499,2416,0,6,0,0,0,0,6,0,0,
2023-11-09T14:32:58.773,fp_a24b4d720c,1,25b7a6e4-a0d0-11e9-b0fd-00505601122b,Programming I and II,,Quadrant compression,cxx-gcc-linux,en,0,0,1083,1039,2122,0,1,0,0,0,0,0,0,1,no filename provided
2023-11-09T14:33:24.147,fp_a24b4d720c,1,ef819de6-2f8a-11ec-986f-f39926f24a9c,Programming I and II,,(title in AnonLang),python3,al,0,0,1488,730,2218,1,11,11,0,0,0,0,0,0,
2023-11-09T14:33:38.114,fp_a24b4d720c,1,abcb7719-5679-11ec-986f-f39926f24a9c,Programming I and II,,(title in AnonLang),python3,al,0,0,1545,306,1851,1,3,3,0,0,0,0,0,0,
2023-11-09T14:34:01.576,fp_a24b4d720c,1,df3a8405-783e-11eb-a1a9-005056ad4f31,Programming I and II,,Diff,cxx-gcc-linux,en,0,0,1004,479,1483,0,4,0,0,0,4,0,0,0,
2023-11-09T14:34:38.959,fp_a24b4d720c,1,8a784468-45ed-11e9-b0fd-00505601122b,Web Applications,,PHP - CLI Arguments (Reflection),php-linux,en,3,3,3384,899,4283,0,6,0,0,5,1,0,0,0,
2023-11-09T14:34:55.466,fp_a24b4d720c,1,04f22585-2b49-11eb-8e81-005056ad4f31,Programming I and II,Introduction to Algorithms,Merging sorted files,python3,en,0,0,1010,370,1380,1,9,9,0,0,0,0,0,0,
2023-11-09T14:35:33.832,fp_a24b4d720c,1,e26be6c7-495b-11ec-986f-f39926f24a9c,Programming I and II,,(title in AnonLang),python3,al,1,1,2564,1041,3605,0.9,10,9,0,0,1,0,0,0,
2023-11-09T14:35:49.782,fp_a24b4d720c,1,7ff85d4f-ab36-11ea-a038-00505601122b,Programming I and II,,Lakes,python3,en,0,0,1252,348,1600,0.3,10,3,0,0,7,0,0,0,
2023-11-09T14:36:14.255,fp_a24b4d720c,1,42e6d34b-a460-11ec-986f-f39926f24a9c,Parallel Programming,,K-means (TBB),cxx-gcc-linux,en,0,0,891,822,1713,0,1,0,0,0,0,0,0,1,no filename provided
2023-11-09T14:37:03.367,fp_a24b4d720c,1,7b40b5f4-aba3-11e7-a937-00505601122b,Java,,CALC-VARS,java,en,2,2,1049,1182,2231,1,4,4,0,0,0,0,0,0,
2023-11-09T14:37:39.454,fp_a24b4d720c,1,e3298dc8-5ee9-11ea-a595-00505601122b,Programming I and II,,Matrix expression,cs-dotnet-core,en,0,0,1143,748,1891,1,4,4,0,0,0,0,0,0,
2023-11-09T14:38:04.961,fp_a24b4d720c,1,ecbf8f93-b9cd-11e7-a937-00505601122b,Programming I and II,,Typesetting,cxx-gcc-linux,en,0,0,1116,598,1714,0,7,0,0,0,7,0,0,0,
2023-11-09T14:38:12.651,fp_a24b4d720c,1,c319cff7-0635-11ea-9ce9-00505601122b,Programming I and II,,Twenty most frequent words,python3,en,0,0,1186,135,1321,1,5,5,0,0,0,0,0,0,
2023-11-09T14:38:27.525,fp_a24b4d720c,1,6865eafc-1098-11eb-98c0-005056ad4f31,Programming I and II,,(title in AnonLang),python3,al,0,0,1416,354,1770,0,4,0,0,0,4,0,0,0,
2023-11-09T14:38:53.341,fp_a24b4d720c,1,35615060-50c1-11e9-b0fd-00505601122b,Web Applications,,ACL Security Model,php-linux,en,6,6,6352,674,7026,0,2,0,0,0,2,0,0,0,
2023-11-09T14:39:31.940,fp_a24b4d720c,1,9db2256d-67c0-11eb-a1a9-005056ad4f31,Programming in C++,,XXP Interpreter,cxx-gcc-linux,en,4,3,1415,892,2307,0,12,0,0,0,12,0,0,0,
2023-11-09T14:39:49.210,fp_a24b4d720c,1,5ab8c81c-916d-11eb-a1a9-005056ad4f31,Non-Procedural Programming,,Minesweeper in one dimension,prolog,en,2,0,1143,410,1553,0.1,10,1,0,3,6,0,0,0,
2023-11-09T14:40:39.491,fp_a24b4d720c,1,95aed953-e2e2-11e8-a4be-00505601122b,Web Applications,,JS - Rectangles (efficiently),node-linux,en,9,7,1982,378,2360,0,11,0,0,0,1,10,0,0,
2023-11-09T14:40:54.181,fp_a24b4d720c,1,77a4a9de-a7aa-11e7-a937-00505601122b,C# Language and .NET Framework,,Word Frequency,cs-dotnet-core,en,2,2,1054,246,1300,1,11,11,0,0,0,0,0,0,
2023-11-09T14:41:34.030,fp_a24b4d720c,1,ddaea72b-4fcb-11e9-b0fd-00505601122b,Programming I and II,,Binary search tree,cs-dotnet-core,en,0,0,1244,1043,2287,1,5,5,0,0,0,0,0,0,
2023-11-09T14:41:52.677,fp_a24b4d720c,1,9543bc4a-2798-11eb-8e81-005056ad4f31,Web Applications,,PHP - Templator,php-linux,en,5,5,3070,591,3661,0,6,0,0,0,6,0,0,0,
2023-11-09T14:42:10.628,fp_a24b4d720c,1,5aa5236b-8d85-11eb-a1a9-005056ad4f31,Programming I and II,,Cycle in a graph,cs-dotnet-core,en,0,0,1264,563,1827,0.91,10,9,0,0,1,0,0,0,
2023-11-09T14:42:31.631,fp_a24b4d720c,1,f320f831-0625-11ea-9ce9-00505601122b,Programming I and II,,Fractions,python3,en,0,0,1234,596,1830,1,5,5,0,0,0,0,0,0,
2023-11-09T14:43:10.778,fp_a24b4d720c,1,05f667db-f0c2-11e8-b0fd-00505601122b,Java,,LIFE,java,en,2,2,1162,679,1841,0,6,0,6,0,0,0,0,0,
2023-11-09T14:43:21.781,fp_a24b4d720c,1,fcac6156-57b4-11ec-986f-f39926f24a9c,Programming I and II,,Equifrequent numbers,python3,en,0,0,1043,233,1276,1,4,4,0,0,0,0,0,0,
2023-11-09T14:43:43.704,fp_a24b4d720c,1,1c374b9a-f577-11e9-9ce9-00505601122b,Programming I and II,,Hot dogs,python3,en,0,0,1149,201,1350,0.14,7,1,0,0,6,0,0,0,
2023-11-09T14:44:14.513,fp_a24b4d720c,1,2c2c4736-13b7-4464-825d-d724a295917c,Non-Procedural Programming,,Monkey and bananas,prolog,en,0,0,1254,848,2102,0.12,8,1,0,0,7,0,0,0,
2023-11-09T14:44:48.844,fp_a24b4d720c,1,eb50e3aa-abf6-11eb-a1a9-005056ad4f31,Computer Systems,,06 - Arduino Running Message,arduino-gcc,en,3,3,2267,674,2941,0,1,0,1,0,0,0,0,0,
2023-11-09T14:45:43.573,fp_a24b4d720c,1,f125ffce-5154-11e9-b0fd-00505601122b,Web Applications,,ACL Security Model (extension),php-linux,en,6,6,6427,841,7268,0.33,3,1,0,0,2,0,0,0,
2023-11-09T14:45:57.459,fp_a24b4d720c,1,13b28da6-5be7-11e9-b0fd-00505601122b,Web Applications,,(title in AnonLang),node-linux,al,2,2,2511,404,2915,1,1,1,0,0,0,0,0,0,
2023-11-09T14:46:29.182,fp_a24b4d720c,1,95fcb0ef-73f9-11ec-986f-f39926f24a9c,Programming in C++,,Market Simulation,cxx-gcc-linux,en,2,2,1388,886,2274,0,10,0,10,0,0,0,0,0,
2023-11-09T14:47:16.163,fp_a24b4d720c,1,ac61442a-e68b-11e7-9ef6-00505601122b,Programming I and II,,Theseus and the Minotaur,cxx-gcc-linux,en,0,0,1206,1402,2608,0,6,0,6,0,0,0,0,0,
2023-11-09T14:47:39.371,fp_a24b4d720c,1,b31df8ca-244a-11eb-8e81-005056ad4f31,Introduction to Algorithms,,Linked lists,python3,en,0,0,1244,602,1846,1,9,9,0,0,0,0,0,0,
2023-11-09T14:48:23.199,fp_a24b4d720c,1,6e000712-678f-11e9-b0fd-00505601122b,Non-Procedural Programming,,Ranked-choice voting,haskell,en,0,0,1364,482,1846,0,5,0,5,0,0,0,0,0,
2023-11-09T14:48:55.648,fp_a24b4d720c,1,f3319c24-cba5-11ec-8da3-d412db16db0b,Programming in Python,,PY SPREADSHEET,python3,en,2,2,1235,1037,2272,0,6,0,0,2,4,0,0,0,
2023-11-09T14:49:05.176,fp_a24b4d720c,1,208afe0f-1f5e-425e-9ebd-3fdcb5143b05,Programming I and II,,(title in AnonLang),python3,al,3,3,1883,289,2172,1,5,5,0,0,0,0,0,0,
2023-11-09T14:49:31.120,fp_a24b4d720c,1,7e3bd6f4-885b-11eb-a1a9-005056ad4f31,Programming I and II,,Hands of cards,cs-dotnet-core,en,0,0,1477,769,2246,0.77,13,10,0,0,3,0,0,0,
2023-11-09T14:49:49.945,fp_a24b4d720c,1,48e9f686-915b-11ea-befc-00505601122b,Programming I and II,,Alphabet,cs-dotnet-core,en,0,0,1279,458,1737,1,5,5,0,0,0,0,0,0,
2023-11-09T14:50:30.137,fp_a24b4d720c,1,8763dd86-9319-11ec-986f-f39926f24a9c,Programming I and II,,(title in AnonLang),cs-dotnet-core,al,17,17,8364,926,9290,0.43,9,5,0,0,4,0,0,0,
2023-11-09T14:51:14.327,fp_a24b4d720c,1,6924c6d0-42dc-11ea-9c53-00505601122b,Programming in C++,,Macro-processor with parameters,cxx-gcc-linux,en,0,0,1174,883,2057,0.3,5,3,0,0,2,0,0,0,
2023-11-09T14:51:47.176,fp_a24b4d720c,1,689260aa-73c1-11e8-94db-00505601122b,Programming I and II,,Examination,cxx-gcc-linux,en,0,0,1243,693,1936,0,4,0,4,0,0,0,0,0,
2023-11-09T14:52:08.070,fp_a24b4d720c,1,a0d750de-cbaa-11ec-8da3-d412db16db0b,Programming I and II,,(title in AnonLang),cs-dotnet-core,al,0,0,1920,468,2388,0,4,0,0,4,0,0,0,0,
2023-11-09T14:52:36.487,fp_a24b4d720c,1,8043239a-aba9-11e7-a937-00505601122b,C# Language and .NET Framework,,Huffman I,cs-dotnet-core,en,10,9,2897,798,3695,0.5,11,6,0,0,5,0,0,0,
2023-11-09T14:53:29.915,fp_a24b4d720c,1,4ea56a13-6d9e-11e9-b0fd-00505601122b,Programming I and II,,Two Beast in a Labyrinth,cs-dotnet-core,en,0,0,1423,1082,2505,0,4,0,0,0,4,0,0,0,
2023-11-09T14:54:37.853,fp_a24b4d720c,1,d197fa48-a80f-11e7-a937-00505601122b,Programming I and II,,(title in AnonLang),cs-dotnet-core,al,0,0,1685,774,2459,0.6,5,3,0,0,2,0,0,0,
2023-11-09T14:55:24.502,fp_a24b4d720c,1,5afeb7b9-8275-11ec-986f-f39926f24a9c,Programming in C++,,Natural join,cxx-gcc-linux,en,3,3,1397,938,2335,1,8,8,0,0,0,0,0,0,
2023-11-09T14:55:39.759,fp_a24b4d720c,1,11038fd3-ade9-11eb-a1a9-005056ad4f31,Web Applications,,JS - Immutable,node-linux,en,2,2,1757,343,2100,0,2,0,0,1,1,0,0,0,
2023-11-09T14:55:56.329,fp_a24b4d720c,1,347316f7-3fcd-11eb-a1a9-005056ad4f31,Programming I and II,Introduction to Algorithms,Bipartite graph,cs-dotnet-core,en,0,0,1426,484,1910,1,8,8,0,0,0,0,0,0,
2023-11-09T14:56:17.563,fp_a24b4d720c,1,15634693-424e-11ec-986f-f39926f24a9c,Introduction to Algorithms,,Visual quicksort,python3,en,0,0,1617,403,2020,0,6,0,0,0,6,0,0,0,
2023-11-09T14:56:46.054,fp_a24b4d720c,1,5374ab48-1c39-11ea-9ce9-00505601122b,Programming I and II,,(title in AnonLang),python3,al,0,0,1819,1019,2838,0.71,7,5,0,0,2,0,0,0,
2023-11-09T14:57:22.797,fp_a24b4d720c,1,0998647d-aba6-11e7-a937-00505601122b,C# Language and .NET Framework,,Expression Evaluation II,cs-dotnet-core,en,10,10,1683,971,2654,0.85,12,9,0,3,0,0,0,0,
2023-11-09T14:58:56.360,fp_a24b4d720c,1,e5173500-c000-11ec-8da3-d412db16db0b,Programming I and II,,Heliskiing,cs-dotnet-core,en,1,0,1397,1236,2633,0,8,0,0,0,0,8,0,0,
2023-11-09T14:59:11.491,fp_a24b4d720c,1,0432b1a0-884e-11eb-a1a9-005056ad4f31,Programming I and II,,Dynamic array,cs-dotnet-core,en,0,0,1498,411,1909,1,9,9,0,0,0,0,0,0,
2023-11-09T14:59:43.806,fp_a24b4d720c,1,5131ab11-c52d-11ec-8da3-d412db16db0b,Advanced C++ Programming,,Virtual thread scheduler,cxx-gcc-linux,en,2,2,1956,835,2791,0.33,3,1,0,0,2,0,0,0,
2023-11-09T15:00:21.330,fp_a24b4d720c,1,9a9b8b15-99e6-11eb-a1a9-005056ad4f31,Computer Systems,,05 - Arduino Stopwatch,arduino-gcc,en,1,1,1506,889,2395,0,2,0,2,0,0,0,0,0,
2023-11-09T15:00:36.562,fp_a24b4d720c,1,8aa7a10e-a9d9-11ec-8d84-d310d4f96200,Programming I and II,,A Linked List,python3,en,1,1,1833,402,2235,1,3,3,0,0,0,0,0,0,
2023-11-09T15:00:51.105,fp_a24b4d720c,1,82f8a733-1cdc-11ea-9ce9-00505601122b,Programming I and II,Introduction to Algorithms,(title in AnonLang),python3,al,2,0,2019,355,2374,0.1,20,2,0,0,18,0,0,0,
2023-11-09T15:01:07.093,fp_a24b4d720c,1,0e8f2089-af9c-11ec-8d84-d310d4f96200,Programming I and II,,A Linked List Vol. 2,python3,en,1,1,1932,454,2386,0,3,0,0,3,0,0,0,0,
2023-11-09T15:01:34.174,fp_a24b4d720c,1,14882779-1d7c-11eb-8e81-005056ad4f31,Programming I and II,,(title in AnonLang),python3,al,1,1,2336,598,2934,1,5,5,0,0,0,0,0,0,
2023-11-09T15:02:07.470,fp_a24b4d720c,1,dc7eb1ab-fc09-11e8-b0fd-00505601122b,Web Applications,,PHP - Processing Structured Config,php-linux,en,4,4,2811,834,3645,0.22,9,2,0,0,7,0,0,0,
2023-11-09T15:03:12.832,fp_a24b4d720c,1,0d80e912-5f2f-4aab-b076-306e5e6ffd3f,Programming in C++,,Phonebook,cxx-gcc-linux,en,4,4,4026,1227,5253,0.5,2,1,0,0,0,1,0,0,
2023-11-09T15:03:37.175,fp_a24b4d720c,1,6c12d54f-fb2a-11e9-9ce9-00505601122b,Programming I and II,,English or AnonLang?,python3,en,0,0,1926,651,2577,0.83,6,5,0,0,1,0,0,0,
2023-11-09T15:04:40.809,fp_a24b4d720c,1,1cf84d48-2221-11eb-8e81-005056ad4f31,Web Applications,,PHP - Smart Table,php-linux,en,3,3,2503,1571,4074,0.4,15,6,0,0,9,0,0,0,
2023-11-09T15:05:40.122,fp_a24b4d720c,1,599bda7f-06fd-11e9-b0fd-00505601122b,Web Applications,,PHP - Form Processing [mandatory],php-linux,en,4,3,3228,685,3913,0.31,16,5,0,1,10,0,0,0,
2023-11-09T15:06:04.369,fp_a24b4d720c,1,c706ed63-30d1-11ea-9ce9-00505601122b,Programming I and II,,(title in AnonLang),python3,al,0,0,2111,398,2509,0.4,15,6,0,0,7,1,1,0,
2023-11-09T15:06:26.874,fp_a24b4d720c,1,2fb88edc-10d3-11e9-b0fd-00505601122b,Web Applications,,PHP - REST API Router,php-linux,en,8,7,2492,658,3150,1,13,13,0,0,0,0,0,0,
2023-11-09T15:06:43.676,fp_a24b4d720c,1,a765fae9-84e8-11ea-a595-00505601122b,Web Applications,,(title in AnonLang),node-linux,al,7,5,3634,384,4018,0.43,7,3,0,0,4,0,0,0,
2023-11-09T15:07:05.280,fp_a24b4d720c,1,970fb684-672b-11ec-986f-f39926f24a9c,Introduction to Algorithms,,(title in AnonLang),python3,al,6,3,2660,530,3190,0,8,0,0,0,0,0,8,0,
2023-11-09T15:07:36.140,fp_a24b4d720c,1,59af829f-aba5-11e7-a937-00505601122b,C# Language and .NET Framework,,Huffman III,cs-dotnet-core,en,0,0,1447,824,2271,0.08,18,4,0,13,1,0,0,0,
2023-11-09T15:08:08.128,fp_a24b4d720c,1,adb43c13-923f-11ec-986f-f39926f24a9c,Programming I and II,,Frequency Table,python3,en,1,1,1908,902,2810,1,7,7,0,0,0,0,0,0,
2023-11-09T15:10:23.713,fp_a24b4d720c,1,ba535882-6a38-11ea-a595-00505601122b,Web Applications,,PHP - NIM,php-linux,en,5,3,1972,1191,3163,0,10,0,0,0,10,0,0,0,
2023-11-09T15:11:41.940,fp_a24b4d720c,1,7e984230-aba3-11e7-a937-00505601122b,Java,,STEST,java,en,2,2,1509,1081,2590,0,4,0,0,4,0,0,0,0,
2023-11-09T15:12:05.128,fp_a24b4d720c,1,971b5846-947d-11ea-befc-00505601122b,Non-Procedural Programming,,(title in AnonLang),haskell,al,2,1,2914,595,3509,0,11,0,11,0,0,0,0,0,
2023-11-09T15:12:24.130,fp_a24b4d720c,1,279390b5-0b90-11ea-9ce9-00505601122b,Programming I and II,,Typesetting,cs-dotnet-core,en,0,0,1668,288,1956,0.5,6,3,0,0,3,0,0,0,
2023-11-09T15:13:11.624,fp_a24b4d720c,1,7a6122b2-7bc8-11ec-986f-f39926f24a9c,Programming in C++,,(title in AnonLang),cxx-gcc-linux,al,2,2,2720,1587,4307,0,9,0,9,0,0,0,0,0,
2023-11-09T15:13:25.370,fp_a24b4d720c,1,648d0592-29b4-11eb-8e81-005056ad4f31,Introduction to Algorithms,,Circular queue,python3,en,0,0,1678,378,2056,0.1,10,1,0,9,0,0,0,0,
2023-11-09T15:13:39.411,fp_a24b4d720c,1,dd58c127-7412-11ea-a595-00505601122b,Programming I and II,,Heavy snowfall,python3,en,0,0,1609,417,2026,0,8,0,0,0,8,0,0,0,
2023-11-09T15:13:55.780,fp_a24b4d720c,1,0b3ced27-4053-11ea-9c53-00505601122b,Programming I and II,,(title in AnonLang),python3,al,0,0,2400,505,2905,0.9,10,9,0,0,0,0,1,0,
2023-11-09T15:15:14.413,fp_a24b4d720c,1,3238e0f8-aba6-11e7-a937-00505601122b,C# Language and .NET Framework,,Expression Evaluation III,cs-dotnet-core,en,14,14,3065,1408,4473,0.7,18,13,0,2,2,0,1,0,
2023-11-09T15:15:34.833,fp_a24b4d720c,1,6fc31ba9-aba3-11e7-a937-00505601122b,Java,,BRAINF***,java,en,6,6,1508,584,2092,0.62,8,5,0,0,3,0,0,0,
2023-11-09T15:16:01.342,fp_a24b4d720c,1,ed9f9abc-aba8-11e7-a937-00505601122b,C# Language and .NET Framework,,Text Justification,cs-dotnet-core,en,4,4,3500,657,4157,0.2,14,4,0,0,9,0,1,0,
2023-11-09T15:16:25.261,fp_a24b4d720c,1,6ee2c79f-bd74-11eb-a1a9-005056ad4f31,Web Applications,,JS - Uploading Large Files,node-linux,en,2,0,1236,721,1957,0,7,0,0,7,0,0,0,0,
2023-11-09T15:17:53.712,fp_a24b4d720c,1,96e82843-03da-4aaf-8de5-176f3d71e260,Non-Procedural Programming,,(title in AnonLang),prolog,al,2,0,2669,1149,3818,0,12,0,12,0,0,0,0,0,
2023-11-09T15:18:12.847,fp_a24b4d720c,1,28b19308-f745-11e8-b0fd-00505601122b,Web Applications,,JS - Asynchronous HTTP [mandatory],node-linux,en,12,10,6037,465,6502,1,4,4,0,0,0,0,0,0,
2023-11-09T15:18:46.005,fp_a24b4d720c,1,e6742fc0-f763-4fd9-8f7f-42112b3d2df9,Introduction to Language Technologies,,hw_python,python3,en,0,0,1566,732,2298,0.41,17,7,0,0,10,0,0,0,
2023-11-09T15:19:07.212,fp_a24b4d720c,1,d8d0b0a6-8bc0-11ea-befc-00505601122b,Web Applications,,(title in AnonLang),node-linux,al,9,4,5296,632,5928,0,1,0,0,0,0,0,0,1,no filename provided
2023-11-09T15:19:49.528,fp_a24b4d720c,1,cad09703-0f8f-11ea-9ce9-00505601122b,Programming I and II,,(title in AnonLang),python3,al,1,1,3481,1602,5083,0,11,0,0,11,0,0,0,0,
2023-11-09T15:20:24.856,fp_a24b4d720c,1,b4a82233-ed1c-11e8-b0fd-00505601122b,Web Applications,,JS - Form Processing,node-linux,en,8,7,6589,1031,7620,0,8,0,0,8,0,0,0,0,
2023-11-09T15:21:08.853,fp_a24b4d720c,1,d6f2d70e-a41c-11eb-a1a9-005056ad4f31,Programming in Python,,PY WEATHER,python3,en,3,2,1874,1145,3019,0.2,5,1,0,0,4,0,0,0,
2023-11-09T15:21:33.713,fp_a24b4d720c,1,2eafda0e-fa40-11e8-b0fd-00505601122b,Programming in C++,,(title in AnonLang),cxx-gcc-linux,al,0,0,2812,820,3632,0,4,0,4,0,0,0,0,0,
2023-11-09T15:21:59.588,fp_a24b4d720c,1,b6a85fe0-7a0e-11ec-986f-f39926f24a9c,C# Language and .NET Framework,,(title in AnonLang),cs-dotnet-core,al,33,32,5856,622,6478,0.37,33,9,0,21,3,0,0,0,
2023-11-09T15:22:39.490,fp_a24b4d720c,1,b3b9e3be-ec87-4d5f-89f6-a8c006520305,Programming in C++,,Dynamically-sized array container,cxx-gcc-linux,en,0,0,1660,1176,2836,0.8,5,4,1,0,0,0,0,0,
2023-11-09T15:23:00.568,fp_a24b4d720c,1,fff46a44-2f4c-11eb-a1a9-005056ad4f31,Introduction to Algorithms,,Tree set,python3,en,0,0,1900,632,2532,1,7,7,0,0,0,0,0,0,
2023-11-09T15:23:46.873,fp_a24b4d720c,1,460914b6-8064-11eb-a1a9-005056ad4f31,Web Applications,,PHP - Dependency Injection [mandatory],php-linux,en,3,3,2128,1222,3350,0.45,11,5,0,0,5,0,1,0,
2023-11-09T15:24:44.488,fp_a24b4d720c,1,6dea68e6-f696-11e8-b0fd-00505601122b,Programming in C++,,Data aggregation,cxx-gcc-linux,en,2,2,2358,1150,3508,0,33,0,33,0,0,0,0,0,
2023-11-09T15:27:02.074,fp_a24b4d720c,1,eea4db4d-9f2f-40f6-bf00-10b223128d2d,C# Language and .NET Framework,,Practical Test: SQL Database,cs-dotnet-core,en,0,0,1879,1224,3103,0.5,7,4,0,0,3,0,0,0,
2023-11-09T15:27:23.863,fp_a24b4d720c,1,c7c9735c-0073-11e9-b0fd-00505601122b,Web Applications,,PHP - Front Controller [mandatory],php-linux,en,9,9,3351,559,3910,0.67,9,6,0,0,3,0,0,0,
2023-11-09T15:27:45.786,fp_a24b4d720c,1,d97da5e2-aba9-11e7-a937-00505601122b,C# Language and .NET Framework,,Huffman II,cs-dotnet-core,en,10,4,1935,705,2640,0,1,0,0,0,0,0,0,1,no filename provided
2023-11-09T15:28:00.481,fp_a24b4d720c,1,b3495120-9e02-11eb-a1a9-005056ad4f31,Programming I and II,,Repeated letters,cs-dotnet-core,en,0,0,2184,332,2516,1,5,5,0,0,0,0,0,0,
2023-11-09T15:28:24.874,fp_a24b4d720c,1,4593a41c-b562-11ec-8d84-d310d4f96200,Advanced C++ Programming,,Type system for physical units,cxx-gcc-linux,en,10,10,4143,793,4936,0,4,0,4,0,0,0,0,0,
2023-11-09T15:29:04.800,fp_a24b4d720c,1,7a146dae-11c6-11ea-9ce9-00505601122b,Programming I and II,Introduction to Algorithms,Hash table,python3,en,0,0,2261,753,3014,0.7,9,6,0,0,1,2,0,0,
2023-11-09T15:30:47.063,fp_a24b4d720c,1,a4b24a1d-78fa-11ec-986f-f39926f24a9c,Programming in C++,,Simplified Intermediate Code Interpreter,cxx-gcc-linux,en,26,26,5090,1658,6748,0,8,0,8,0,0,0,0,0,
2023-11-09T15:31:19.313,fp_a24b4d720c,1,a0f6fa51-3f82-40c0-ba9a-9cb9d9d27a62,Advanced C++ Programming,,Cache with smart ptr,cxx-gcc-linux,en,2,2,2589,1211,3800,0,1,0,0,0,0,0,0,1,no filename provided
2023-11-09T15:31:32.327,fp_a24b4d720c,1,560850b9-9882-11eb-a1a9-005056ad4f31,Programming I and II,,Elementary cellular automaton,cs-dotnet-core,en,0,0,2378,299,2677,0,5,0,0,0,5,0,0,0,
2023-11-09T15:32:10.875,fp_a24b4d720c,1,a0676165-92df-4970-91c1-aee6f8bda447,Programming in C++,,Algorithmic Trading,cxx-gcc-linux,en,6,4,4596,997,5593,0,13,0,13,0,0,0,0,0,
2023-11-09T15:34:29.860,fp_a24b4d720c,1,c2f10c48-938a-4768-9be1-4a6e14741c8e,Advanced C++ Programming,,Interval locker,cxx-gcc-linux,en,13,12,10279,1510,11789,0,10,0,10,0,0,0,0,0,
2023-11-09T15:35:34.855,fp_a24b4d720c,1,04531bce-5775-4d1a-945a-b38b12c1fee2,Advanced C++ Programming,,Tagged vectors,cxx-gcc-linux,en,4,4,6480,1661,8141,0,7,0,7,0,0,0,0,0,
2023-11-09T15:36:40.273,fp_a24b4d720c,1,aaed4ccc-aba6-11e7-a937-00505601122b,C# Language and .NET Framework,,(title in AnonLang),cs-dotnet-core,al,26,22,10142,2211,12353,0,23,0,0,19,4,0,0,0,
2023-11-09T15:38:13.668,fp_a24b4d720c,1,e873ce53-aba6-11e7-a937-00505601122b,C# Language and .NET Framework,,(title in AnonLang),cs-dotnet-core,al,50,46,17625,322,17947,0,56,0,0,0,49,7,0,0,
2023-11-09T15:38:53.538,fp_a24b4d720c,1,d6c1148c-be54-11ec-8da3-d412db16db0b,Advanced C++ Programming,,Static ranges,cxx-gcc-linux,en,25,25,12018,1151,13169,0,1,0,0,0,0,0,0,1,no filename provided
2023-11-09T15:39:36.352,fp_a24b4d720c,1,c3749e72-aba6-11e7-a937-00505601122b,C# Language and .NET Framework,,(title in AnonLang),cs-dotnet-core,al,40,34,14117,705,14822,0,1,0,0,0,0,0,0,1,no filename provided
2023-11-09T15:39:46.325,fp_a24b4d720c,1,02f46f2a-4144-11ec-986f-f39926f24a9c,Large scale optimization,,general_assignment_lagrange,python3,en,2,2,2359,318,2677,0,1,0,0,0,0,0,0,1,no filename provided
2023-11-09T15:40:06.093,fp_a24b4d720c,1,0403015f-66ac-11e9-b0fd-00505601122b,Data Structures I,,cuckoo_hash,python3,en,0,0,314,600,914,0,5,0,0,5,0,0,0,0,
2023-11-09T15:40:32.950,fp_a24b4d720c,1,0ba17a29-458c-11e9-b0fd-00505601122b,Data Structures I,,ab_tree,python3,en,0,0,330,784,1114,0,7,0,0,7,0,0,0,0,
2023-11-09T15:41:16.469,fp_a24b4d720c,1,263ca6f9-9894-11eb-a1a9-005056ad4f31,Introduction to Artificial Intelligence,,probability_minesweeper,python3,en,4,4,5065,736,5801,0,6,0,0,6,0,0,0,0,
2023-11-09T15:41:51.307,fp_a24b4d720c,1,4fc7e8f1-2824-11ec-986f-f39926f24a9c,Large scale optimization,,matching_gurobi,python3,en,2,2,1435,515,1950,1,2,2,0,0,0,0,0,0,
2023-11-09T15:41:55.697,fp_a24b4d720c,1,5d822d17-1dd6-11ea-9ce9-00505601122b,Data Structures I,,find_duplicates,python3,en,0,0,501,58,559,0.6,5,3,0,0,0,0,2,0,
2023-11-09T15:42:16.641,fp_a24b4d720c,1,5f021643-865b-11ec-986f-f39926f24a9c,Introduction to Artificial Intelligence,,bellman_robot,python3,en,3,1,1764,576,2340,0,6,0,0,6,0,0,0,0,
2023-11-09T15:42:55.117,fp_a24b4d720c,1,605e4f3e-3a71-11e9-b0fd-00505601122b,Data Structures I,,splay_operation,python3,en,0,0,295,890,1185,0,4,0,0,4,0,0,0,0,
2023-11-09T15:43:27.930,fp_a24b4d720c,1,6c2ecfef-3bea-11ec-986f-f39926f24a9c,Large scale optimization,,vehicle_routing_cut,python3,en,12,9,18047,921,18968,0,1,0,0,0,0,0,0,1,no filename provided
2023-11-09T15:45:26.804,fp_a24b4d720c,1,7ea6d36c-8de0-11ea-befc-00505601122b,Introduction to Artificial Intelligence,,games_multiple_divisor,python3,en,2,2,2086,289,2375,0.31,5,2,0,0,0,0,3,0,
2023-11-09T15:45:39.509,fp_a24b4d720c,1,87f76214-2fc2-11e9-b0fd-00505601122b,Data Structures I,,tree_successor,python3,en,0,0,362,192,554,0,3,0,0,3,0,0,0,0,
2023-11-09T15:45:57.001,fp_a24b4d720c,1,8d594c1f-812a-11e9-b0fd-00505601122b,Data Structures I,,kgrams,python3,en,0,0,304,252,556,0,15,0,0,15,0,0,0,0,
2023-11-09T15:46:24.439,fp_a24b4d720c,1,95e03d17-59bc-11ec-986f-f39926f24a9c,Large scale optimization,,cutting_stock_column_generation,python3,en,12,12,5658,764,6422,0,10,0,0,10,0,0,0,0,
2023-11-09T15:46:47.238,fp_a24b4d720c,1,b34e2c96-7738-11e9-b0fd-00505601122b,Data Structures I,,range_tree,cxx-gcc-linux,en,0,0,492,584,1076,0,12,0,12,0,0,0,0,0,
2023-11-09T15:47:07.203,fp_a24b4d720c,1,d322308d-4a2f-11ec-986f-f39926f24a9c,Large scale optimization,,knapsack_branch_bound,python3,en,2,2,2605,635,3240,0,1,0,0,0,0,0,0,1,Exercise submission error - File 'knapsack_tests.py' is already defined by author of the exercise
2023-11-13T17:22:04.874,fp_a24b4d720c,1,0eb51f5c-ea64-11e8-b0fd-00505601122b,Programming in C++,,(title in AnonLang),cxx-gcc-linux,al,3,3,4339,1246,5585,0,6,0,6,0,0,0,0,0,
2023-11-23T11:09:15.027469,fp_a24b4d720c,1,ef25e6f8-a7b1-11e7-a937-00505601122b,Programming I and II,,(title in AnonLang),cs-dotnet-core,al,0,0,736,582,1318,0.00,4,0,4,0,0,0,0,0,
2023-11-23T11:10:26.092445,fp_a24b4d720c,1,83c38482-89e4-11eb-a1a9-005056ad4f31,Programming I and II,,Fractional arithmetic,cs-dotnet-core,en,0,0,729,1070,1799,0.19,8,2,0,0,6,0,0,0,
2023-11-23T11:10:36.872361,fp_a24b4d720c,1,e7ed6800-531e-11ea-a595-00505601122b,Programming I and II,,Satellite-mapping mountain peaks,cs-dotnet-core,en,0,0,1050,191,1241,0.18,11,2,0,1,8,0,0,0,
2023-11-23T11:10:55.709082,fp_a24b4d720c,1,7ae19573-5ee3-4df6-8e6d-0db00b08df64,Programming I and II,,(title in AnonLang),cs-dotnet-core,al,0,0,1346,330,1676,0.60,5,3,0,0,2,0,0,0,
2023-11-23T11:11:27.183442,fp_a24b4d720c,1,ef7d7fa5-6ebd-11ea-a595-00505601122b,Programming I and II,,Weighted paths,cs-dotnet-core,en,0,0,1396,509,1905,0.00,8,0,8,0,0,0,0,0,
2023-11-23T11:12:08.170417,fp_a24b4d720c,1,06da4636-6ea1-11ea-a595-00505601122b,Programming I and II,,Coffee room,cs-dotnet-core,en,0,0,1326,740,2066,0.00,7,0,0,0,7,0,0,0,
2023-11-23T11:12:37.471199,fp_a24b4d720c,1,539a85ae-9436-11ec-986f-f39926f24a9c,Parallel Programming,,Asynchronous DNS resolver (C# .NET Core Tasks),cs-dotnet-core,en,0,0,1151,534,1685,0.00,4,0,4,0,0,0,0,0,
2023-11-23T11:13:43.763003,fp_a24b4d720c,1,6b3ed45a-b41e-11e7-a937-00505601122b,C# Language and .NET Framework,,SPath,cs-dotnet-core,en,1,0,1423,655,2078,0.0,1,0,0,0,0,0,0,1,no filename provided
2023-11-23T11:13:53.702925,fp_a24b4d720c,1,f77e653f-892b-4fa4-b5d8-c1e56fcaa6a3,C# Language and .NET Framework,,Practical Test: Prolog Unification Algorithm,cs-dotnet-core,en,13,7,3297,179,3476,0.0,1,0,0,0,0,0,0,1,no filename provided
2023-11-23T11:14:50.556675,fp_a24b4d720c,1,673300db-b5bc-11ec-8d84-d310d4f96200,Programming I and II,,(title in AnonLang),cs-dotnet-core,al,5,4,4884,1011,5895,0.00,2,0,2,0,0,0,0,0,
2023-11-23T11:16:07.558028,fp_a24b4d720c,1,858d61ed-a7b1-11e7-a937-00505601122b,C# Language and .NET Framework,,Deque,cs-dotnet-core,en,0,0,1595,1253,2848,0.75,27,25,0,0,0,2,0,0,
2023-11-23T11:17:28.862337,fp_a24b4d720c,1,445d30b1-b422-11e7-a937-00505601122b,C# Language and .NET Framework,,Excel,cs-dotnet-core,en,0,0,1522,1011,2533,0.25,11,4,0,0,7,0,0,0,
2023-11-23T11:18:17.098200,fp_a24b4d720c,1,e4b01416-aba7-11e7-a937-00505601122b,C# Language and .NET Framework,,"HW01 Deque 2.1 OMG, why so complex?",cs-dotnet-core,en,1,0,1856,833,2689,0.00,33,0,33,0,0,0,0,0,
2023-11-23T11:19:48.777557,fp_a24b4d720c,1,f86abb94-aba7-11e7-a937-00505601122b,C# Language and .NET Framework,,"HW01 Deque 2.2 Cool, I love C#",cs-dotnet-core,en,1,0,1859,1778,3637,0.00,33,0,33,0,0,0,0,0,
2023-11-23T11:20:48.562761,fp_a24b4d720c,1,91359813-b38c-11e7-a937-00505601122b,C# Language and .NET Framework,,(title in AnonLang),cs-dotnet-core,al,5,5,2825,919,3744,0.00,23,0,23,0,0,0,0,0,
2023-11-23T11:21:34.855945,fp_a24b4d720c,1,01cab853-b84f-4703-8864-dd013dd4ea1b,C# Language and .NET Framework,,Practical Test: Extended C# Preprocessor,cs-dotnet-core,en,42,42,5778,861,6639,0.00,17,0,17,0,0,0,0,0,
2023-11-23T11:22:47.530681,fp_a24b4d720c,1,99a7cd0b-aba7-11e7-a937-00505601122b,C# Language and .NET Framework,,Bookstore eShop,cs-dotnet-core,en,21,20,10000,1242,11242,0.00,19,0,19,0,0,0,0,0,
